Employee_ID,Age,Department,Role,Monthly_Income,Attrition_Prob,Risk,Engagement,Engagement_Level,Current_Skills_Status,Skill_Gap_Status,Skill_Gap,Recommendation
1,41,Sales,Sales Executive,5993,0.7341884985939593,HIGH,33.47861286320169,LOW,NOT_AVAILABLE_IN_SOURCE_DATA,CANNOT_CALCULATE_WITHOUT_CURRENT_SKILLS,Employee-level current skill data unavailable,Retention Review + Targeted Development Plan
2,49,Research & Development,Research Scientist,5130,0.01089368566749973,LOW,,,NOT_AVAILABLE_IN_SOURCE_DATA,CANNOT_CALCULATE_WITHOUT_CURRENT_SKILLS,Employee-level current skill data unavailable,Continue Development and Monitor Progress
4,37,Research & Development,Laboratory Technician,2090,0.5717902287331142,MEDIUM,,,NOT_AVAILABLE_IN_SOURCE_DATA,CANNOT_CALCULATE_WITHOUT_CURRENT_SKILLS,Employee-level current skill data unavailable,Career Development and Skill Assessment
5,33,Research & Development,Research Scientist,2909,0.12160889105733554,LOW,,,NOT_AVAILABLE_IN_SOURCE_DATA,CANNOT_CALCULATE_WITHOUT_CURRENT_SKILLS,Employee-level current skill data unavailable,Continue Development and Monitor Progress
7,27,Research & Development,Laboratory Technician,3468,0.37557916544895026,LOW,,,NOT_AVAILABLE_IN_SOURCE_DATA,CANNOT_CALCULATE_WITHOUT_CURRENT_SKILLS,Employee-level current skill data unavailable,Continue Development and Monitor Progress
8,32,Research & Development,Laboratory Technician,3068,0.09031979145139,LOW,,,NOT_AVAILABLE_IN_SOURCE_DATA,CANNOT_CALCULATE_WITHOUT_CURRENT_SKILLS,Employee-level current skill data unavailable,Continue Development and Monitor Progress
10,59,Research & Development,Laboratory Technician,2670,0.09372030529089315,LOW,,,NOT_AVAILABLE_IN_SOURCE_DATA,CANNOT_CALCULATE_WITHOUT_CURRENT_SKILLS,Employee-level current skill data unavailable,Continue Development and Monitor Progress
11,30,Research & Development,Laboratory Technician,2693,0.14544093630893654,LOW,,,NOT_AVAILABLE_IN_SOURCE_DATA,CANNOT_CALCULATE_WITHOUT_CURRENT_SKILLS,Employee-level current skill data unavailable,Continue Development and Monitor Progress
12,38,Research & Development,Manufacturing Director,9526,0.061565347487580045,LOW,,,NOT_AVAILABLE_IN_SOURCE_DATA,CANNOT_CALCULATE_WITHOUT_CURRENT_SKILLS,Employee-level current skill data unavailable,Continue Development and Monitor Progress
13,36,Research & Development,Healthcare Representative,5237,0.03873870137047969,LOW,,,NOT_AVAILABLE_IN_SOURCE_DATA,CANNOT_CALCULATE_WITHOUT_CURRENT_SKILLS,Employee-level current skill data unavailable,Continue Development and Monitor Progress
14,35,Research & Development,Laboratory Technician,2426,0.046415312723534816,LOW,,,NOT_AVAILABLE_IN_SOURCE_DATA,CANNOT_CALCULATE_WITHOUT_CURRENT_SKILLS,Employee-level current skill data unavailable,Continue Development and Monitor Progress
15,29,Research & Development,Laboratory Technician,4193,0.21784588249238715,LOW,,,NOT_AVAILABLE_IN_SOURCE_DATA,CANNOT_CALCULATE_WITHOUT_CURRENT_SKILLS,Employee-level current skill data unavailable,Continue Development and Monitor Progress
16,31,Research & Development,Research Scientist,2911,0.18063224316742268,LOW,,,NOT_AVAILABLE_IN_SOURCE_DATA,CANNOT_CALCULATE_WITHOUT_CURRENT_SKILLS,Employee-level current skill data unavailable,Continue Development and Monitor Progress
18,34,Research & Development,Laboratory Technician,2661,0.07482015214116541,LOW,,,NOT_AVAILABLE_IN_SOURCE_DATA,CANNOT_CALCULATE_WITHOUT_CURRENT_SKILLS,Employee-level current skill data unavailable,Continue Development and Monitor Progress
19,28,Research & Development,Laboratory Technician,2028,0.8900961836017932,HIGH,,,NOT_AVAILABLE_IN_SOURCE_DATA,CANNOT_CALCULATE_WITHOUT_CURRENT_SKILLS,Employee-level current skill data unavailable,Retention Review + Targeted Development Plan
20,29,Research & Development,Manufacturing Director,9980,0.05289340292804214,LOW,,,NOT_AVAILABLE_IN_SOURCE_DATA,CANNOT_CALCULATE_WITHOUT_CURRENT_SKILLS,Employee-level current skill data unavailable,Continue Development and Monitor Progress
21,32,Research & Development,Research Scientist,3298,0.05030118997085102,LOW,,,NOT_AVAILABLE_IN_SOURCE_DATA,CANNOT_CALCULATE_WITHOUT_CURRENT_SKILLS,Employee-level current skill data unavailable,Continue Development and Monitor Progress
22,22,Research & Development,Laboratory Technician,2935,0.14274755232417655,LOW,,,NOT_AVAILABLE_IN_SOURCE_DATA,CANNOT_CALCULATE_WITHOUT_CURRENT_SKILLS,Employee-level current skill data unavailable,Continue Development and Monitor Progress
23,53,Sales,Manager,15427,0.006207543212057145,LOW,33.47861286320169,LOW,NOT_AVAILABLE_IN_SOURCE_DATA,CANNOT_CALCULATE_WITHOUT_CURRENT_SKILLS,Employee-level current skill data unavailable,Engagement Improvement + Upskilling Discussion
24,38,Research & Development,Research Scientist,3944,0.13797280297258896,LOW,,,NOT_AVAILABLE_IN_SOURCE_DATA,CANNOT_CALCULATE_WITHOUT_CURRENT_SKILLS,Employee-level current skill data unavailable,Continue Development and Monitor Progress
26,24,Research & Development,Manufacturing Director,4011,0.0038659994221842326,LOW,,,NOT_AVAILABLE_IN_SOURCE_DATA,CANNOT_CALCULATE_WITHOUT_CURRENT_SKILLS,Employee-level current skill data unavailable,Continue Development and Monitor Progress
27,36,Sales,Sales Representative,3407,0.5534913462890845,MEDIUM,33.47861286320169,LOW,NOT_AVAILABLE_IN_SOURCE_DATA,CANNOT_CALCULATE_WITHOUT_CURRENT_SKILLS,Employee-level current skill data unavailable,Engagement Improvement + Upskilling Discussion
28,34,Research & Development,Research Director,11994,0.009260196075723018,LOW,,,NOT_AVAILABLE_IN_SOURCE_DATA,CANNOT_CALCULATE_WITHOUT_CURRENT_SKILLS,Employee-level current skill data unavailable,Continue Development and Monitor Progress
30,21,Research & Development,Research Scientist,1232,0.06234473938399505,LOW,,,NOT_AVAILABLE_IN_SOURCE_DATA,CANNOT_CALCULATE_WITHOUT_CURRENT_SKILLS,Employee-level current skill data unavailable,Continue Development and Monitor Progress
31,34,Research & Development,Research Scientist,2960,0.10989966028535812,LOW,,,NOT_AVAILABLE_IN_SOURCE_DATA,CANNOT_CALCULATE_WITHOUT_CURRENT_SKILLS,Employee-level current skill data unavailable,Continue Development and Monitor Progress
32,53,Research & Development,Manager,19094,0.000702341189041935,LOW,,,NOT_AVAILABLE_IN_SOURCE_DATA,CANNOT_CALCULATE_WITHOUT_CURRENT_SKILLS,Employee-level current skill data unavailable,Continue Development and Monitor Progress
33,32,Research & Development,Research Scientist,3919,0.884374921578637,HIGH,,,NOT_AVAILABLE_IN_SOURCE_DATA,CANNOT_CALCULATE_WITHOUT_CURRENT_SKILLS,Employee-level current skill data unavailable,Retention Review + Targeted Development Plan
35,42,Sales,Sales Executive,6825,0.02927825627225734,LOW,33.47861286320169,LOW,NOT_AVAILABLE_IN_SOURCE_DATA,CANNOT_CALCULATE_WITHOUT_CURRENT_SKILLS,Employee-level current skill data unavailable,Engagement Improvement + Upskilling Discussion
36,44,Research & Development,Healthcare Representative,10248,0.0014868125704070754,LOW,,,NOT_AVAILABLE_IN_SOURCE_DATA,CANNOT_CALCULATE_WITHOUT_CURRENT_SKILLS,Employee-level current skill data unavailable,Continue Development and Monitor Progress
38,46,Sales,Manager,18947,0.13161184738205844,LOW,33.47861286320169,LOW,NOT_AVAILABLE_IN_SOURCE_DATA,CANNOT_CALCULATE_WITHOUT_CURRENT_SKILLS,Employee-level current skill data unavailable,Engagement Improvement + Upskilling Discussion
39,33,Research & Development,Laboratory Technician,2496,0.08425200604628781,LOW,,,NOT_AVAILABLE_IN_SOURCE_DATA,CANNOT_CALCULATE_WITHOUT_CURRENT_SKILLS,Employee-level current skill data unavailable,Continue Development and Monitor Progress
40,44,Research & Development,Healthcare Representative,6465,0.005678929062474554,LOW,,,NOT_AVAILABLE_IN_SOURCE_DATA,CANNOT_CALCULATE_WITHOUT_CURRENT_SKILLS,Employee-level current skill data unavailable,Continue Development and Monitor Progress
41,30,Research & Development,Laboratory Technician,2206,0.11130679270405122,LOW,,,NOT_AVAILABLE_IN_SOURCE_DATA,CANNOT_CALCULATE_WITHOUT_CURRENT_SKILLS,Employee-level current skill data unavailable,Continue Development and Monitor Progress
42,39,Sales,Sales Representative,2086,0.015471580090050183,LOW,33.47861286320169,LOW,NOT_AVAILABLE_IN_SOURCE_DATA,CANNOT_CALCULATE_WITHOUT_CURRENT_SKILLS,Employee-level current skill data unavailable,Engagement Improvement + Upskilling Discussion
45,24,Research & Development,Research Scientist,2293,0.35805726101339885,LOW,,,NOT_AVAILABLE_IN_SOURCE_DATA,CANNOT_CALCULATE_WITHOUT_CURRENT_SKILLS,Employee-level current skill data unavailable,Continue Development and Monitor Progress
46,43,Research & Development,Research Scientist,2645,0.0010283180293050756,LOW,,,NOT_AVAILABLE_IN_SOURCE_DATA,CANNOT_CALCULATE_WITHOUT_CURRENT_SKILLS,Employee-level current skill data unavailable,Continue Development and Monitor Progress
47,50,Sales,Sales Representative,2683,0.6198144184902457,MEDIUM,33.47861286320169,LOW,NOT_AVAILABLE_IN_SOURCE_DATA,CANNOT_CALCULATE_WITHOUT_CURRENT_SKILLS,Employee-level current skill data unavailable,Engagement Improvement + Upskilling Discussion
49,35,Sales,Sales Representative,2014,0.08188901336538244,LOW,33.47861286320169,LOW,NOT_AVAILABLE_IN_SOURCE_DATA,CANNOT_CALCULATE_WITHOUT_CURRENT_SKILLS,Employee-level current skill data unavailable,Engagement Improvement + Upskilling Discussion
51,36,Research & Development,Research Scientist,3419,0.42979844321786315,MEDIUM,,,NOT_AVAILABLE_IN_SOURCE_DATA,CANNOT_CALCULATE_WITHOUT_CURRENT_SKILLS,Employee-level current skill data unavailable,Career Development and Skill Assessment
52,33,Sales,Sales Executive,5376,0.04914463670977274,LOW,33.47861286320169,LOW,NOT_AVAILABLE_IN_SOURCE_DATA,CANNOT_CALCULATE_WITHOUT_CURRENT_SKILLS,Employee-level current skill data unavailable,Engagement Improvement + Upskilling Discussion
53,35,Research & Development,Laboratory Technician,1951,0.024339539896989715,LOW,,,NOT_AVAILABLE_IN_SOURCE_DATA,CANNOT_CALCULATE_WITHOUT_CURRENT_SKILLS,Employee-level current skill data unavailable,Continue Development and Monitor Progress
54,27,Research & Development,Laboratory Technician,2341,0.04008613971837305,LOW,,,NOT_AVAILABLE_IN_SOURCE_DATA,CANNOT_CALCULATE_WITHOUT_CURRENT_SKILLS,Employee-level current skill data unavailable,Continue Development and Monitor Progress
55,26,Research & Development,Laboratory Technician,2293,0.8980921333263401,HIGH,,,NOT_AVAILABLE_IN_SOURCE_DATA,CANNOT_CALCULATE_WITHOUT_CURRENT_SKILLS,Employee-level current skill data unavailable,Retention Review + Targeted Development Plan
56,27,Sales,Sales Executive,8726,0.07566672546505203,LOW,33.47861286320169,LOW,NOT_AVAILABLE_IN_SOURCE_DATA,CANNOT_CALCULATE_WITHOUT_CURRENT_SKILLS,Employee-level current skill data unavailable,Engagement Improvement + Upskilling Discussion
57,30,Research & Development,Laboratory Technician,4011,0.039606454989872926,LOW,,,NOT_AVAILABLE_IN_SOURCE_DATA,CANNOT_CALCULATE_WITHOUT_CURRENT_SKILLS,Employee-level current skill data unavailable,Continue Development and Monitor Progress
58,41,Research & Development,Research Director,19545,0.02096214061790494,LOW,,,NOT_AVAILABLE_IN_SOURCE_DATA,CANNOT_CALCULATE_WITHOUT_CURRENT_SKILLS,Employee-level current skill data unavailable,Continue Development and Monitor Progress
60,34,Sales,Sales Executive,4568,0.1545872534112437,LOW,33.47861286320169,LOW,NOT_AVAILABLE_IN_SOURCE_DATA,CANNOT_CALCULATE_WITHOUT_CURRENT_SKILLS,Employee-level current skill data unavailable,Engagement Improvement + Upskilling Discussion
61,37,Research & Development,Research Scientist,3022,0.20948786433251734,LOW,,,NOT_AVAILABLE_IN_SOURCE_DATA,CANNOT_CALCULATE_WITHOUT_CURRENT_SKILLS,Employee-level current skill data unavailable,Continue Development and Monitor Progress
62,46,Sales,Sales Executive,5772,0.29807282987428907,LOW,33.47861286320169,LOW,NOT_AVAILABLE_IN_SOURCE_DATA,CANNOT_CALCULATE_WITHOUT_CURRENT_SKILLS,Employee-level current skill data unavailable,Engagement Improvement + Upskilling Discussion
63,35,Research & Development,Laboratory Technician,2269,0.021639266684235377,LOW,,,NOT_AVAILABLE_IN_SOURCE_DATA,CANNOT_CALCULATE_WITHOUT_CURRENT_SKILLS,Employee-level current skill data unavailable,Continue Development and Monitor Progress
64,48,Research & Development,Laboratory Technician,5381,0.7564725522980906,HIGH,,,NOT_AVAILABLE_IN_SOURCE_DATA,CANNOT_CALCULATE_WITHOUT_CURRENT_SKILLS,Employee-level current skill data unavailable,Retention Review + Targeted Development Plan
65,28,Research & Development,Laboratory Technician,3441,0.7917449974911478,HIGH,,,NOT_AVAILABLE_IN_SOURCE_DATA,CANNOT_CALCULATE_WITHOUT_CURRENT_SKILLS,Employee-level current skill data unavailable,Retention Review + Targeted Development Plan
68,44,Sales,Sales Executive,5454,0.38783709687082735,LOW,33.47861286320169,LOW,NOT_AVAILABLE_IN_SOURCE_DATA,CANNOT_CALCULATE_WITHOUT_CURRENT_SKILLS,Employee-level current skill data unavailable,Engagement Improvement + Upskilling Discussion
70,35,Research & Development,Healthcare Representative,9884,0.10704973373978231,LOW,,,NOT_AVAILABLE_IN_SOURCE_DATA,CANNOT_CALCULATE_WITHOUT_CURRENT_SKILLS,Employee-level current skill data unavailable,Continue Development and Monitor Progress
72,26,Sales,Sales Executive,4157,0.7928053482371469,HIGH,33.47861286320169,LOW,NOT_AVAILABLE_IN_SOURCE_DATA,CANNOT_CALCULATE_WITHOUT_CURRENT_SKILLS,Employee-level current skill data unavailable,Retention Review + Targeted Development Plan
73,33,Research & Development,Research Director,13458,0.08910539101936425,LOW,,,NOT_AVAILABLE_IN_SOURCE_DATA,CANNOT_CALCULATE_WITHOUT_CURRENT_SKILLS,Employee-level current skill data unavailable,Continue Development and Monitor Progress
74,35,Sales,Sales Executive,9069,0.11240718192085553,LOW,33.47861286320169,LOW,NOT_AVAILABLE_IN_SOURCE_DATA,CANNOT_CALCULATE_WITHOUT_CURRENT_SKILLS,Employee-level current skill data unavailable,Engagement Improvement + Upskilling Discussion
75,35,Research & Development,Laboratory Technician,4014,0.5891053857945409,MEDIUM,,,NOT_AVAILABLE_IN_SOURCE_DATA,CANNOT_CALCULATE_WITHOUT_CURRENT_SKILLS,Employee-level current skill data unavailable,Career Development and Skill Assessment
76,31,Research & Development,Laboratory Technician,5915,0.010526224817113664,LOW,,,NOT_AVAILABLE_IN_SOURCE_DATA,CANNOT_CALCULATE_WITHOUT_CURRENT_SKILLS,Employee-level current skill data unavailable,Continue Development and Monitor Progress
77,37,Research & Development,Manufacturing Director,5993,0.009105502225030336,LOW,,,NOT_AVAILABLE_IN_SOURCE_DATA,CANNOT_CALCULATE_WITHOUT_CURRENT_SKILLS,Employee-level current skill data unavailable,Continue Development and Monitor Progress
78,32,Research & Development,Manufacturing Director,6162,0.07731522651312764,LOW,,,NOT_AVAILABLE_IN_SOURCE_DATA,CANNOT_CALCULATE_WITHOUT_CURRENT_SKILLS,Employee-level current skill data unavailable,Continue Development and Monitor Progress
79,38,Research & Development,Laboratory Technician,2406,0.32628430654935414,LOW,,,NOT_AVAILABLE_IN_SOURCE_DATA,CANNOT_CALCULATE_WITHOUT_CURRENT_SKILLS,Employee-level current skill data unavailable,Continue Development and Monitor Progress
80,50,Research & Development,Research Director,18740,0.14841098706145364,LOW,,,NOT_AVAILABLE_IN_SOURCE_DATA,CANNOT_CALCULATE_WITHOUT_CURRENT_SKILLS,Employee-level current skill data unavailable,Continue Development and Monitor Progress
81,59,Sales,Sales Executive,7637,0.1230227932407247,LOW,33.47861286320169,LOW,NOT_AVAILABLE_IN_SOURCE_DATA,CANNOT_CALCULATE_WITHOUT_CURRENT_SKILLS,Employee-level current skill data unavailable,Engagement Improvement + Upskilling Discussion
83,36,Research & Development,Healthcare Representative,10096,0.006705815514654913,LOW,,,NOT_AVAILABLE_IN_SOURCE_DATA,CANNOT_CALCULATE_WITHOUT_CURRENT_SKILLS,Employee-level current skill data unavailable,Continue Development and Monitor Progress
84,55,Research & Development,Manager,14756,0.005311209207440469,LOW,,,NOT_AVAILABLE_IN_SOURCE_DATA,CANNOT_CALCULATE_WITHOUT_CURRENT_SKILLS,Employee-level current skill data unavailable,Continue Development and Monitor Progress
85,36,Research & Development,Manufacturing Director,6499,0.2001847423222114,LOW,,,NOT_AVAILABLE_IN_SOURCE_DATA,CANNOT_CALCULATE_WITHOUT_CURRENT_SKILLS,Employee-level current skill data unavailable,Continue Development and Monitor Progress
86,45,Research & Development,Research Scientist,9724,0.014273131243502652,LOW,,,NOT_AVAILABLE_IN_SOURCE_DATA,CANNOT_CALCULATE_WITHOUT_CURRENT_SKILLS,Employee-level current skill data unavailable,Continue Development and Monitor Progress
88,35,Research & Development,Research Scientist,2194,0.14975941487944147,LOW,,,NOT_AVAILABLE_IN_SOURCE_DATA,CANNOT_CALCULATE_WITHOUT_CURRENT_SKILLS,Employee-level current skill data unavailable,Continue Development and Monitor Progress
90,36,Research & Development,Research Scientist,3388,0.2777983261479967,LOW,,,NOT_AVAILABLE_IN_SOURCE_DATA,CANNOT_CALCULATE_WITHOUT_CURRENT_SKILLS,Employee-level current skill data unavailable,Continue Development and Monitor Progress
91,59,Sales,Sales Executive,5473,0.19506914607808398,LOW,33.47861286320169,LOW,NOT_AVAILABLE_IN_SOURCE_DATA,CANNOT_CALCULATE_WITHOUT_CURRENT_SKILLS,Employee-level current skill data unavailable,Engagement Improvement + Upskilling Discussion
94,29,Research & Development,Research Scientist,2703,0.006340316505506891,LOW,,,NOT_AVAILABLE_IN_SOURCE_DATA,CANNOT_CALCULATE_WITHOUT_CURRENT_SKILLS,Employee-level current skill data unavailable,Continue Development and Monitor Progress
95,31,Research & Development,Research Scientist,2501,0.0757511181592379,LOW,,,NOT_AVAILABLE_IN_SOURCE_DATA,CANNOT_CALCULATE_WITHOUT_CURRENT_SKILLS,Employee-level current skill data unavailable,Continue Development and Monitor Progress
96,32,Research & Development,Research Scientist,6220,0.007485989124599296,LOW,,,NOT_AVAILABLE_IN_SOURCE_DATA,CANNOT_CALCULATE_WITHOUT_CURRENT_SKILLS,Employee-level current skill data unavailable,Continue Development and Monitor Progress
97,36,Research & Development,Laboratory Technician,3038,0.0648151144081509,LOW,,,NOT_AVAILABLE_IN_SOURCE_DATA,CANNOT_CALCULATE_WITHOUT_CURRENT_SKILLS,Employee-level current skill data unavailable,Continue Development and Monitor Progress
98,31,Research & Development,Manufacturing Director,4424,0.005262551498162039,LOW,,,NOT_AVAILABLE_IN_SOURCE_DATA,CANNOT_CALCULATE_WITHOUT_CURRENT_SKILLS,Employee-level current skill data unavailable,Continue Development and Monitor Progress
100,35,Sales,Sales Executive,4312,0.05407987266055248,LOW,33.47861286320169,LOW,NOT_AVAILABLE_IN_SOURCE_DATA,CANNOT_CALCULATE_WITHOUT_CURRENT_SKILLS,Employee-level current skill data unavailable,Engagement Improvement + Upskilling Discussion
101,45,Research & Development,Research Director,13245,0.02267740909002666,LOW,,,NOT_AVAILABLE_IN_SOURCE_DATA,CANNOT_CALCULATE_WITHOUT_CURRENT_SKILLS,Employee-level current skill data unavailable,Continue Development and Monitor Progress
102,37,Research & Development,Research Director,13664,0.029217874693684916,LOW,,,NOT_AVAILABLE_IN_SOURCE_DATA,CANNOT_CALCULATE_WITHOUT_CURRENT_SKILLS,Employee-level current skill data unavailable,Continue Development and Monitor Progress
103,46,Human Resources,Human Resources,5021,0.2104720554499769,LOW,,,NOT_AVAILABLE_IN_SOURCE_DATA,CANNOT_CALCULATE_WITHOUT_CURRENT_SKILLS,Employee-level current skill data unavailable,Continue Development and Monitor Progress
104,30,Research & Development,Laboratory Technician,5126,0.22683374862127187,LOW,,,NOT_AVAILABLE_IN_SOURCE_DATA,CANNOT_CALCULATE_WITHOUT_CURRENT_SKILLS,Employee-level current skill data unavailable,Continue Development and Monitor Progress
105,35,Research & Development,Research Scientist,2859,0.055460663916075036,LOW,,,NOT_AVAILABLE_IN_SOURCE_DATA,CANNOT_CALCULATE_WITHOUT_CURRENT_SKILLS,Employee-level current skill data unavailable,Continue Development and Monitor Progress
106,55,Sales,Sales Executive,10239,0.006933008943187772,LOW,33.47861286320169,LOW,NOT_AVAILABLE_IN_SOURCE_DATA,CANNOT_CALCULATE_WITHOUT_CURRENT_SKILLS,Employee-level current skill data unavailable,Engagement Improvement + Upskilling Discussion
107,38,Research & Development,Research Scientist,5329,0.0074748975729392155,LOW,,,NOT_AVAILABLE_IN_SOURCE_DATA,CANNOT_CALCULATE_WITHOUT_CURRENT_SKILLS,Employee-level current skill data unavailable,Continue Development and Monitor Progress
110,34,Research & Development,Manufacturing Director,4325,0.04911610325070648,LOW,,,NOT_AVAILABLE_IN_SOURCE_DATA,CANNOT_CALCULATE_WITHOUT_CURRENT_SKILLS,Employee-level current skill data unavailable,Continue Development and Monitor Progress
112,56,Research & Development,Manufacturing Director,7260,0.00998419921228829,LOW,,,NOT_AVAILABLE_IN_SOURCE_DATA,CANNOT_CALCULATE_WITHOUT_CURRENT_SKILLS,Employee-level current skill data unavailable,Continue Development and Monitor Progress
113,23,Sales,Sales Representative,2322,0.4021018623832284,MEDIUM,33.47861286320169,LOW,NOT_AVAILABLE_IN_SOURCE_DATA,CANNOT_CALCULATE_WITHOUT_CURRENT_SKILLS,Employee-level current skill data unavailable,Engagement Improvement + Upskilling Discussion
116,51,Research & Development,Laboratory Technician,2075,0.006553317098302956,LOW,,,NOT_AVAILABLE_IN_SOURCE_DATA,CANNOT_CALCULATE_WITHOUT_CURRENT_SKILLS,Employee-level current skill data unavailable,Continue Development and Monitor Progress
117,30,Research & Development,Healthcare Representative,4152,0.009251736882071525,LOW,,,NOT_AVAILABLE_IN_SOURCE_DATA,CANNOT_CALCULATE_WITHOUT_CURRENT_SKILLS,Employee-level current skill data unavailable,Continue Development and Monitor Progress
118,46,Sales,Sales Executive,9619,0.022403979732749615,LOW,33.47861286320169,LOW,NOT_AVAILABLE_IN_SOURCE_DATA,CANNOT_CALCULATE_WITHOUT_CURRENT_SKILLS,Employee-level current skill data unavailable,Engagement Improvement + Upskilling Discussion
119,40,Research & Development,Healthcare Representative,13503,0.04562645608338068,LOW,,,NOT_AVAILABLE_IN_SOURCE_DATA,CANNOT_CALCULATE_WITHOUT_CURRENT_SKILLS,Employee-level current skill data unavailable,Continue Development and Monitor Progress
120,51,Sales,Sales Executive,5441,0.2993086895765839,LOW,33.47861286320169,LOW,NOT_AVAILABLE_IN_SOURCE_DATA,CANNOT_CALCULATE_WITHOUT_CURRENT_SKILLS,Employee-level current skill data unavailable,Engagement Improvement + Upskilling Discussion
121,30,Sales,Sales Executive,5209,0.07834265110928336,LOW,33.47861286320169,LOW,NOT_AVAILABLE_IN_SOURCE_DATA,CANNOT_CALCULATE_WITHOUT_CURRENT_SKILLS,Employee-level current skill data unavailable,Engagement Improvement + Upskilling Discussion
124,46,Research & Development,Healthcare Representative,10673,0.1600515598947517,LOW,,,NOT_AVAILABLE_IN_SOURCE_DATA,CANNOT_CALCULATE_WITHOUT_CURRENT_SKILLS,Employee-level current skill data unavailable,Continue Development and Monitor Progress
125,32,Sales,Sales Executive,5010,0.1429511913668899,LOW,33.47861286320169,LOW,NOT_AVAILABLE_IN_SOURCE_DATA,CANNOT_CALCULATE_WITHOUT_CURRENT_SKILLS,Employee-level current skill data unavailable,Engagement Improvement + Upskilling Discussion
126,54,Research & Development,Research Director,13549,0.030274581037125093,LOW,,,NOT_AVAILABLE_IN_SOURCE_DATA,CANNOT_CALCULATE_WITHOUT_CURRENT_SKILLS,Employee-level current skill data unavailable,Continue Development and Monitor Progress
128,24,Sales,Sales Executive,4999,0.08030505121594823,LOW,33.47861286320169,LOW,NOT_AVAILABLE_IN_SOURCE_DATA,CANNOT_CALCULATE_WITHOUT_CURRENT_SKILLS,Employee-level current skill data unavailable,Engagement Improvement + Upskilling Discussion
129,28,Sales,Sales Executive,4221,0.014073977452707989,LOW,33.47861286320169,LOW,NOT_AVAILABLE_IN_SOURCE_DATA,CANNOT_CALCULATE_WITHOUT_CURRENT_SKILLS,Employee-level current skill data unavailable,Engagement Improvement + Upskilling Discussion
131,58,Sales,Sales Executive,13872,0.0024615087607076976,LOW,33.47861286320169,LOW,NOT_AVAILABLE_IN_SOURCE_DATA,CANNOT_CALCULATE_WITHOUT_CURRENT_SKILLS,Employee-level current skill data unavailable,Engagement Improvement + Upskilling Discussion
132,44,Research & Development,Laboratory Technician,2042,0.03397052157269239,LOW,,,NOT_AVAILABLE_IN_SOURCE_DATA,CANNOT_CALCULATE_WITHOUT_CURRENT_SKILLS,Employee-level current skill data unavailable,Continue Development and Monitor Progress
133,37,Human Resources,Human Resources,2073,0.4816088139409493,MEDIUM,,,NOT_AVAILABLE_IN_SOURCE_DATA,CANNOT_CALCULATE_WITHOUT_CURRENT_SKILLS,Employee-level current skill data unavailable,Career Development and Skill Assessment
134,32,Research & Development,Research Scientist,2956,0.06551825578814152,LOW,,,NOT_AVAILABLE_IN_SOURCE_DATA,CANNOT_CALCULATE_WITHOUT_CURRENT_SKILLS,Employee-level current skill data unavailable,Continue Development and Monitor Progress
137,20,Research & Development,Laboratory Technician,2926,0.7884523910021116,HIGH,,,NOT_AVAILABLE_IN_SOURCE_DATA,CANNOT_CALCULATE_WITHOUT_CURRENT_SKILLS,Employee-level current skill data unavailable,Retention Review + Targeted Development Plan
138,34,Research & Development,Research Scientist,4809,0.005048395620589823,LOW,,,NOT_AVAILABLE_IN_SOURCE_DATA,CANNOT_CALCULATE_WITHOUT_CURRENT_SKILLS,Employee-level current skill data unavailable,Continue Development and Monitor Progress
139,37,Research & Development,Healthcare Representative,5163,0.002237705825047705,LOW,,,NOT_AVAILABLE_IN_SOURCE_DATA,CANNOT_CALCULATE_WITHOUT_CURRENT_SKILLS,Employee-level current skill data unavailable,Continue Development and Monitor Progress
140,59,Human Resources,Manager,18844,0.004325468302982343,LOW,,,NOT_AVAILABLE_IN_SOURCE_DATA,CANNOT_CALCULATE_WITHOUT_CURRENT_SKILLS,Employee-level current skill data unavailable,Continue Development and Monitor Progress
141,50,Research & Development,Research Director,18172,0.08741464677513303,LOW,,,NOT_AVAILABLE_IN_SOURCE_DATA,CANNOT_CALCULATE_WITHOUT_CURRENT_SKILLS,Employee-level current skill data unavailable,Continue Development and Monitor Progress
142,25,Sales,Sales Executive,5744,0.5477220867521849,MEDIUM,33.47861286320169,LOW,NOT_AVAILABLE_IN_SOURCE_DATA,CANNOT_CALCULATE_WITHOUT_CURRENT_SKILLS,Employee-level current skill data unavailable,Engagement Improvement + Upskilling Discussion
143,25,Research & Development,Research Scientist,2889,0.018369330114544242,LOW,,,NOT_AVAILABLE_IN_SOURCE_DATA,CANNOT_CALCULATE_WITHOUT_CURRENT_SKILLS,Employee-level current skill data unavailable,Continue Development and Monitor Progress
144,22,Research & Development,Laboratory Technician,2871,0.20687177338535132,LOW,,,NOT_AVAILABLE_IN_SOURCE_DATA,CANNOT_CALCULATE_WITHOUT_CURRENT_SKILLS,Employee-level current skill data unavailable,Continue Development and Monitor Progress
145,51,Research & Development,Healthcare Representative,7484,0.18280157870047628,LOW,,,NOT_AVAILABLE_IN_SOURCE_DATA,CANNOT_CALCULATE_WITHOUT_CURRENT_SKILLS,Employee-level current skill data unavailable,Continue Development and Monitor Progress
147,34,Research & Development,Laboratory Technician,6074,0.7579447875230602,HIGH,,,NOT_AVAILABLE_IN_SOURCE_DATA,CANNOT_CALCULATE_WITHOUT_CURRENT_SKILLS,Employee-level current skill data unavailable,Retention Review + Targeted Development Plan
148,54,Human Resources,Manager,17328,0.039841204617658076,LOW,,,NOT_AVAILABLE_IN_SOURCE_DATA,CANNOT_CALCULATE_WITHOUT_CURRENT_SKILLS,Employee-level current skill data unavailable,Continue Development and Monitor Progress
150,24,Research & Development,Laboratory Technician,2774,0.1550503717018113,LOW,,,NOT_AVAILABLE_IN_SOURCE_DATA,CANNOT_CALCULATE_WITHOUT_CURRENT_SKILLS,Employee-level current skill data unavailable,Continue Development and Monitor Progress
151,34,Research & Development,Research Scientist,4505,0.051733475810812016,LOW,,,NOT_AVAILABLE_IN_SOURCE_DATA,CANNOT_CALCULATE_WITHOUT_CURRENT_SKILLS,Employee-level current skill data unavailable,Continue Development and Monitor Progress
152,37,Sales,Sales Executive,7428,0.061648259752635735,LOW,33.47861286320169,LOW,NOT_AVAILABLE_IN_SOURCE_DATA,CANNOT_CALCULATE_WITHOUT_CURRENT_SKILLS,Employee-level current skill data unavailable,Engagement Improvement + Upskilling Discussion
153,34,Research & Development,Manager,11631,0.021496583101547673,LOW,,,NOT_AVAILABLE_IN_SOURCE_DATA,CANNOT_CALCULATE_WITHOUT_CURRENT_SKILLS,Employee-level current skill data unavailable,Continue Development and Monitor Progress
154,36,Sales,Sales Executive,9738,0.02132387286119469,LOW,33.47861286320169,LOW,NOT_AVAILABLE_IN_SOURCE_DATA,CANNOT_CALCULATE_WITHOUT_CURRENT_SKILLS,Employee-level current skill data unavailable,Engagement Improvement + Upskilling Discussion
155,36,Research & Development,Laboratory Technician,2835,0.142864588668616,LOW,,,NOT_AVAILABLE_IN_SOURCE_DATA,CANNOT_CALCULATE_WITHOUT_CURRENT_SKILLS,Employee-level current skill data unavailable,Continue Development and Monitor Progress
158,43,Sales,Manager,16959,0.02263890297429388,LOW,33.47861286320169,LOW,NOT_AVAILABLE_IN_SOURCE_DATA,CANNOT_CALCULATE_WITHOUT_CURRENT_SKILLS,Employee-level current skill data unavailable,Engagement Improvement + Upskilling Discussion
159,30,Research & Development,Research Scientist,2613,0.08048085074266735,LOW,,,NOT_AVAILABLE_IN_SOURCE_DATA,CANNOT_CALCULATE_WITHOUT_CURRENT_SKILLS,Employee-level current skill data unavailable,Continue Development and Monitor Progress
160,33,Sales,Sales Executive,6146,0.015684891106616878,LOW,33.47861286320169,LOW,NOT_AVAILABLE_IN_SOURCE_DATA,CANNOT_CALCULATE_WITHOUT_CURRENT_SKILLS,Employee-level current skill data unavailable,Engagement Improvement + Upskilling Discussion
161,56,Research & Development,Research Scientist,4963,0.2721853445687211,LOW,,,NOT_AVAILABLE_IN_SOURCE_DATA,CANNOT_CALCULATE_WITHOUT_CURRENT_SKILLS,Employee-level current skill data unavailable,Continue Development and Monitor Progress
162,51,Research & Development,Research Director,19537,0.016787488578007888,LOW,,,NOT_AVAILABLE_IN_SOURCE_DATA,CANNOT_CALCULATE_WITHOUT_CURRENT_SKILLS,Employee-level current skill data unavailable,Continue Development and Monitor Progress
163,31,Sales,Sales Executive,6172,0.7659936460342627,HIGH,33.47861286320169,LOW,NOT_AVAILABLE_IN_SOURCE_DATA,CANNOT_CALCULATE_WITHOUT_CURRENT_SKILLS,Employee-level current skill data unavailable,Retention Review + Targeted Development Plan
164,26,Research & Development,Research Scientist,2368,0.050858029532999345,LOW,,,NOT_AVAILABLE_IN_SOURCE_DATA,CANNOT_CALCULATE_WITHOUT_CURRENT_SKILLS,Employee-level current skill data unavailable,Continue Development and Monitor Progress
165,58,Research & Development,Healthcare Representative,10312,0.002299678643425221,LOW,,,NOT_AVAILABLE_IN_SOURCE_DATA,CANNOT_CALCULATE_WITHOUT_CURRENT_SKILLS,Employee-level current skill data unavailable,Continue Development and Monitor Progress
167,19,Sales,Sales Representative,1675,0.9061322573208165,HIGH,33.47861286320169,LOW,NOT_AVAILABLE_IN_SOURCE_DATA,CANNOT_CALCULATE_WITHOUT_CURRENT_SKILLS,Employee-level current skill data unavailable,Retention Review + Targeted Development Plan
169,22,Research & Development,Laboratory Technician,2523,0.10892755023943788,LOW,,,NOT_AVAILABLE_IN_SOURCE_DATA,CANNOT_CALCULATE_WITHOUT_CURRENT_SKILLS,Employee-level current skill data unavailable,Continue Development and Monitor Progress
170,49,Research & Development,Manufacturing Director,6567,0.008756208640778628,LOW,,,NOT_AVAILABLE_IN_SOURCE_DATA,CANNOT_CALCULATE_WITHOUT_CURRENT_SKILLS,Employee-level current skill data unavailable,Continue Development and Monitor Progress
171,43,Research & Development,Research Scientist,4739,0.06316687680655879,LOW,,,NOT_AVAILABLE_IN_SOURCE_DATA,CANNOT_CALCULATE_WITHOUT_CURRENT_SKILLS,Employee-level current skill data unavailable,Continue Development and Monitor Progress
174,50,Sales,Sales Executive,9208,0.0868037314935905,LOW,33.47861286320169,LOW,NOT_AVAILABLE_IN_SOURCE_DATA,CANNOT_CALCULATE_WITHOUT_CURRENT_SKILLS,Employee-level current skill data unavailable,Engagement Improvement + Upskilling Discussion
175,31,Sales,Sales Executive,4559,0.7751178976112043,HIGH,33.47861286320169,LOW,NOT_AVAILABLE_IN_SOURCE_DATA,CANNOT_CALCULATE_WITHOUT_CURRENT_SKILLS,Employee-level current skill data unavailable,Retention Review + Targeted Development Plan
176,41,Sales,Sales Executive,8189,0.06290939471471658,LOW,33.47861286320169,LOW,NOT_AVAILABLE_IN_SOURCE_DATA,CANNOT_CALCULATE_WITHOUT_CURRENT_SKILLS,Employee-level current skill data unavailable,Engagement Improvement + Upskilling Discussion
177,26,Human Resources,Human Resources,2942,0.03524838057209999,LOW,,,NOT_AVAILABLE_IN_SOURCE_DATA,CANNOT_CALCULATE_WITHOUT_CURRENT_SKILLS,Employee-level current skill data unavailable,Continue Development and Monitor Progress
178,36,Research & Development,Manufacturing Director,4941,0.03522014582426507,LOW,,,NOT_AVAILABLE_IN_SOURCE_DATA,CANNOT_CALCULATE_WITHOUT_CURRENT_SKILLS,Employee-level current skill data unavailable,Continue Development and Monitor Progress
179,51,Research & Development,Manufacturing Director,10650,0.08024229664247842,LOW,,,NOT_AVAILABLE_IN_SOURCE_DATA,CANNOT_CALCULATE_WITHOUT_CURRENT_SKILLS,Employee-level current skill data unavailable,Continue Development and Monitor Progress
182,39,Sales,Sales Executive,5902,0.006900461864026557,LOW,33.47861286320169,LOW,NOT_AVAILABLE_IN_SOURCE_DATA,CANNOT_CALCULATE_WITHOUT_CURRENT_SKILLS,Employee-level current skill data unavailable,Engagement Improvement + Upskilling Discussion
183,25,Sales,Sales Executive,8639,0.4050217246237276,MEDIUM,33.47861286320169,LOW,NOT_AVAILABLE_IN_SOURCE_DATA,CANNOT_CALCULATE_WITHOUT_CURRENT_SKILLS,Employee-level current skill data unavailable,Engagement Improvement + Upskilling Discussion
184,30,Human Resources,Human Resources,6347,0.2622969513060867,LOW,,,NOT_AVAILABLE_IN_SOURCE_DATA,CANNOT_CALCULATE_WITHOUT_CURRENT_SKILLS,Employee-level current skill data unavailable,Continue Development and Monitor Progress
190,32,Research & Development,Laboratory Technician,4200,0.4314689715134961,MEDIUM,,,NOT_AVAILABLE_IN_SOURCE_DATA,CANNOT_CALCULATE_WITHOUT_CURRENT_SKILLS,Employee-level current skill data unavailable,Career Development and Skill Assessment
192,45,Research & Development,Research Scientist,3452,0.08569498777357436,LOW,,,NOT_AVAILABLE_IN_SOURCE_DATA,CANNOT_CALCULATE_WITHOUT_CURRENT_SKILLS,Employee-level current skill data unavailable,Continue Development and Monitor Progress
193,38,Research & Development,Research Scientist,4317,0.13770198601929637,LOW,,,NOT_AVAILABLE_IN_SOURCE_DATA,CANNOT_CALCULATE_WITHOUT_CURRENT_SKILLS,Employee-level current skill data unavailable,Continue Development and Monitor Progress
194,30,Research & Development,Research Scientist,2632,0.10511423507994176,LOW,,,NOT_AVAILABLE_IN_SOURCE_DATA,CANNOT_CALCULATE_WITHOUT_CURRENT_SKILLS,Employee-level current skill data unavailable,Continue Development and Monitor Progress
195,32,Sales,Sales Executive,4668,0.005813196703279284,LOW,33.47861286320169,LOW,NOT_AVAILABLE_IN_SOURCE_DATA,CANNOT_CALCULATE_WITHOUT_CURRENT_SKILLS,Employee-level current skill data unavailable,Engagement Improvement + Upskilling Discussion
197,30,Research & Development,Research Scientist,3204,0.038499975218878706,LOW,,,NOT_AVAILABLE_IN_SOURCE_DATA,CANNOT_CALCULATE_WITHOUT_CURRENT_SKILLS,Employee-level current skill data unavailable,Continue Development and Monitor Progress
198,30,Research & Development,Laboratory Technician,2720,0.10254216592266015,LOW,,,NOT_AVAILABLE_IN_SOURCE_DATA,CANNOT_CALCULATE_WITHOUT_CURRENT_SKILLS,Employee-level current skill data unavailable,Continue Development and Monitor Progress
199,41,Research & Development,Manager,17181,0.13796123987083952,LOW,,,NOT_AVAILABLE_IN_SOURCE_DATA,CANNOT_CALCULATE_WITHOUT_CURRENT_SKILLS,Employee-level current skill data unavailable,Continue Development and Monitor Progress
200,41,Research & Development,Laboratory Technician,2238,0.07179692752901543,LOW,,,NOT_AVAILABLE_IN_SOURCE_DATA,CANNOT_CALCULATE_WITHOUT_CURRENT_SKILLS,Employee-level current skill data unavailable,Continue Development and Monitor Progress
201,19,Research & Development,Laboratory Technician,1483,0.2871775480981136,LOW,,,NOT_AVAILABLE_IN_SOURCE_DATA,CANNOT_CALCULATE_WITHOUT_CURRENT_SKILLS,Employee-level current skill data unavailable,Continue Development and Monitor Progress
202,40,Research & Development,Research Scientist,5605,0.024986874507837775,LOW,,,NOT_AVAILABLE_IN_SOURCE_DATA,CANNOT_CALCULATE_WITHOUT_CURRENT_SKILLS,Employee-level current skill data unavailable,Continue Development and Monitor Progress
204,35,Sales,Sales Executive,7295,0.016836050268038687,LOW,33.47861286320169,LOW,NOT_AVAILABLE_IN_SOURCE_DATA,CANNOT_CALCULATE_WITHOUT_CURRENT_SKILLS,Employee-level current skill data unavailable,Engagement Improvement + Upskilling Discussion
205,53,Sales,Sales Representative,2306,0.31082879739634817,LOW,33.47861286320169,LOW,NOT_AVAILABLE_IN_SOURCE_DATA,CANNOT_CALCULATE_WITHOUT_CURRENT_SKILLS,Employee-level current skill data unavailable,Engagement Improvement + Upskilling Discussion
206,45,Research & Development,Laboratory Technician,2348,0.0422787207518599,LOW,,,NOT_AVAILABLE_IN_SOURCE_DATA,CANNOT_CALCULATE_WITHOUT_CURRENT_SKILLS,Employee-level current skill data unavailable,Continue Development and Monitor Progress
207,32,Sales,Sales Executive,8998,0.09817618866096797,LOW,33.47861286320169,LOW,NOT_AVAILABLE_IN_SOURCE_DATA,CANNOT_CALCULATE_WITHOUT_CURRENT_SKILLS,Employee-level current skill data unavailable,Engagement Improvement + Upskilling Discussion
208,29,Research & Development,Manufacturing Director,4319,0.0029559386666504774,LOW,,,NOT_AVAILABLE_IN_SOURCE_DATA,CANNOT_CALCULATE_WITHOUT_CURRENT_SKILLS,Employee-level current skill data unavailable,Continue Development and Monitor Progress
211,51,Research & Development,Manufacturing Director,6132,0.023732595481275025,LOW,,,NOT_AVAILABLE_IN_SOURCE_DATA,CANNOT_CALCULATE_WITHOUT_CURRENT_SKILLS,Employee-level current skill data unavailable,Continue Development and Monitor Progress
214,58,Research & Development,Research Scientist,3346,0.1900403433607625,LOW,,,NOT_AVAILABLE_IN_SOURCE_DATA,CANNOT_CALCULATE_WITHOUT_CURRENT_SKILLS,Employee-level current skill data unavailable,Continue Development and Monitor Progress
215,40,Sales,Sales Executive,10855,0.03901182101065603,LOW,33.47861286320169,LOW,NOT_AVAILABLE_IN_SOURCE_DATA,CANNOT_CALCULATE_WITHOUT_CURRENT_SKILLS,Employee-level current skill data unavailable,Engagement Improvement + Upskilling Discussion
216,34,Sales,Sales Representative,2231,0.18889463135228907,LOW,33.47861286320169,LOW,NOT_AVAILABLE_IN_SOURCE_DATA,CANNOT_CALCULATE_WITHOUT_CURRENT_SKILLS,Employee-level current skill data unavailable,Engagement Improvement + Upskilling Discussion
217,22,Research & Development,Research Scientist,2323,0.02348846396068558,LOW,,,NOT_AVAILABLE_IN_SOURCE_DATA,CANNOT_CALCULATE_WITHOUT_CURRENT_SKILLS,Employee-level current skill data unavailable,Continue Development and Monitor Progress
218,27,Research & Development,Research Scientist,2024,0.038026678741411135,LOW,,,NOT_AVAILABLE_IN_SOURCE_DATA,CANNOT_CALCULATE_WITHOUT_CURRENT_SKILLS,Employee-level current skill data unavailable,Continue Development and Monitor Progress
221,28,Research & Development,Research Scientist,2713,0.04996766862568585,LOW,,,NOT_AVAILABLE_IN_SOURCE_DATA,CANNOT_CALCULATE_WITHOUT_CURRENT_SKILLS,Employee-level current skill data unavailable,Continue Development and Monitor Progress
223,57,Research & Development,Healthcare Representative,9439,0.050756788961695325,LOW,,,NOT_AVAILABLE_IN_SOURCE_DATA,CANNOT_CALCULATE_WITHOUT_CURRENT_SKILLS,Employee-level current skill data unavailable,Continue Development and Monitor Progress
224,27,Research & Development,Research Scientist,2566,0.08248974872530054,LOW,,,NOT_AVAILABLE_IN_SOURCE_DATA,CANNOT_CALCULATE_WITHOUT_CURRENT_SKILLS,Employee-level current skill data unavailable,Continue Development and Monitor Progress
226,50,Research & Development,Manager,19926,0.023545852759289873,LOW,,,NOT_AVAILABLE_IN_SOURCE_DATA,CANNOT_CALCULATE_WITHOUT_CURRENT_SKILLS,Employee-level current skill data unavailable,Continue Development and Monitor Progress
227,41,Research & Development,Research Scientist,2451,0.023765090739283738,LOW,,,NOT_AVAILABLE_IN_SOURCE_DATA,CANNOT_CALCULATE_WITHOUT_CURRENT_SKILLS,Employee-level current skill data unavailable,Continue Development and Monitor Progress
228,30,Sales,Sales Executive,9419,0.03778045813953419,LOW,33.47861286320169,LOW,NOT_AVAILABLE_IN_SOURCE_DATA,CANNOT_CALCULATE_WITHOUT_CURRENT_SKILLS,Employee-level current skill data unavailable,Engagement Improvement + Upskilling Discussion
230,38,Sales,Sales Executive,8686,0.04078821838931732,LOW,33.47861286320169,LOW,NOT_AVAILABLE_IN_SOURCE_DATA,CANNOT_CALCULATE_WITHOUT_CURRENT_SKILLS,Employee-level current skill data unavailable,Engagement Improvement + Upskilling Discussion
231,32,Research & Development,Research Scientist,3038,0.061943792519451535,LOW,,,NOT_AVAILABLE_IN_SOURCE_DATA,CANNOT_CALCULATE_WITHOUT_CURRENT_SKILLS,Employee-level current skill data unavailable,Continue Development and Monitor Progress
233,27,Research & Development,Research Scientist,3058,0.33330579923789827,LOW,,,NOT_AVAILABLE_IN_SOURCE_DATA,CANNOT_CALCULATE_WITHOUT_CURRENT_SKILLS,Employee-level current skill data unavailable,Continue Development and Monitor Progress
235,19,Sales,Sales Representative,2325,0.8537512280839975,HIGH,33.47861286320169,LOW,NOT_AVAILABLE_IN_SOURCE_DATA,CANNOT_CALCULATE_WITHOUT_CURRENT_SKILLS,Employee-level current skill data unavailable,Retention Review + Targeted Development Plan
238,36,Research & Development,Laboratory Technician,2088,0.40231596311856516,MEDIUM,,,NOT_AVAILABLE_IN_SOURCE_DATA,CANNOT_CALCULATE_WITHOUT_CURRENT_SKILLS,Employee-level current skill data unavailable,Career Development and Skill Assessment
239,30,Research & Development,Laboratory Technician,3072,0.012989582609867037,LOW,,,NOT_AVAILABLE_IN_SOURCE_DATA,CANNOT_CALCULATE_WITHOUT_CURRENT_SKILLS,Employee-level current skill data unavailable,Continue Development and Monitor Progress
240,45,Sales,Sales Executive,5006,0.15211137687880275,LOW,33.47861286320169,LOW,NOT_AVAILABLE_IN_SOURCE_DATA,CANNOT_CALCULATE_WITHOUT_CURRENT_SKILLS,Employee-level current skill data unavailable,Engagement Improvement + Upskilling Discussion
241,56,Research & Development,Research Scientist,4257,0.03724877230253628,LOW,,,NOT_AVAILABLE_IN_SOURCE_DATA,CANNOT_CALCULATE_WITHOUT_CURRENT_SKILLS,Employee-level current skill data unavailable,Continue Development and Monitor Progress
242,33,Research & Development,Research Scientist,2500,0.02601356906874032,LOW,,,NOT_AVAILABLE_IN_SOURCE_DATA,CANNOT_CALCULATE_WITHOUT_CURRENT_SKILLS,Employee-level current skill data unavailable,Continue Development and Monitor Progress
243,19,Research & Development,Laboratory Technician,1102,0.5111473776707168,MEDIUM,,,NOT_AVAILABLE_IN_SOURCE_DATA,CANNOT_CALCULATE_WITHOUT_CURRENT_SKILLS,Employee-level current skill data unavailable,Career Development and Skill Assessment
244,46,Sales,Sales Executive,10453,0.023080004627215857,LOW,33.47861286320169,LOW,NOT_AVAILABLE_IN_SOURCE_DATA,CANNOT_CALCULATE_WITHOUT_CURRENT_SKILLS,Employee-level current skill data unavailable,Engagement Improvement + Upskilling Discussion
245,38,Research & Development,Laboratory Technician,2288,0.10167952185781465,LOW,,,NOT_AVAILABLE_IN_SOURCE_DATA,CANNOT_CALCULATE_WITHOUT_CURRENT_SKILLS,Employee-level current skill data unavailable,Continue Development and Monitor Progress
246,31,Research & Development,Research Scientist,3929,0.1675789569395016,LOW,,,NOT_AVAILABLE_IN_SOURCE_DATA,CANNOT_CALCULATE_WITHOUT_CURRENT_SKILLS,Employee-level current skill data unavailable,Continue Development and Monitor Progress
247,34,Research & Development,Research Scientist,2311,0.04297118563187317,LOW,,,NOT_AVAILABLE_IN_SOURCE_DATA,CANNOT_CALCULATE_WITHOUT_CURRENT_SKILLS,Employee-level current skill data unavailable,Continue Development and Monitor Progress
248,41,Sales,Sales Representative,3140,0.7145945491214986,HIGH,33.47861286320169,LOW,NOT_AVAILABLE_IN_SOURCE_DATA,CANNOT_CALCULATE_WITHOUT_CURRENT_SKILLS,Employee-level current skill data unavailable,Retention Review + Targeted Development Plan
249,50,Research & Development,Laboratory Technician,3690,0.03230437191536602,LOW,,,NOT_AVAILABLE_IN_SOURCE_DATA,CANNOT_CALCULATE_WITHOUT_CURRENT_SKILLS,Employee-level current skill data unavailable,Continue Development and Monitor Progress
250,53,Research & Development,Manufacturing Director,4450,0.0028211030891605233,LOW,,,NOT_AVAILABLE_IN_SOURCE_DATA,CANNOT_CALCULATE_WITHOUT_CURRENT_SKILLS,Employee-level current skill data unavailable,Continue Development and Monitor Progress
252,33,Research & Development,Research Scientist,2756,0.0026317875108296815,LOW,,,NOT_AVAILABLE_IN_SOURCE_DATA,CANNOT_CALCULATE_WITHOUT_CURRENT_SKILLS,Employee-level current skill data unavailable,Continue Development and Monitor Progress
253,40,Research & Development,Manager,19033,0.0051121532283761595,LOW,,,NOT_AVAILABLE_IN_SOURCE_DATA,CANNOT_CALCULATE_WITHOUT_CURRENT_SKILLS,Employee-level current skill data unavailable,Continue Development and Monitor Progress
254,55,Research & Development,Research Director,18722,0.0005154980956125099,LOW,,,NOT_AVAILABLE_IN_SOURCE_DATA,CANNOT_CALCULATE_WITHOUT_CURRENT_SKILLS,Employee-level current skill data unavailable,Continue Development and Monitor Progress
256,34,Research & Development,Manufacturing Director,9547,0.012732110280770322,LOW,,,NOT_AVAILABLE_IN_SOURCE_DATA,CANNOT_CALCULATE_WITHOUT_CURRENT_SKILLS,Employee-level current skill data unavailable,Continue Development and Monitor Progress
258,51,Research & Development,Healthcare Representative,13734,0.0020291525224172117,LOW,,,NOT_AVAILABLE_IN_SOURCE_DATA,CANNOT_CALCULATE_WITHOUT_CURRENT_SKILLS,Employee-level current skill data unavailable,Continue Development and Monitor Progress
259,52,Research & Development,Manager,19999,0.0022965914790049704,LOW,,,NOT_AVAILABLE_IN_SOURCE_DATA,CANNOT_CALCULATE_WITHOUT_CURRENT_SKILLS,Employee-level current skill data unavailable,Continue Development and Monitor Progress
260,27,Research & Development,Research Scientist,2279,0.0205607679506864,LOW,,,NOT_AVAILABLE_IN_SOURCE_DATA,CANNOT_CALCULATE_WITHOUT_CURRENT_SKILLS,Employee-level current skill data unavailable,Continue Development and Monitor Progress
261,35,Research & Development,Manufacturing Director,5916,0.684137577737372,MEDIUM,,,NOT_AVAILABLE_IN_SOURCE_DATA,CANNOT_CALCULATE_WITHOUT_CURRENT_SKILLS,Employee-level current skill data unavailable,Career Development and Skill Assessment
262,43,Research & Development,Research Scientist,2089,0.0003226432961401916,LOW,,,NOT_AVAILABLE_IN_SOURCE_DATA,CANNOT_CALCULATE_WITHOUT_CURRENT_SKILLS,Employee-level current skill data unavailable,Continue Development and Monitor Progress
264,45,Research & Development,Manager,16792,0.02820488267909766,LOW,,,NOT_AVAILABLE_IN_SOURCE_DATA,CANNOT_CALCULATE_WITHOUT_CURRENT_SKILLS,Employee-level current skill data unavailable,Continue Development and Monitor Progress
267,37,Research & Development,Research Scientist,3564,0.21191816789735,LOW,,,NOT_AVAILABLE_IN_SOURCE_DATA,CANNOT_CALCULATE_WITHOUT_CURRENT_SKILLS,Employee-level current skill data unavailable,Continue Development and Monitor Progress
269,35,Research & Development,Laboratory Technician,4425,0.29868749334814637,LOW,,,NOT_AVAILABLE_IN_SOURCE_DATA,CANNOT_CALCULATE_WITHOUT_CURRENT_SKILLS,Employee-level current skill data unavailable,Continue Development and Monitor Progress
270,42,Research & Development,Manufacturing Director,5265,0.0027765059404730435,LOW,,,NOT_AVAILABLE_IN_SOURCE_DATA,CANNOT_CALCULATE_WITHOUT_CURRENT_SKILLS,Employee-level current skill data unavailable,Continue Development and Monitor Progress
271,38,Research & Development,Manufacturing Director,6553,0.03410501895585795,LOW,,,NOT_AVAILABLE_IN_SOURCE_DATA,CANNOT_CALCULATE_WITHOUT_CURRENT_SKILLS,Employee-level current skill data unavailable,Continue Development and Monitor Progress
273,38,Research & Development,Manufacturing Director,6261,0.039130027493130784,LOW,,,NOT_AVAILABLE_IN_SOURCE_DATA,CANNOT_CALCULATE_WITHOUT_CURRENT_SKILLS,Employee-level current skill data unavailable,Continue Development and Monitor Progress
274,27,Research & Development,Manufacturing Director,4298,0.45666643393948436,MEDIUM,,,NOT_AVAILABLE_IN_SOURCE_DATA,CANNOT_CALCULATE_WITHOUT_CURRENT_SKILLS,Employee-level current skill data unavailable,Career Development and Skill Assessment
275,49,Research & Development,Manufacturing Director,6804,0.007881374828628676,LOW,,,NOT_AVAILABLE_IN_SOURCE_DATA,CANNOT_CALCULATE_WITHOUT_CURRENT_SKILLS,Employee-level current skill data unavailable,Continue Development and Monitor Progress
277,34,Research & Development,Research Scientist,3815,0.0676672576251213,LOW,,,NOT_AVAILABLE_IN_SOURCE_DATA,CANNOT_CALCULATE_WITHOUT_CURRENT_SKILLS,Employee-level current skill data unavailable,Continue Development and Monitor Progress
281,40,Research & Development,Laboratory Technician,2741,0.2846545081487643,LOW,,,NOT_AVAILABLE_IN_SOURCE_DATA,CANNOT_CALCULATE_WITHOUT_CURRENT_SKILLS,Employee-level current skill data unavailable,Continue Development and Monitor Progress
282,38,Research & Development,Healthcare Representative,6673,0.5901398579968099,MEDIUM,,,NOT_AVAILABLE_IN_SOURCE_DATA,CANNOT_CALCULATE_WITHOUT_CURRENT_SKILLS,Employee-level current skill data unavailable,Career Development and Skill Assessment
283,29,Sales,Sales Executive,7639,0.02093109173390488,LOW,33.47861286320169,LOW,NOT_AVAILABLE_IN_SOURCE_DATA,CANNOT_CALCULATE_WITHOUT_CURRENT_SKILLS,Employee-level current skill data unavailable,Engagement Improvement + Upskilling Discussion
284,22,Research & Development,Research Scientist,2328,0.2241671213677684,LOW,,,NOT_AVAILABLE_IN_SOURCE_DATA,CANNOT_CALCULATE_WITHOUT_CURRENT_SKILLS,Employee-level current skill data unavailable,Continue Development and Monitor Progress
286,36,Research & Development,Laboratory Technician,2153,0.3032404519577953,LOW,,,NOT_AVAILABLE_IN_SOURCE_DATA,CANNOT_CALCULATE_WITHOUT_CURRENT_SKILLS,Employee-level current skill data unavailable,Continue Development and Monitor Progress
287,40,Research & Development,Healthcare Representative,4876,0.014034982147171348,LOW,,,NOT_AVAILABLE_IN_SOURCE_DATA,CANNOT_CALCULATE_WITHOUT_CURRENT_SKILLS,Employee-level current skill data unavailable,Continue Development and Monitor Progress
288,46,Research & Development,Healthcare Representative,9396,0.005792691557602877,LOW,,,NOT_AVAILABLE_IN_SOURCE_DATA,CANNOT_CALCULATE_WITHOUT_CURRENT_SKILLS,Employee-level current skill data unavailable,Continue Development and Monitor Progress
291,32,Sales,Sales Executive,10400,0.07205100604523923,LOW,33.47861286320169,LOW,NOT_AVAILABLE_IN_SOURCE_DATA,CANNOT_CALCULATE_WITHOUT_CURRENT_SKILLS,Employee-level current skill data unavailable,Engagement Improvement + Upskilling Discussion
292,30,Research & Development,Manufacturing Director,8474,0.0127357882053934,LOW,,,NOT_AVAILABLE_IN_SOURCE_DATA,CANNOT_CALCULATE_WITHOUT_CURRENT_SKILLS,Employee-level current skill data unavailable,Continue Development and Monitor Progress
293,27,Sales,Sales Executive,9981,0.059900367604369086,LOW,33.47861286320169,LOW,NOT_AVAILABLE_IN_SOURCE_DATA,CANNOT_CALCULATE_WITHOUT_CURRENT_SKILLS,Employee-level current skill data unavailable,Engagement Improvement + Upskilling Discussion
296,51,Research & Development,Research Director,12490,0.007311289889881254,LOW,,,NOT_AVAILABLE_IN_SOURCE_DATA,CANNOT_CALCULATE_WITHOUT_CURRENT_SKILLS,Employee-level current skill data unavailable,Continue Development and Monitor Progress
297,30,Research & Development,Research Scientist,2657,0.3069634523122971,LOW,,,NOT_AVAILABLE_IN_SOURCE_DATA,CANNOT_CALCULATE_WITHOUT_CURRENT_SKILLS,Employee-level current skill data unavailable,Continue Development and Monitor Progress
298,41,Sales,Manager,13591,0.09856614748564647,LOW,33.47861286320169,LOW,NOT_AVAILABLE_IN_SOURCE_DATA,CANNOT_CALCULATE_WITHOUT_CURRENT_SKILLS,Employee-level current skill data unavailable,Engagement Improvement + Upskilling Discussion
299,30,Sales,Sales Executive,6696,0.7965323653312408,HIGH,33.47861286320169,LOW,NOT_AVAILABLE_IN_SOURCE_DATA,CANNOT_CALCULATE_WITHOUT_CURRENT_SKILLS,Employee-level current skill data unavailable,Retention Review + Targeted Development Plan
300,29,Research & Development,Research Scientist,2058,0.056590902778434544,LOW,,,NOT_AVAILABLE_IN_SOURCE_DATA,CANNOT_CALCULATE_WITHOUT_CURRENT_SKILLS,Employee-level current skill data unavailable,Continue Development and Monitor Progress
302,45,Sales,Sales Executive,8865,0.025788444564590184,LOW,33.47861286320169,LOW,NOT_AVAILABLE_IN_SOURCE_DATA,CANNOT_CALCULATE_WITHOUT_CURRENT_SKILLS,Employee-level current skill data unavailable,Engagement Improvement + Upskilling Discussion
303,54,Sales,Sales Executive,5940,0.003835071005764178,LOW,33.47861286320169,LOW,NOT_AVAILABLE_IN_SOURCE_DATA,CANNOT_CALCULATE_WITHOUT_CURRENT_SKILLS,Employee-level current skill data unavailable,Engagement Improvement + Upskilling Discussion
304,36,Research & Development,Laboratory Technician,5914,0.04589293973517937,LOW,,,NOT_AVAILABLE_IN_SOURCE_DATA,CANNOT_CALCULATE_WITHOUT_CURRENT_SKILLS,Employee-level current skill data unavailable,Continue Development and Monitor Progress
305,33,Research & Development,Research Scientist,2622,0.046637202504893636,LOW,,,NOT_AVAILABLE_IN_SOURCE_DATA,CANNOT_CALCULATE_WITHOUT_CURRENT_SKILLS,Employee-level current skill data unavailable,Continue Development and Monitor Progress
306,37,Research & Development,Research Director,12185,0.009823501434971103,LOW,,,NOT_AVAILABLE_IN_SOURCE_DATA,CANNOT_CALCULATE_WITHOUT_CURRENT_SKILLS,Employee-level current skill data unavailable,Continue Development and Monitor Progress
307,38,Sales,Sales Executive,10609,0.005572455083678762,LOW,33.47861286320169,LOW,NOT_AVAILABLE_IN_SOURCE_DATA,CANNOT_CALCULATE_WITHOUT_CURRENT_SKILLS,Employee-level current skill data unavailable,Engagement Improvement + Upskilling Discussion
308,31,Research & Development,Manufacturing Director,4345,0.006080044783399604,LOW,,,NOT_AVAILABLE_IN_SOURCE_DATA,CANNOT_CALCULATE_WITHOUT_CURRENT_SKILLS,Employee-level current skill data unavailable,Continue Development and Monitor Progress
309,59,Research & Development,Research Scientist,2177,0.007903361885785422,LOW,,,NOT_AVAILABLE_IN_SOURCE_DATA,CANNOT_CALCULATE_WITHOUT_CURRENT_SKILLS,Employee-level current skill data unavailable,Continue Development and Monitor Progress
311,37,Sales,Sales Representative,2793,0.1764403867463471,LOW,33.47861286320169,LOW,NOT_AVAILABLE_IN_SOURCE_DATA,CANNOT_CALCULATE_WITHOUT_CURRENT_SKILLS,Employee-level current skill data unavailable,Engagement Improvement + Upskilling Discussion
312,29,Sales,Sales Executive,7918,0.021978061303308136,LOW,33.47861286320169,LOW,NOT_AVAILABLE_IN_SOURCE_DATA,CANNOT_CALCULATE_WITHOUT_CURRENT_SKILLS,Employee-level current skill data unavailable,Engagement Improvement + Upskilling Discussion
314,35,Sales,Sales Executive,8789,0.045055021119458846,LOW,33.47861286320169,LOW,NOT_AVAILABLE_IN_SOURCE_DATA,CANNOT_CALCULATE_WITHOUT_CURRENT_SKILLS,Employee-level current skill data unavailable,Engagement Improvement + Upskilling Discussion
315,29,Research & Development,Research Scientist,2389,0.4344897009668302,MEDIUM,,,NOT_AVAILABLE_IN_SOURCE_DATA,CANNOT_CALCULATE_WITHOUT_CURRENT_SKILLS,Employee-level current skill data unavailable,Career Development and Skill Assessment
316,52,Research & Development,Laboratory Technician,3212,0.22291075075942457,LOW,,,NOT_AVAILABLE_IN_SOURCE_DATA,CANNOT_CALCULATE_WITHOUT_CURRENT_SKILLS,Employee-level current skill data unavailable,Continue Development and Monitor Progress
319,42,Research & Development,Manager,19232,0.0029664884261894273,LOW,,,NOT_AVAILABLE_IN_SOURCE_DATA,CANNOT_CALCULATE_WITHOUT_CURRENT_SKILLS,Employee-level current skill data unavailable,Continue Development and Monitor Progress
321,59,Human Resources,Human Resources,2267,0.08741352356242342,LOW,,,NOT_AVAILABLE_IN_SOURCE_DATA,CANNOT_CALCULATE_WITHOUT_CURRENT_SKILLS,Employee-level current skill data unavailable,Continue Development and Monitor Progress
323,50,Sales,Manager,19517,0.001086874616540935,LOW,33.47861286320169,LOW,NOT_AVAILABLE_IN_SOURCE_DATA,CANNOT_CALCULATE_WITHOUT_CURRENT_SKILLS,Employee-level current skill data unavailable,Engagement Improvement + Upskilling Discussion
325,33,Research & Development,Laboratory Technician,2436,0.4140747416522629,MEDIUM,,,NOT_AVAILABLE_IN_SOURCE_DATA,CANNOT_CALCULATE_WITHOUT_CURRENT_SKILLS,Employee-level current skill data unavailable,Career Development and Skill Assessment
327,43,Sales,Manager,16064,0.013233283529756057,LOW,33.47861286320169,LOW,NOT_AVAILABLE_IN_SOURCE_DATA,CANNOT_CALCULATE_WITHOUT_CURRENT_SKILLS,Employee-level current skill data unavailable,Engagement Improvement + Upskilling Discussion
328,33,Research & Development,Laboratory Technician,2707,0.14626951677855132,LOW,,,NOT_AVAILABLE_IN_SOURCE_DATA,CANNOT_CALCULATE_WITHOUT_CURRENT_SKILLS,Employee-level current skill data unavailable,Continue Development and Monitor Progress
329,52,Sales,Manager,19068,0.1600456619258182,LOW,33.47861286320169,LOW,NOT_AVAILABLE_IN_SOURCE_DATA,CANNOT_CALCULATE_WITHOUT_CURRENT_SKILLS,Employee-level current skill data unavailable,Engagement Improvement + Upskilling Discussion
330,32,Sales,Sales Representative,3931,0.09903484507986397,LOW,33.47861286320169,LOW,NOT_AVAILABLE_IN_SOURCE_DATA,CANNOT_CALCULATE_WITHOUT_CURRENT_SKILLS,Employee-level current skill data unavailable,Engagement Improvement + Upskilling Discussion
331,32,Research & Development,Laboratory Technician,3730,0.5841548331117308,MEDIUM,,,NOT_AVAILABLE_IN_SOURCE_DATA,CANNOT_CALCULATE_WITHOUT_CURRENT_SKILLS,Employee-level current skill data unavailable,Career Development and Skill Assessment
332,39,Research & Development,Laboratory Technician,2232,0.030705447967996298,LOW,,,NOT_AVAILABLE_IN_SOURCE_DATA,CANNOT_CALCULATE_WITHOUT_CURRENT_SKILLS,Employee-level current skill data unavailable,Continue Development and Monitor Progress
333,32,Sales,Sales Executive,4465,0.08500456990919043,LOW,33.47861286320169,LOW,NOT_AVAILABLE_IN_SOURCE_DATA,CANNOT_CALCULATE_WITHOUT_CURRENT_SKILLS,Employee-level current skill data unavailable,Engagement Improvement + Upskilling Discussion
334,41,Research & Development,Research Scientist,3072,0.060024847993308116,LOW,,,NOT_AVAILABLE_IN_SOURCE_DATA,CANNOT_CALCULATE_WITHOUT_CURRENT_SKILLS,Employee-level current skill data unavailable,Continue Development and Monitor Progress
335,40,Research & Development,Research Scientist,3319,0.04151310035292999,LOW,,,NOT_AVAILABLE_IN_SOURCE_DATA,CANNOT_CALCULATE_WITHOUT_CURRENT_SKILLS,Employee-level current skill data unavailable,Continue Development and Monitor Progress
336,45,Research & Development,Manager,19202,0.0007999559863937785,LOW,,,NOT_AVAILABLE_IN_SOURCE_DATA,CANNOT_CALCULATE_WITHOUT_CURRENT_SKILLS,Employee-level current skill data unavailable,Continue Development and Monitor Progress
337,31,Research & Development,Research Director,13675,0.12126711662661577,LOW,,,NOT_AVAILABLE_IN_SOURCE_DATA,CANNOT_CALCULATE_WITHOUT_CURRENT_SKILLS,Employee-level current skill data unavailable,Continue Development and Monitor Progress
338,33,Research & Development,Research Scientist,2911,0.021239576127274774,LOW,,,NOT_AVAILABLE_IN_SOURCE_DATA,CANNOT_CALCULATE_WITHOUT_CURRENT_SKILLS,Employee-level current skill data unavailable,Continue Development and Monitor Progress
339,34,Research & Development,Manufacturing Director,5957,0.030975451768986296,LOW,,,NOT_AVAILABLE_IN_SOURCE_DATA,CANNOT_CALCULATE_WITHOUT_CURRENT_SKILLS,Employee-level current skill data unavailable,Continue Development and Monitor Progress
340,37,Research & Development,Research Scientist,3920,0.030368012794266316,LOW,,,NOT_AVAILABLE_IN_SOURCE_DATA,CANNOT_CALCULATE_WITHOUT_CURRENT_SKILLS,Employee-level current skill data unavailable,Continue Development and Monitor Progress
341,45,Research & Development,Manufacturing Director,6434,0.03354330015450709,LOW,,,NOT_AVAILABLE_IN_SOURCE_DATA,CANNOT_CALCULATE_WITHOUT_CURRENT_SKILLS,Employee-level current skill data unavailable,Continue Development and Monitor Progress
342,37,Research & Development,Manufacturing Director,10048,0.06878693672270231,LOW,,,NOT_AVAILABLE_IN_SOURCE_DATA,CANNOT_CALCULATE_WITHOUT_CURRENT_SKILLS,Employee-level current skill data unavailable,Continue Development and Monitor Progress
343,39,Research & Development,Healthcare Representative,10938,0.046097389122109166,LOW,,,NOT_AVAILABLE_IN_SOURCE_DATA,CANNOT_CALCULATE_WITHOUT_CURRENT_SKILLS,Employee-level current skill data unavailable,Continue Development and Monitor Progress
346,29,Research & Development,Research Scientist,2340,0.05838357415525377,LOW,,,NOT_AVAILABLE_IN_SOURCE_DATA,CANNOT_CALCULATE_WITHOUT_CURRENT_SKILLS,Employee-level current skill data unavailable,Continue Development and Monitor Progress
347,42,Research & Development,Research Scientist,6545,0.19353589166908716,LOW,,,NOT_AVAILABLE_IN_SOURCE_DATA,CANNOT_CALCULATE_WITHOUT_CURRENT_SKILLS,Employee-level current skill data unavailable,Continue Development and Monitor Progress
349,29,Sales,Sales Executive,6931,0.025125407091205334,LOW,33.47861286320169,LOW,NOT_AVAILABLE_IN_SOURCE_DATA,CANNOT_CALCULATE_WITHOUT_CURRENT_SKILLS,Employee-level current skill data unavailable,Engagement Improvement + Upskilling Discussion
350,25,Research & Development,Manufacturing Director,4898,0.014487786202191823,LOW,,,NOT_AVAILABLE_IN_SOURCE_DATA,CANNOT_CALCULATE_WITHOUT_CURRENT_SKILLS,Employee-level current skill data unavailable,Continue Development and Monitor Progress
351,42,Research & Development,Laboratory Technician,2593,0.12580966197569232,LOW,,,NOT_AVAILABLE_IN_SOURCE_DATA,CANNOT_CALCULATE_WITHOUT_CURRENT_SKILLS,Employee-level current skill data unavailable,Continue Development and Monitor Progress
352,40,Research & Development,Research Director,19436,0.0008531032822329083,LOW,,,NOT_AVAILABLE_IN_SOURCE_DATA,CANNOT_CALCULATE_WITHOUT_CURRENT_SKILLS,Employee-level current skill data unavailable,Continue Development and Monitor Progress
353,51,Research & Development,Research Scientist,2723,0.025887324769678588,LOW,,,NOT_AVAILABLE_IN_SOURCE_DATA,CANNOT_CALCULATE_WITHOUT_CURRENT_SKILLS,Employee-level current skill data unavailable,Continue Development and Monitor Progress
355,31,Research & Development,Laboratory Technician,3479,0.5650273832397378,MEDIUM,,,NOT_AVAILABLE_IN_SOURCE_DATA,CANNOT_CALCULATE_WITHOUT_CURRENT_SKILLS,Employee-level current skill data unavailable,Career Development and Skill Assessment
359,32,Research & Development,Laboratory Technician,2794,0.3169542938957587,LOW,,,NOT_AVAILABLE_IN_SOURCE_DATA,CANNOT_CALCULATE_WITHOUT_CURRENT_SKILLS,Employee-level current skill data unavailable,Continue Development and Monitor Progress
361,38,Sales,Sales Executive,5249,0.009035721676923195,LOW,33.47861286320169,LOW,NOT_AVAILABLE_IN_SOURCE_DATA,CANNOT_CALCULATE_WITHOUT_CURRENT_SKILLS,Employee-level current skill data unavailable,Engagement Improvement + Upskilling Discussion
362,32,Research & Development,Laboratory Technician,2176,0.2602391069253807,LOW,,,NOT_AVAILABLE_IN_SOURCE_DATA,CANNOT_CALCULATE_WITHOUT_CURRENT_SKILLS,Employee-level current skill data unavailable,Continue Development and Monitor Progress
363,46,Sales,Manager,16872,0.31396624427536346,LOW,33.47861286320169,LOW,NOT_AVAILABLE_IN_SOURCE_DATA,CANNOT_CALCULATE_WITHOUT_CURRENT_SKILLS,Employee-level current skill data unavailable,Engagement Improvement + Upskilling Discussion
364,28,Research & Development,Laboratory Technician,3485,0.474523645853086,MEDIUM,,,NOT_AVAILABLE_IN_SOURCE_DATA,CANNOT_CALCULATE_WITHOUT_CURRENT_SKILLS,Employee-level current skill data unavailable,Career Development and Skill Assessment
366,29,Sales,Sales Executive,6644,0.1376810646176039,LOW,33.47861286320169,LOW,NOT_AVAILABLE_IN_SOURCE_DATA,CANNOT_CALCULATE_WITHOUT_CURRENT_SKILLS,Employee-level current skill data unavailable,Engagement Improvement + Upskilling Discussion
367,31,Research & Development,Healthcare Representative,5582,0.06405913993910847,LOW,,,NOT_AVAILABLE_IN_SOURCE_DATA,CANNOT_CALCULATE_WITHOUT_CURRENT_SKILLS,Employee-level current skill data unavailable,Continue Development and Monitor Progress
369,25,Research & Development,Healthcare Representative,4000,0.004889813162115255,LOW,,,NOT_AVAILABLE_IN_SOURCE_DATA,CANNOT_CALCULATE_WITHOUT_CURRENT_SKILLS,Employee-level current skill data unavailable,Continue Development and Monitor Progress
372,45,Research & Development,Healthcare Representative,13496,0.020458262994923506,LOW,,,NOT_AVAILABLE_IN_SOURCE_DATA,CANNOT_CALCULATE_WITHOUT_CURRENT_SKILLS,Employee-level current skill data unavailable,Continue Development and Monitor Progress
373,36,Research & Development,Laboratory Technician,3210,0.0056801843145110765,LOW,,,NOT_AVAILABLE_IN_SOURCE_DATA,CANNOT_CALCULATE_WITHOUT_CURRENT_SKILLS,Employee-level current skill data unavailable,Continue Development and Monitor Progress
374,55,Research & Development,Manager,19045,0.008408846729434854,LOW,,,NOT_AVAILABLE_IN_SOURCE_DATA,CANNOT_CALCULATE_WITHOUT_CURRENT_SKILLS,Employee-level current skill data unavailable,Continue Development and Monitor Progress
376,47,Research & Development,Manager,11849,0.27364425673927,LOW,,,NOT_AVAILABLE_IN_SOURCE_DATA,CANNOT_CALCULATE_WITHOUT_CURRENT_SKILLS,Employee-level current skill data unavailable,Continue Development and Monitor Progress
377,28,Research & Development,Research Scientist,2070,0.005542091312540667,LOW,,,NOT_AVAILABLE_IN_SOURCE_DATA,CANNOT_CALCULATE_WITHOUT_CURRENT_SKILLS,Employee-level current skill data unavailable,Continue Development and Monitor Progress
378,37,Sales,Sales Executive,6502,0.01241576574491363,LOW,33.47861286320169,LOW,NOT_AVAILABLE_IN_SOURCE_DATA,CANNOT_CALCULATE_WITHOUT_CURRENT_SKILLS,Employee-level current skill data unavailable,Engagement Improvement + Upskilling Discussion
379,21,Research & Development,Research Scientist,3230,0.06864983463022896,LOW,,,NOT_AVAILABLE_IN_SOURCE_DATA,CANNOT_CALCULATE_WITHOUT_CURRENT_SKILLS,Employee-level current skill data unavailable,Continue Development and Monitor Progress
380,37,Research & Development,Research Director,13603,0.007380856270900899,LOW,,,NOT_AVAILABLE_IN_SOURCE_DATA,CANNOT_CALCULATE_WITHOUT_CURRENT_SKILLS,Employee-level current skill data unavailable,Continue Development and Monitor Progress
381,35,Research & Development,Manager,11996,0.13032231220068896,LOW,,,NOT_AVAILABLE_IN_SOURCE_DATA,CANNOT_CALCULATE_WITHOUT_CURRENT_SKILLS,Employee-level current skill data unavailable,Continue Development and Monitor Progress
382,38,Sales,Sales Executive,5605,0.3277836990216777,LOW,33.47861286320169,LOW,NOT_AVAILABLE_IN_SOURCE_DATA,CANNOT_CALCULATE_WITHOUT_CURRENT_SKILLS,Employee-level current skill data unavailable,Engagement Improvement + Upskilling Discussion
384,26,Research & Development,Manufacturing Director,6397,0.049730804997816236,LOW,,,NOT_AVAILABLE_IN_SOURCE_DATA,CANNOT_CALCULATE_WITHOUT_CURRENT_SKILLS,Employee-level current skill data unavailable,Continue Development and Monitor Progress
385,50,Research & Development,Research Director,19144,0.003913841279258832,LOW,,,NOT_AVAILABLE_IN_SOURCE_DATA,CANNOT_CALCULATE_WITHOUT_CURRENT_SKILLS,Employee-level current skill data unavailable,Continue Development and Monitor Progress
386,53,Research & Development,Research Director,17584,0.0024737624211385863,LOW,,,NOT_AVAILABLE_IN_SOURCE_DATA,CANNOT_CALCULATE_WITHOUT_CURRENT_SKILLS,Employee-level current skill data unavailable,Continue Development and Monitor Progress
387,42,Sales,Sales Executive,4907,0.016788454087111954,LOW,33.47861286320169,LOW,NOT_AVAILABLE_IN_SOURCE_DATA,CANNOT_CALCULATE_WITHOUT_CURRENT_SKILLS,Employee-level current skill data unavailable,Engagement Improvement + Upskilling Discussion
388,29,Sales,Sales Executive,4554,0.11339983679839445,LOW,33.47861286320169,LOW,NOT_AVAILABLE_IN_SOURCE_DATA,CANNOT_CALCULATE_WITHOUT_CURRENT_SKILLS,Employee-level current skill data unavailable,Engagement Improvement + Upskilling Discussion
389,55,Research & Development,Laboratory Technician,5415,0.07396185732017109,LOW,,,NOT_AVAILABLE_IN_SOURCE_DATA,CANNOT_CALCULATE_WITHOUT_CURRENT_SKILLS,Employee-level current skill data unavailable,Continue Development and Monitor Progress
390,26,Research & Development,Healthcare Representative,4741,0.6109183410784664,MEDIUM,,,NOT_AVAILABLE_IN_SOURCE_DATA,CANNOT_CALCULATE_WITHOUT_CURRENT_SKILLS,Employee-level current skill data unavailable,Career Development and Skill Assessment
391,37,Research & Development,Research Scientist,2115,0.0034796757687728893,LOW,,,NOT_AVAILABLE_IN_SOURCE_DATA,CANNOT_CALCULATE_WITHOUT_CURRENT_SKILLS,Employee-level current skill data unavailable,Continue Development and Monitor Progress
392,44,Research & Development,Laboratory Technician,3161,0.5154505312478136,MEDIUM,,,NOT_AVAILABLE_IN_SOURCE_DATA,CANNOT_CALCULATE_WITHOUT_CURRENT_SKILLS,Employee-level current skill data unavailable,Career Development and Skill Assessment
393,38,Research & Development,Healthcare Representative,5745,0.03790481937037973,LOW,,,NOT_AVAILABLE_IN_SOURCE_DATA,CANNOT_CALCULATE_WITHOUT_CURRENT_SKILLS,Employee-level current skill data unavailable,Continue Development and Monitor Progress
394,26,Research & Development,Laboratory Technician,2373,0.6278876631052533,MEDIUM,,,NOT_AVAILABLE_IN_SOURCE_DATA,CANNOT_CALCULATE_WITHOUT_CURRENT_SKILLS,Employee-level current skill data unavailable,Career Development and Skill Assessment
395,28,Research & Development,Research Scientist,3310,0.010071053036770812,LOW,,,NOT_AVAILABLE_IN_SOURCE_DATA,CANNOT_CALCULATE_WITHOUT_CURRENT_SKILLS,Employee-level current skill data unavailable,Continue Development and Monitor Progress
396,49,Research & Development,Research Director,18665,0.2775806443580501,LOW,,,NOT_AVAILABLE_IN_SOURCE_DATA,CANNOT_CALCULATE_WITHOUT_CURRENT_SKILLS,Employee-level current skill data unavailable,Continue Development and Monitor Progress
397,36,Research & Development,Research Scientist,4485,0.20132894483456976,LOW,,,NOT_AVAILABLE_IN_SOURCE_DATA,CANNOT_CALCULATE_WITHOUT_CURRENT_SKILLS,Employee-level current skill data unavailable,Continue Development and Monitor Progress
399,31,Sales,Sales Representative,2789,0.21826148285730015,LOW,33.47861286320169,LOW,NOT_AVAILABLE_IN_SOURCE_DATA,CANNOT_CALCULATE_WITHOUT_CURRENT_SKILLS,Employee-level current skill data unavailable,Engagement Improvement + Upskilling Discussion
401,26,Sales,Sales Executive,5828,0.6637483769175029,MEDIUM,33.47861286320169,LOW,NOT_AVAILABLE_IN_SOURCE_DATA,CANNOT_CALCULATE_WITHOUT_CURRENT_SKILLS,Employee-level current skill data unavailable,Engagement Improvement + Upskilling Discussion
403,37,Research & Development,Research Scientist,2326,0.1435241251537939,LOW,,,NOT_AVAILABLE_IN_SOURCE_DATA,CANNOT_CALCULATE_WITHOUT_CURRENT_SKILLS,Employee-level current skill data unavailable,Continue Development and Monitor Progress
404,42,Sales,Sales Executive,13525,0.09153204166191997,LOW,33.47861286320169,LOW,NOT_AVAILABLE_IN_SOURCE_DATA,CANNOT_CALCULATE_WITHOUT_CURRENT_SKILLS,Employee-level current skill data unavailable,Engagement Improvement + Upskilling Discussion
405,18,Research & Development,Laboratory Technician,1420,0.33367051847851215,LOW,,,NOT_AVAILABLE_IN_SOURCE_DATA,CANNOT_CALCULATE_WITHOUT_CURRENT_SKILLS,Employee-level current skill data unavailable,Continue Development and Monitor Progress
406,35,Sales,Sales Executive,8020,0.038867796037938086,LOW,33.47861286320169,LOW,NOT_AVAILABLE_IN_SOURCE_DATA,CANNOT_CALCULATE_WITHOUT_CURRENT_SKILLS,Employee-level current skill data unavailable,Engagement Improvement + Upskilling Discussion
407,36,Research & Development,Laboratory Technician,3688,0.09203917837342761,LOW,,,NOT_AVAILABLE_IN_SOURCE_DATA,CANNOT_CALCULATE_WITHOUT_CURRENT_SKILLS,Employee-level current skill data unavailable,Continue Development and Monitor Progress
408,51,Research & Development,Manufacturing Director,5482,0.011453218045842605,LOW,,,NOT_AVAILABLE_IN_SOURCE_DATA,CANNOT_CALCULATE_WITHOUT_CURRENT_SKILLS,Employee-level current skill data unavailable,Continue Development and Monitor Progress
410,41,Sales,Manager,16015,0.012877220397839813,LOW,33.47861286320169,LOW,NOT_AVAILABLE_IN_SOURCE_DATA,CANNOT_CALCULATE_WITHOUT_CURRENT_SKILLS,Employee-level current skill data unavailable,Engagement Improvement + Upskilling Discussion
411,18,Sales,Sales Representative,1200,0.5532271792033443,MEDIUM,33.47861286320169,LOW,NOT_AVAILABLE_IN_SOURCE_DATA,CANNOT_CALCULATE_WITHOUT_CURRENT_SKILLS,Employee-level current skill data unavailable,Engagement Improvement + Upskilling Discussion
412,28,Research & Development,Healthcare Representative,5661,0.033317547654693296,LOW,,,NOT_AVAILABLE_IN_SOURCE_DATA,CANNOT_CALCULATE_WITHOUT_CURRENT_SKILLS,Employee-level current skill data unavailable,Continue Development and Monitor Progress
416,31,Sales,Sales Executive,6929,0.10580341653545283,LOW,33.47861286320169,LOW,NOT_AVAILABLE_IN_SOURCE_DATA,CANNOT_CALCULATE_WITHOUT_CURRENT_SKILLS,Employee-level current skill data unavailable,Engagement Improvement + Upskilling Discussion
417,39,Research & Development,Healthcare Representative,9613,0.00035249569833630364,LOW,,,NOT_AVAILABLE_IN_SOURCE_DATA,CANNOT_CALCULATE_WITHOUT_CURRENT_SKILLS,Employee-level current skill data unavailable,Continue Development and Monitor Progress
419,36,Research & Development,Laboratory Technician,5674,0.042289540546787976,LOW,,,NOT_AVAILABLE_IN_SOURCE_DATA,CANNOT_CALCULATE_WITHOUT_CURRENT_SKILLS,Employee-level current skill data unavailable,Continue Development and Monitor Progress
420,32,Sales,Sales Executive,5484,0.02234628656859087,LOW,33.47861286320169,LOW,NOT_AVAILABLE_IN_SOURCE_DATA,CANNOT_CALCULATE_WITHOUT_CURRENT_SKILLS,Employee-level current skill data unavailable,Engagement Improvement + Upskilling Discussion
421,38,Research & Development,Research Director,12061,0.02393820663130631,LOW,,,NOT_AVAILABLE_IN_SOURCE_DATA,CANNOT_CALCULATE_WITHOUT_CURRENT_SKILLS,Employee-level current skill data unavailable,Continue Development and Monitor Progress
422,58,Research & Development,Healthcare Representative,5660,0.007792220948961349,LOW,,,NOT_AVAILABLE_IN_SOURCE_DATA,CANNOT_CALCULATE_WITHOUT_CURRENT_SKILLS,Employee-level current skill data unavailable,Continue Development and Monitor Progress
423,31,Research & Development,Research Scientist,4821,0.05374412972834941,LOW,,,NOT_AVAILABLE_IN_SOURCE_DATA,CANNOT_CALCULATE_WITHOUT_CURRENT_SKILLS,Employee-level current skill data unavailable,Continue Development and Monitor Progress
424,31,Human Resources,Human Resources,6410,0.5582399262609546,MEDIUM,,,NOT_AVAILABLE_IN_SOURCE_DATA,CANNOT_CALCULATE_WITHOUT_CURRENT_SKILLS,Employee-level current skill data unavailable,Career Development and Skill Assessment
425,45,Research & Development,Laboratory Technician,5210,0.2554354322716388,LOW,,,NOT_AVAILABLE_IN_SOURCE_DATA,CANNOT_CALCULATE_WITHOUT_CURRENT_SKILLS,Employee-level current skill data unavailable,Continue Development and Monitor Progress
426,31,Research & Development,Research Scientist,2695,0.15898318184642474,LOW,,,NOT_AVAILABLE_IN_SOURCE_DATA,CANNOT_CALCULATE_WITHOUT_CURRENT_SKILLS,Employee-level current skill data unavailable,Continue Development and Monitor Progress
428,33,Research & Development,Manager,11878,0.07815572539441738,LOW,,,NOT_AVAILABLE_IN_SOURCE_DATA,CANNOT_CALCULATE_WITHOUT_CURRENT_SKILLS,Employee-level current skill data unavailable,Continue Development and Monitor Progress
429,39,Research & Development,Manager,17068,0.12724743362017676,LOW,,,NOT_AVAILABLE_IN_SOURCE_DATA,CANNOT_CALCULATE_WITHOUT_CURRENT_SKILLS,Employee-level current skill data unavailable,Continue Development and Monitor Progress
430,43,Research & Development,Laboratory Technician,2455,0.03987645866299319,LOW,,,NOT_AVAILABLE_IN_SOURCE_DATA,CANNOT_CALCULATE_WITHOUT_CURRENT_SKILLS,Employee-level current skill data unavailable,Continue Development and Monitor Progress
431,49,Research & Development,Healthcare Representative,13964,0.07632972677653552,LOW,,,NOT_AVAILABLE_IN_SOURCE_DATA,CANNOT_CALCULATE_WITHOUT_CURRENT_SKILLS,Employee-level current skill data unavailable,Continue Development and Monitor Progress
433,52,Research & Development,Research Scientist,4941,0.08421902308940923,LOW,,,NOT_AVAILABLE_IN_SOURCE_DATA,CANNOT_CALCULATE_WITHOUT_CURRENT_SKILLS,Employee-level current skill data unavailable,Continue Development and Monitor Progress
434,27,Research & Development,Research Scientist,2478,0.4614089215051381,MEDIUM,,,NOT_AVAILABLE_IN_SOURCE_DATA,CANNOT_CALCULATE_WITHOUT_CURRENT_SKILLS,Employee-level current skill data unavailable,Career Development and Skill Assessment
436,32,Sales,Sales Executive,5228,0.4246188262802826,MEDIUM,33.47861286320169,LOW,NOT_AVAILABLE_IN_SOURCE_DATA,CANNOT_CALCULATE_WITHOUT_CURRENT_SKILLS,Employee-level current skill data unavailable,Engagement Improvement + Upskilling Discussion
437,27,Sales,Sales Executive,4478,0.31957026141106243,LOW,33.47861286320169,LOW,NOT_AVAILABLE_IN_SOURCE_DATA,CANNOT_CALCULATE_WITHOUT_CURRENT_SKILLS,Employee-level current skill data unavailable,Engagement Improvement + Upskilling Discussion
438,31,Sales,Sales Executive,7547,0.0030819080678693924,LOW,33.47861286320169,LOW,NOT_AVAILABLE_IN_SOURCE_DATA,CANNOT_CALCULATE_WITHOUT_CURRENT_SKILLS,Employee-level current skill data unavailable,Engagement Improvement + Upskilling Discussion
439,32,Research & Development,Research Scientist,5055,0.038886567814965904,LOW,,,NOT_AVAILABLE_IN_SOURCE_DATA,CANNOT_CALCULATE_WITHOUT_CURRENT_SKILLS,Employee-level current skill data unavailable,Continue Development and Monitor Progress
440,28,Research & Development,Research Scientist,3464,0.5681408736609336,MEDIUM,,,NOT_AVAILABLE_IN_SOURCE_DATA,CANNOT_CALCULATE_WITHOUT_CURRENT_SKILLS,Employee-level current skill data unavailable,Career Development and Skill Assessment
441,30,Research & Development,Research Scientist,5775,0.001883507663755119,LOW,,,NOT_AVAILABLE_IN_SOURCE_DATA,CANNOT_CALCULATE_WITHOUT_CURRENT_SKILLS,Employee-level current skill data unavailable,Continue Development and Monitor Progress
442,31,Research & Development,Manufacturing Director,8943,0.061501099895929515,LOW,,,NOT_AVAILABLE_IN_SOURCE_DATA,CANNOT_CALCULATE_WITHOUT_CURRENT_SKILLS,Employee-level current skill data unavailable,Continue Development and Monitor Progress
444,39,Research & Development,Manager,19272,0.14351158068405315,LOW,,,NOT_AVAILABLE_IN_SOURCE_DATA,CANNOT_CALCULATE_WITHOUT_CURRENT_SKILLS,Employee-level current skill data unavailable,Continue Development and Monitor Progress
445,39,Sales,Sales Executive,5238,0.20364575918061423,LOW,33.47861286320169,LOW,NOT_AVAILABLE_IN_SOURCE_DATA,CANNOT_CALCULATE_WITHOUT_CURRENT_SKILLS,Employee-level current skill data unavailable,Engagement Improvement + Upskilling Discussion
446,33,Sales,Sales Executive,4682,0.31917920125725757,LOW,33.47861286320169,LOW,NOT_AVAILABLE_IN_SOURCE_DATA,CANNOT_CALCULATE_WITHOUT_CURRENT_SKILLS,Employee-level current skill data unavailable,Engagement Improvement + Upskilling Discussion
447,47,Research & Development,Research Director,18300,0.0033103609465640095,LOW,,,NOT_AVAILABLE_IN_SOURCE_DATA,CANNOT_CALCULATE_WITHOUT_CURRENT_SKILLS,Employee-level current skill data unavailable,Continue Development and Monitor Progress
448,43,Research & Development,Laboratory Technician,5257,0.06032386459193787,LOW,,,NOT_AVAILABLE_IN_SOURCE_DATA,CANNOT_CALCULATE_WITHOUT_CURRENT_SKILLS,Employee-level current skill data unavailable,Continue Development and Monitor Progress
449,27,Sales,Sales Executive,6349,0.09363871074584998,LOW,33.47861286320169,LOW,NOT_AVAILABLE_IN_SOURCE_DATA,CANNOT_CALCULATE_WITHOUT_CURRENT_SKILLS,Employee-level current skill data unavailable,Engagement Improvement + Upskilling Discussion
450,54,Research & Development,Research Scientist,4869,0.01689949673726621,LOW,,,NOT_AVAILABLE_IN_SOURCE_DATA,CANNOT_CALCULATE_WITHOUT_CURRENT_SKILLS,Employee-level current skill data unavailable,Continue Development and Monitor Progress
451,43,Research & Development,Healthcare Representative,9985,0.12220357963383392,LOW,,,NOT_AVAILABLE_IN_SOURCE_DATA,CANNOT_CALCULATE_WITHOUT_CURRENT_SKILLS,Employee-level current skill data unavailable,Continue Development and Monitor Progress
452,45,Research & Development,Research Scientist,3697,0.01229989177956159,LOW,,,NOT_AVAILABLE_IN_SOURCE_DATA,CANNOT_CALCULATE_WITHOUT_CURRENT_SKILLS,Employee-level current skill data unavailable,Continue Development and Monitor Progress
453,40,Sales,Sales Executive,7457,0.1607126338601966,LOW,33.47861286320169,LOW,NOT_AVAILABLE_IN_SOURCE_DATA,CANNOT_CALCULATE_WITHOUT_CURRENT_SKILLS,Employee-level current skill data unavailable,Engagement Improvement + Upskilling Discussion
454,29,Research & Development,Laboratory Technician,2119,0.4846689373537831,MEDIUM,,,NOT_AVAILABLE_IN_SOURCE_DATA,CANNOT_CALCULATE_WITHOUT_CURRENT_SKILLS,Employee-level current skill data unavailable,Career Development and Skill Assessment
455,29,Research & Development,Laboratory Technician,3983,0.1805907564752468,LOW,,,NOT_AVAILABLE_IN_SOURCE_DATA,CANNOT_CALCULATE_WITHOUT_CURRENT_SKILLS,Employee-level current skill data unavailable,Continue Development and Monitor Progress
456,30,Sales,Sales Executive,6118,0.008613796834017265,LOW,33.47861286320169,LOW,NOT_AVAILABLE_IN_SOURCE_DATA,CANNOT_CALCULATE_WITHOUT_CURRENT_SKILLS,Employee-level current skill data unavailable,Engagement Improvement + Upskilling Discussion
458,27,Sales,Sales Executive,6214,0.04346415860633669,LOW,33.47861286320169,LOW,NOT_AVAILABLE_IN_SOURCE_DATA,CANNOT_CALCULATE_WITHOUT_CURRENT_SKILLS,Employee-level current skill data unavailable,Engagement Improvement + Upskilling Discussion
460,37,Research & Development,Manufacturing Director,6347,0.008615795684658872,LOW,,,NOT_AVAILABLE_IN_SOURCE_DATA,CANNOT_CALCULATE_WITHOUT_CURRENT_SKILLS,Employee-level current skill data unavailable,Continue Development and Monitor Progress
461,38,Research & Development,Research Director,11510,0.012632652915219266,LOW,,,NOT_AVAILABLE_IN_SOURCE_DATA,CANNOT_CALCULATE_WITHOUT_CURRENT_SKILLS,Employee-level current skill data unavailable,Continue Development and Monitor Progress
462,31,Research & Development,Manufacturing Director,7143,0.06929303400022435,LOW,,,NOT_AVAILABLE_IN_SOURCE_DATA,CANNOT_CALCULATE_WITHOUT_CURRENT_SKILLS,Employee-level current skill data unavailable,Continue Development and Monitor Progress
463,29,Sales,Sales Executive,8268,0.1589851040755006,LOW,33.47861286320169,LOW,NOT_AVAILABLE_IN_SOURCE_DATA,CANNOT_CALCULATE_WITHOUT_CURRENT_SKILLS,Employee-level current skill data unavailable,Engagement Improvement + Upskilling Discussion
464,35,Research & Development,Manufacturing Director,8095,0.005300822979170216,LOW,,,NOT_AVAILABLE_IN_SOURCE_DATA,CANNOT_CALCULATE_WITHOUT_CURRENT_SKILLS,Employee-level current skill data unavailable,Continue Development and Monitor Progress
465,23,Research & Development,Research Scientist,2904,0.04318687609016115,LOW,,,NOT_AVAILABLE_IN_SOURCE_DATA,CANNOT_CALCULATE_WITHOUT_CURRENT_SKILLS,Employee-level current skill data unavailable,Continue Development and Monitor Progress
466,41,Research & Development,Manufacturing Director,6032,0.2481833969914741,LOW,,,NOT_AVAILABLE_IN_SOURCE_DATA,CANNOT_CALCULATE_WITHOUT_CURRENT_SKILLS,Employee-level current skill data unavailable,Continue Development and Monitor Progress
467,47,Sales,Sales Representative,2976,0.5294601471947864,MEDIUM,33.47861286320169,LOW,NOT_AVAILABLE_IN_SOURCE_DATA,CANNOT_CALCULATE_WITHOUT_CURRENT_SKILLS,Employee-level current skill data unavailable,Engagement Improvement + Upskilling Discussion
468,42,Research & Development,Research Director,15992,0.043063457738880186,LOW,,,NOT_AVAILABLE_IN_SOURCE_DATA,CANNOT_CALCULATE_WITHOUT_CURRENT_SKILLS,Employee-level current skill data unavailable,Continue Development and Monitor Progress
469,29,Sales,Sales Executive,4649,0.018995926420563768,LOW,33.47861286320169,LOW,NOT_AVAILABLE_IN_SOURCE_DATA,CANNOT_CALCULATE_WITHOUT_CURRENT_SKILLS,Employee-level current skill data unavailable,Engagement Improvement + Upskilling Discussion
470,42,Human Resources,Human Resources,2696,0.1361977803555777,LOW,,,NOT_AVAILABLE_IN_SOURCE_DATA,CANNOT_CALCULATE_WITHOUT_CURRENT_SKILLS,Employee-level current skill data unavailable,Continue Development and Monitor Progress
471,32,Research & Development,Laboratory Technician,2370,0.01891398469104069,LOW,,,NOT_AVAILABLE_IN_SOURCE_DATA,CANNOT_CALCULATE_WITHOUT_CURRENT_SKILLS,Employee-level current skill data unavailable,Continue Development and Monitor Progress
473,48,Sales,Manager,12504,0.1532221086592358,LOW,33.47861286320169,LOW,NOT_AVAILABLE_IN_SOURCE_DATA,CANNOT_CALCULATE_WITHOUT_CURRENT_SKILLS,Employee-level current skill data unavailable,Engagement Improvement + Upskilling Discussion
474,37,Research & Development,Research Scientist,5974,0.10303462407271402,LOW,,,NOT_AVAILABLE_IN_SOURCE_DATA,CANNOT_CALCULATE_WITHOUT_CURRENT_SKILLS,Employee-level current skill data unavailable,Continue Development and Monitor Progress
475,30,Sales,Sales Executive,4736,0.44049482495148484,MEDIUM,33.47861286320169,LOW,NOT_AVAILABLE_IN_SOURCE_DATA,CANNOT_CALCULATE_WITHOUT_CURRENT_SKILLS,Employee-level current skill data unavailable,Engagement Improvement + Upskilling Discussion
476,26,Sales,Sales Executive,5296,0.041922718583719085,LOW,33.47861286320169,LOW,NOT_AVAILABLE_IN_SOURCE_DATA,CANNOT_CALCULATE_WITHOUT_CURRENT_SKILLS,Employee-level current skill data unavailable,Engagement Improvement + Upskilling Discussion
477,42,Research & Development,Healthcare Representative,6781,0.017942820890976017,LOW,,,NOT_AVAILABLE_IN_SOURCE_DATA,CANNOT_CALCULATE_WITHOUT_CURRENT_SKILLS,Employee-level current skill data unavailable,Continue Development and Monitor Progress
478,21,Sales,Sales Representative,2174,0.9760651868112942,HIGH,33.47861286320169,LOW,NOT_AVAILABLE_IN_SOURCE_DATA,CANNOT_CALCULATE_WITHOUT_CURRENT_SKILLS,Employee-level current skill data unavailable,Retention Review + Targeted Development Plan
479,36,Sales,Sales Executive,6653,0.010629319993866139,LOW,33.47861286320169,LOW,NOT_AVAILABLE_IN_SOURCE_DATA,CANNOT_CALCULATE_WITHOUT_CURRENT_SKILLS,Employee-level current skill data unavailable,Engagement Improvement + Upskilling Discussion
481,36,Sales,Sales Executive,9699,0.05606407856551645,LOW,33.47861286320169,LOW,NOT_AVAILABLE_IN_SOURCE_DATA,CANNOT_CALCULATE_WITHOUT_CURRENT_SKILLS,Employee-level current skill data unavailable,Engagement Improvement + Upskilling Discussion
482,57,Research & Development,Healthcare Representative,6755,0.0016390341018138034,LOW,,,NOT_AVAILABLE_IN_SOURCE_DATA,CANNOT_CALCULATE_WITHOUT_CURRENT_SKILLS,Employee-level current skill data unavailable,Continue Development and Monitor Progress
483,40,Research & Development,Laboratory Technician,2213,0.03223686194724337,LOW,,,NOT_AVAILABLE_IN_SOURCE_DATA,CANNOT_CALCULATE_WITHOUT_CURRENT_SKILLS,Employee-level current skill data unavailable,Continue Development and Monitor Progress
484,21,Sales,Sales Representative,2610,0.28540686416695216,LOW,33.47861286320169,LOW,NOT_AVAILABLE_IN_SOURCE_DATA,CANNOT_CALCULATE_WITHOUT_CURRENT_SKILLS,Employee-level current skill data unavailable,Engagement Improvement + Upskilling Discussion
485,33,Sales,Sales Representative,2851,0.6655770170337687,MEDIUM,33.47861286320169,LOW,NOT_AVAILABLE_IN_SOURCE_DATA,CANNOT_CALCULATE_WITHOUT_CURRENT_SKILLS,Employee-level current skill data unavailable,Engagement Improvement + Upskilling Discussion
486,37,Research & Development,Laboratory Technician,3452,0.05365916456665804,LOW,,,NOT_AVAILABLE_IN_SOURCE_DATA,CANNOT_CALCULATE_WITHOUT_CURRENT_SKILLS,Employee-level current skill data unavailable,Continue Development and Monitor Progress
487,46,Research & Development,Manufacturing Director,5258,0.002962649599297342,LOW,,,NOT_AVAILABLE_IN_SOURCE_DATA,CANNOT_CALCULATE_WITHOUT_CURRENT_SKILLS,Employee-level current skill data unavailable,Continue Development and Monitor Progress
488,41,Sales,Sales Executive,9355,0.2861069227532344,LOW,33.47861286320169,LOW,NOT_AVAILABLE_IN_SOURCE_DATA,CANNOT_CALCULATE_WITHOUT_CURRENT_SKILLS,Employee-level current skill data unavailable,Engagement Improvement + Upskilling Discussion
491,50,Research & Development,Healthcare Representative,10496,0.01580717709970302,LOW,,,NOT_AVAILABLE_IN_SOURCE_DATA,CANNOT_CALCULATE_WITHOUT_CURRENT_SKILLS,Employee-level current skill data unavailable,Continue Development and Monitor Progress
492,40,Sales,Sales Executive,6380,0.3867455998474099,LOW,33.47861286320169,LOW,NOT_AVAILABLE_IN_SOURCE_DATA,CANNOT_CALCULATE_WITHOUT_CURRENT_SKILLS,Employee-level current skill data unavailable,Engagement Improvement + Upskilling Discussion
493,31,Research & Development,Research Scientist,2657,0.338468029459918,LOW,,,NOT_AVAILABLE_IN_SOURCE_DATA,CANNOT_CALCULATE_WITHOUT_CURRENT_SKILLS,Employee-level current skill data unavailable,Continue Development and Monitor Progress
494,21,Sales,Sales Representative,2716,0.37477468282998566,LOW,33.47861286320169,LOW,NOT_AVAILABLE_IN_SOURCE_DATA,CANNOT_CALCULATE_WITHOUT_CURRENT_SKILLS,Employee-level current skill data unavailable,Engagement Improvement + Upskilling Discussion
495,29,Research & Development,Research Scientist,2201,0.1246080217596437,LOW,,,NOT_AVAILABLE_IN_SOURCE_DATA,CANNOT_CALCULATE_WITHOUT_CURRENT_SKILLS,Employee-level current skill data unavailable,Continue Development and Monitor Progress
496,35,Research & Development,Healthcare Representative,6540,0.16560710427972833,LOW,,,NOT_AVAILABLE_IN_SOURCE_DATA,CANNOT_CALCULATE_WITHOUT_CURRENT_SKILLS,Employee-level current skill data unavailable,Continue Development and Monitor Progress
497,27,Research & Development,Laboratory Technician,3816,0.0391384842676127,LOW,,,NOT_AVAILABLE_IN_SOURCE_DATA,CANNOT_CALCULATE_WITHOUT_CURRENT_SKILLS,Employee-level current skill data unavailable,Continue Development and Monitor Progress
498,28,Sales,Sales Executive,5253,0.04993937226602251,LOW,33.47861286320169,LOW,NOT_AVAILABLE_IN_SOURCE_DATA,CANNOT_CALCULATE_WITHOUT_CURRENT_SKILLS,Employee-level current skill data unavailable,Engagement Improvement + Upskilling Discussion
499,49,Research & Development,Healthcare Representative,10965,0.023569350400573324,LOW,,,NOT_AVAILABLE_IN_SOURCE_DATA,CANNOT_CALCULATE_WITHOUT_CURRENT_SKILLS,Employee-level current skill data unavailable,Continue Development and Monitor Progress
500,51,Sales,Sales Executive,4936,0.005177279248066565,LOW,33.47861286320169,LOW,NOT_AVAILABLE_IN_SOURCE_DATA,CANNOT_CALCULATE_WITHOUT_CURRENT_SKILLS,Employee-level current skill data unavailable,Engagement Improvement + Upskilling Discussion
501,36,Research & Development,Research Scientist,2543,0.013298574947655933,LOW,,,NOT_AVAILABLE_IN_SOURCE_DATA,CANNOT_CALCULATE_WITHOUT_CURRENT_SKILLS,Employee-level current skill data unavailable,Continue Development and Monitor Progress
502,34,Sales,Sales Executive,5304,0.6924347004722095,MEDIUM,33.47861286320169,LOW,NOT_AVAILABLE_IN_SOURCE_DATA,CANNOT_CALCULATE_WITHOUT_CURRENT_SKILLS,Employee-level current skill data unavailable,Engagement Improvement + Upskilling Discussion
505,55,Research & Development,Manager,16659,0.013167383230673804,LOW,,,NOT_AVAILABLE_IN_SOURCE_DATA,CANNOT_CALCULATE_WITHOUT_CURRENT_SKILLS,Employee-level current skill data unavailable,Continue Development and Monitor Progress
507,24,Sales,Sales Executive,4260,0.09933522262819033,LOW,33.47861286320169,LOW,NOT_AVAILABLE_IN_SOURCE_DATA,CANNOT_CALCULATE_WITHOUT_CURRENT_SKILLS,Employee-level current skill data unavailable,Engagement Improvement + Upskilling Discussion
508,30,Sales,Sales Representative,2476,0.3141861160848648,LOW,33.47861286320169,LOW,NOT_AVAILABLE_IN_SOURCE_DATA,CANNOT_CALCULATE_WITHOUT_CURRENT_SKILLS,Employee-level current skill data unavailable,Engagement Improvement + Upskilling Discussion
510,26,Research & Development,Research Scientist,3102,0.1586629003153438,LOW,,,NOT_AVAILABLE_IN_SOURCE_DATA,CANNOT_CALCULATE_WITHOUT_CURRENT_SKILLS,Employee-level current skill data unavailable,Continue Development and Monitor Progress
511,22,Research & Development,Research Scientist,2244,0.08409043679639448,LOW,,,NOT_AVAILABLE_IN_SOURCE_DATA,CANNOT_CALCULATE_WITHOUT_CURRENT_SKILLS,Employee-level current skill data unavailable,Continue Development and Monitor Progress
513,36,Sales,Sales Executive,7596,0.12472723205937754,LOW,33.47861286320169,LOW,NOT_AVAILABLE_IN_SOURCE_DATA,CANNOT_CALCULATE_WITHOUT_CURRENT_SKILLS,Employee-level current skill data unavailable,Engagement Improvement + Upskilling Discussion
514,30,Research & Development,Research Scientist,2285,0.7852173735928839,HIGH,,,NOT_AVAILABLE_IN_SOURCE_DATA,CANNOT_CALCULATE_WITHOUT_CURRENT_SKILLS,Employee-level current skill data unavailable,Retention Review + Targeted Development Plan
515,37,Research & Development,Laboratory Technician,3034,0.05091904229697588,LOW,,,NOT_AVAILABLE_IN_SOURCE_DATA,CANNOT_CALCULATE_WITHOUT_CURRENT_SKILLS,Employee-level current skill data unavailable,Continue Development and Monitor Progress
516,40,Sales,Sales Executive,5715,0.018299830684083494,LOW,33.47861286320169,LOW,NOT_AVAILABLE_IN_SOURCE_DATA,CANNOT_CALCULATE_WITHOUT_CURRENT_SKILLS,Employee-level current skill data unavailable,Engagement Improvement + Upskilling Discussion
517,42,Research & Development,Laboratory Technician,2576,0.06766636684387906,LOW,,,NOT_AVAILABLE_IN_SOURCE_DATA,CANNOT_CALCULATE_WITHOUT_CURRENT_SKILLS,Employee-level current skill data unavailable,Continue Development and Monitor Progress
518,37,Research & Development,Manufacturing Director,4197,0.24258145509240936,LOW,,,NOT_AVAILABLE_IN_SOURCE_DATA,CANNOT_CALCULATE_WITHOUT_CURRENT_SKILLS,Employee-level current skill data unavailable,Continue Development and Monitor Progress
520,43,Research & Development,Research Director,14336,0.005704160029471415,LOW,,,NOT_AVAILABLE_IN_SOURCE_DATA,CANNOT_CALCULATE_WITHOUT_CURRENT_SKILLS,Employee-level current skill data unavailable,Continue Development and Monitor Progress
521,40,Research & Development,Laboratory Technician,3448,0.0704763455710339,LOW,,,NOT_AVAILABLE_IN_SOURCE_DATA,CANNOT_CALCULATE_WITHOUT_CURRENT_SKILLS,Employee-level current skill data unavailable,Continue Development and Monitor Progress
522,54,Research & Development,Research Director,19406,0.009727511833119536,LOW,,,NOT_AVAILABLE_IN_SOURCE_DATA,CANNOT_CALCULATE_WITHOUT_CURRENT_SKILLS,Employee-level current skill data unavailable,Continue Development and Monitor Progress
523,34,Sales,Sales Executive,6538,0.07285192213036241,LOW,33.47861286320169,LOW,NOT_AVAILABLE_IN_SOURCE_DATA,CANNOT_CALCULATE_WITHOUT_CURRENT_SKILLS,Employee-level current skill data unavailable,Engagement Improvement + Upskilling Discussion
524,31,Research & Development,Manufacturing Director,4306,0.013261415146201851,LOW,,,NOT_AVAILABLE_IN_SOURCE_DATA,CANNOT_CALCULATE_WITHOUT_CURRENT_SKILLS,Employee-level current skill data unavailable,Continue Development and Monitor Progress
525,43,Research & Development,Laboratory Technician,2258,0.23902924632900277,LOW,,,NOT_AVAILABLE_IN_SOURCE_DATA,CANNOT_CALCULATE_WITHOUT_CURRENT_SKILLS,Employee-level current skill data unavailable,Continue Development and Monitor Progress
526,43,Research & Development,Healthcare Representative,4522,0.025691625600708833,LOW,,,NOT_AVAILABLE_IN_SOURCE_DATA,CANNOT_CALCULATE_WITHOUT_CURRENT_SKILLS,Employee-level current skill data unavailable,Continue Development and Monitor Progress
527,25,Sales,Sales Executive,4487,0.5381905827214672,MEDIUM,33.47861286320169,LOW,NOT_AVAILABLE_IN_SOURCE_DATA,CANNOT_CALCULATE_WITHOUT_CURRENT_SKILLS,Employee-level current skill data unavailable,Engagement Improvement + Upskilling Discussion
529,37,Research & Development,Research Scientist,4449,0.11161518440612136,LOW,,,NOT_AVAILABLE_IN_SOURCE_DATA,CANNOT_CALCULATE_WITHOUT_CURRENT_SKILLS,Employee-level current skill data unavailable,Continue Development and Monitor Progress
530,31,Research & Development,Laboratory Technician,2218,0.14495060003944255,LOW,,,NOT_AVAILABLE_IN_SOURCE_DATA,CANNOT_CALCULATE_WITHOUT_CURRENT_SKILLS,Employee-level current skill data unavailable,Continue Development and Monitor Progress
531,39,Research & Development,Manager,19197,0.05607013863148298,LOW,,,NOT_AVAILABLE_IN_SOURCE_DATA,CANNOT_CALCULATE_WITHOUT_CURRENT_SKILLS,Employee-level current skill data unavailable,Continue Development and Monitor Progress
532,56,Sales,Sales Executive,13212,0.01998463501129271,LOW,33.47861286320169,LOW,NOT_AVAILABLE_IN_SOURCE_DATA,CANNOT_CALCULATE_WITHOUT_CURRENT_SKILLS,Employee-level current skill data unavailable,Engagement Improvement + Upskilling Discussion
533,30,Sales,Sales Executive,6577,0.18219111472519203,LOW,33.47861286320169,LOW,NOT_AVAILABLE_IN_SOURCE_DATA,CANNOT_CALCULATE_WITHOUT_CURRENT_SKILLS,Employee-level current skill data unavailable,Engagement Improvement + Upskilling Discussion
534,41,Sales,Sales Executive,8392,0.01499486744328384,LOW,33.47861286320169,LOW,NOT_AVAILABLE_IN_SOURCE_DATA,CANNOT_CALCULATE_WITHOUT_CURRENT_SKILLS,Employee-level current skill data unavailable,Engagement Improvement + Upskilling Discussion
536,28,Research & Development,Laboratory Technician,4558,0.09197323591717957,LOW,,,NOT_AVAILABLE_IN_SOURCE_DATA,CANNOT_CALCULATE_WITHOUT_CURRENT_SKILLS,Employee-level current skill data unavailable,Continue Development and Monitor Progress
538,25,Research & Development,Laboratory Technician,4031,0.2385057569692309,LOW,,,NOT_AVAILABLE_IN_SOURCE_DATA,CANNOT_CALCULATE_WITHOUT_CURRENT_SKILLS,Employee-level current skill data unavailable,Continue Development and Monitor Progress
543,52,Research & Development,Manufacturing Director,7969,0.006497224397769871,LOW,,,NOT_AVAILABLE_IN_SOURCE_DATA,CANNOT_CALCULATE_WITHOUT_CURRENT_SKILLS,Employee-level current skill data unavailable,Continue Development and Monitor Progress
544,45,Research & Development,Research Scientist,2654,0.012278522352380224,LOW,,,NOT_AVAILABLE_IN_SOURCE_DATA,CANNOT_CALCULATE_WITHOUT_CURRENT_SKILLS,Employee-level current skill data unavailable,Continue Development and Monitor Progress
546,52,Research & Development,Manager,16555,0.0013837273839566683,LOW,,,NOT_AVAILABLE_IN_SOURCE_DATA,CANNOT_CALCULATE_WITHOUT_CURRENT_SKILLS,Employee-level current skill data unavailable,Continue Development and Monitor Progress
547,42,Research & Development,Research Scientist,4556,0.06199948434923896,LOW,,,NOT_AVAILABLE_IN_SOURCE_DATA,CANNOT_CALCULATE_WITHOUT_CURRENT_SKILLS,Employee-level current skill data unavailable,Continue Development and Monitor Progress
548,30,Research & Development,Manufacturing Director,6091,0.03379963272425802,LOW,,,NOT_AVAILABLE_IN_SOURCE_DATA,CANNOT_CALCULATE_WITHOUT_CURRENT_SKILLS,Employee-level current skill data unavailable,Continue Development and Monitor Progress
549,60,Research & Development,Manager,19566,0.044136016399709065,LOW,,,NOT_AVAILABLE_IN_SOURCE_DATA,CANNOT_CALCULATE_WITHOUT_CURRENT_SKILLS,Employee-level current skill data unavailable,Continue Development and Monitor Progress
550,46,Research & Development,Manufacturing Director,4810,0.0014335780627629596,LOW,,,NOT_AVAILABLE_IN_SOURCE_DATA,CANNOT_CALCULATE_WITHOUT_CURRENT_SKILLS,Employee-level current skill data unavailable,Continue Development and Monitor Progress
551,42,Research & Development,Healthcare Representative,4523,0.0044303664115055855,LOW,,,NOT_AVAILABLE_IN_SOURCE_DATA,CANNOT_CALCULATE_WITHOUT_CURRENT_SKILLS,Employee-level current skill data unavailable,Continue Development and Monitor Progress
554,24,Sales,Sales Representative,3202,0.8437919820355475,HIGH,33.47861286320169,LOW,NOT_AVAILABLE_IN_SOURCE_DATA,CANNOT_CALCULATE_WITHOUT_CURRENT_SKILLS,Employee-level current skill data unavailable,Retention Review + Targeted Development Plan
555,34,Sales,Sales Representative,2351,0.2756317161822124,LOW,33.47861286320169,LOW,NOT_AVAILABLE_IN_SOURCE_DATA,CANNOT_CALCULATE_WITHOUT_CURRENT_SKILLS,Employee-level current skill data unavailable,Engagement Improvement + Upskilling Discussion
556,38,Research & Development,Laboratory Technician,1702,0.24104505035167215,LOW,,,NOT_AVAILABLE_IN_SOURCE_DATA,CANNOT_CALCULATE_WITHOUT_CURRENT_SKILLS,Employee-level current skill data unavailable,Continue Development and Monitor Progress
558,40,Sales,Manager,18041,0.000978128330396371,LOW,33.47861286320169,LOW,NOT_AVAILABLE_IN_SOURCE_DATA,CANNOT_CALCULATE_WITHOUT_CURRENT_SKILLS,Employee-level current skill data unavailable,Engagement Improvement + Upskilling Discussion
560,26,Research & Development,Research Scientist,2886,0.08240928619625124,LOW,,,NOT_AVAILABLE_IN_SOURCE_DATA,CANNOT_CALCULATE_WITHOUT_CURRENT_SKILLS,Employee-level current skill data unavailable,Continue Development and Monitor Progress
562,30,Research & Development,Laboratory Technician,2097,0.03117497880338837,LOW,,,NOT_AVAILABLE_IN_SOURCE_DATA,CANNOT_CALCULATE_WITHOUT_CURRENT_SKILLS,Employee-level current skill data unavailable,Continue Development and Monitor Progress
564,29,Research & Development,Research Director,11935,0.01045953471451889,LOW,,,NOT_AVAILABLE_IN_SOURCE_DATA,CANNOT_CALCULATE_WITHOUT_CURRENT_SKILLS,Employee-level current skill data unavailable,Continue Development and Monitor Progress
565,29,Research & Development,Research Scientist,2546,0.2864311836127453,LOW,,,NOT_AVAILABLE_IN_SOURCE_DATA,CANNOT_CALCULATE_WITHOUT_CURRENT_SKILLS,Employee-level current skill data unavailable,Continue Development and Monitor Progress
566,19,Human Resources,Human Resources,2564,0.4330067034069812,MEDIUM,,,NOT_AVAILABLE_IN_SOURCE_DATA,CANNOT_CALCULATE_WITHOUT_CURRENT_SKILLS,Employee-level current skill data unavailable,Career Development and Skill Assessment
567,30,Sales,Sales Executive,8412,0.026863135215333966,LOW,33.47861286320169,LOW,NOT_AVAILABLE_IN_SOURCE_DATA,CANNOT_CALCULATE_WITHOUT_CURRENT_SKILLS,Employee-level current skill data unavailable,Engagement Improvement + Upskilling Discussion
568,57,Sales,Manager,14118,0.05955068819200929,LOW,33.47861286320169,LOW,NOT_AVAILABLE_IN_SOURCE_DATA,CANNOT_CALCULATE_WITHOUT_CURRENT_SKILLS,Employee-level current skill data unavailable,Engagement Improvement + Upskilling Discussion
569,50,Research & Development,Manager,17046,0.10095977602156447,LOW,,,NOT_AVAILABLE_IN_SOURCE_DATA,CANNOT_CALCULATE_WITHOUT_CURRENT_SKILLS,Employee-level current skill data unavailable,Continue Development and Monitor Progress
571,30,Research & Development,Laboratory Technician,2564,0.020430450528218545,LOW,,,NOT_AVAILABLE_IN_SOURCE_DATA,CANNOT_CALCULATE_WITHOUT_CURRENT_SKILLS,Employee-level current skill data unavailable,Continue Development and Monitor Progress
573,60,Sales,Sales Executive,10266,0.09860108950876852,LOW,33.47861286320169,LOW,NOT_AVAILABLE_IN_SOURCE_DATA,CANNOT_CALCULATE_WITHOUT_CURRENT_SKILLS,Employee-level current skill data unavailable,Engagement Improvement + Upskilling Discussion
574,47,Research & Development,Manufacturing Director,5070,0.0024990236619209035,LOW,,,NOT_AVAILABLE_IN_SOURCE_DATA,CANNOT_CALCULATE_WITHOUT_CURRENT_SKILLS,Employee-level current skill data unavailable,Continue Development and Monitor Progress
575,46,Research & Development,Research Director,17861,0.01861761947918818,LOW,,,NOT_AVAILABLE_IN_SOURCE_DATA,CANNOT_CALCULATE_WITHOUT_CURRENT_SKILLS,Employee-level current skill data unavailable,Continue Development and Monitor Progress
577,35,Research & Development,Laboratory Technician,4230,0.3658621367005666,LOW,,,NOT_AVAILABLE_IN_SOURCE_DATA,CANNOT_CALCULATE_WITHOUT_CURRENT_SKILLS,Employee-level current skill data unavailable,Continue Development and Monitor Progress
578,54,Research & Development,Laboratory Technician,3780,0.08013693035826698,LOW,,,NOT_AVAILABLE_IN_SOURCE_DATA,CANNOT_CALCULATE_WITHOUT_CURRENT_SKILLS,Employee-level current skill data unavailable,Continue Development and Monitor Progress
579,34,Research & Development,Research Scientist,2768,0.011666062565830351,LOW,,,NOT_AVAILABLE_IN_SOURCE_DATA,CANNOT_CALCULATE_WITHOUT_CURRENT_SKILLS,Employee-level current skill data unavailable,Continue Development and Monitor Progress
580,46,Sales,Sales Executive,9071,0.09066785379653358,LOW,33.47861286320169,LOW,NOT_AVAILABLE_IN_SOURCE_DATA,CANNOT_CALCULATE_WITHOUT_CURRENT_SKILLS,Employee-level current skill data unavailable,Engagement Improvement + Upskilling Discussion
581,31,Research & Development,Manufacturing Director,10648,0.0012960163890466964,LOW,,,NOT_AVAILABLE_IN_SOURCE_DATA,CANNOT_CALCULATE_WITHOUT_CURRENT_SKILLS,Employee-level current skill data unavailable,Continue Development and Monitor Progress
582,33,Research & Development,Manager,13610,0.2761719489851873,LOW,,,NOT_AVAILABLE_IN_SOURCE_DATA,CANNOT_CALCULATE_WITHOUT_CURRENT_SKILLS,Employee-level current skill data unavailable,Continue Development and Monitor Progress
584,33,Research & Development,Laboratory Technician,3408,0.3124964582214559,LOW,,,NOT_AVAILABLE_IN_SOURCE_DATA,CANNOT_CALCULATE_WITHOUT_CURRENT_SKILLS,Employee-level current skill data unavailable,Continue Development and Monitor Progress
585,30,Sales,Sales Representative,2983,0.3301234257838548,LOW,33.47861286320169,LOW,NOT_AVAILABLE_IN_SOURCE_DATA,CANNOT_CALCULATE_WITHOUT_CURRENT_SKILLS,Employee-level current skill data unavailable,Engagement Improvement + Upskilling Discussion
586,35,Research & Development,Healthcare Representative,7632,0.10392681974899294,LOW,,,NOT_AVAILABLE_IN_SOURCE_DATA,CANNOT_CALCULATE_WITHOUT_CURRENT_SKILLS,Employee-level current skill data unavailable,Continue Development and Monitor Progress
587,31,Research & Development,Healthcare Representative,9824,0.32615723045931533,LOW,,,NOT_AVAILABLE_IN_SOURCE_DATA,CANNOT_CALCULATE_WITHOUT_CURRENT_SKILLS,Employee-level current skill data unavailable,Continue Development and Monitor Progress
590,34,Human Resources,Human Resources,9950,0.9042524783781027,HIGH,,,NOT_AVAILABLE_IN_SOURCE_DATA,CANNOT_CALCULATE_WITHOUT_CURRENT_SKILLS,Employee-level current skill data unavailable,Retention Review + Targeted Development Plan
591,42,Research & Development,Laboratory Technician,2093,0.08358099243922183,LOW,,,NOT_AVAILABLE_IN_SOURCE_DATA,CANNOT_CALCULATE_WITHOUT_CURRENT_SKILLS,Employee-level current skill data unavailable,Continue Development and Monitor Progress
592,36,Sales,Sales Executive,9980,0.07490795282219095,LOW,33.47861286320169,LOW,NOT_AVAILABLE_IN_SOURCE_DATA,CANNOT_CALCULATE_WITHOUT_CURRENT_SKILLS,Employee-level current skill data unavailable,Engagement Improvement + Upskilling Discussion
593,22,Research & Development,Laboratory Technician,3894,0.7529570112227846,HIGH,,,NOT_AVAILABLE_IN_SOURCE_DATA,CANNOT_CALCULATE_WITHOUT_CURRENT_SKILLS,Employee-level current skill data unavailable,Retention Review + Targeted Development Plan
595,48,Sales,Sales Executive,4051,0.019660614244583572,LOW,33.47861286320169,LOW,NOT_AVAILABLE_IN_SOURCE_DATA,CANNOT_CALCULATE_WITHOUT_CURRENT_SKILLS,Employee-level current skill data unavailable,Engagement Improvement + Upskilling Discussion
597,55,Sales,Manager,16835,0.022927622497604654,LOW,33.47861286320169,LOW,NOT_AVAILABLE_IN_SOURCE_DATA,CANNOT_CALCULATE_WITHOUT_CURRENT_SKILLS,Employee-level current skill data unavailable,Engagement Improvement + Upskilling Discussion
599,41,Sales,Sales Executive,6230,0.008249130962842964,LOW,33.47861286320169,LOW,NOT_AVAILABLE_IN_SOURCE_DATA,CANNOT_CALCULATE_WITHOUT_CURRENT_SKILLS,Employee-level current skill data unavailable,Engagement Improvement + Upskilling Discussion
600,35,Sales,Sales Executive,4717,0.12299119681167074,LOW,33.47861286320169,LOW,NOT_AVAILABLE_IN_SOURCE_DATA,CANNOT_CALCULATE_WITHOUT_CURRENT_SKILLS,Employee-level current skill data unavailable,Engagement Improvement + Upskilling Discussion
601,40,Research & Development,Manufacturing Director,13237,0.026173058487607544,LOW,,,NOT_AVAILABLE_IN_SOURCE_DATA,CANNOT_CALCULATE_WITHOUT_CURRENT_SKILLS,Employee-level current skill data unavailable,Continue Development and Monitor Progress
602,39,Research & Development,Laboratory Technician,3755,0.0529450592116899,LOW,,,NOT_AVAILABLE_IN_SOURCE_DATA,CANNOT_CALCULATE_WITHOUT_CURRENT_SKILLS,Employee-level current skill data unavailable,Continue Development and Monitor Progress
604,31,Sales,Sales Executive,6582,0.21376991925728966,LOW,33.47861286320169,LOW,NOT_AVAILABLE_IN_SOURCE_DATA,CANNOT_CALCULATE_WITHOUT_CURRENT_SKILLS,Employee-level current skill data unavailable,Engagement Improvement + Upskilling Discussion
605,42,Research & Development,Manufacturing Director,7406,0.06168405536095976,LOW,,,NOT_AVAILABLE_IN_SOURCE_DATA,CANNOT_CALCULATE_WITHOUT_CURRENT_SKILLS,Employee-level current skill data unavailable,Continue Development and Monitor Progress
606,45,Sales,Sales Executive,4805,0.0025650405436299377,LOW,33.47861286320169,LOW,NOT_AVAILABLE_IN_SOURCE_DATA,CANNOT_CALCULATE_WITHOUT_CURRENT_SKILLS,Employee-level current skill data unavailable,Engagement Improvement + Upskilling Discussion
608,26,Human Resources,Human Resources,2741,0.6312149523206395,MEDIUM,,,NOT_AVAILABLE_IN_SOURCE_DATA,CANNOT_CALCULATE_WITHOUT_CURRENT_SKILLS,Employee-level current skill data unavailable,Career Development and Skill Assessment
611,29,Research & Development,Manufacturing Director,4262,0.024578167244183095,LOW,,,NOT_AVAILABLE_IN_SOURCE_DATA,CANNOT_CALCULATE_WITHOUT_CURRENT_SKILLS,Employee-level current skill data unavailable,Continue Development and Monitor Progress
612,33,Research & Development,Research Director,16184,0.004808500653306288,LOW,,,NOT_AVAILABLE_IN_SOURCE_DATA,CANNOT_CALCULATE_WITHOUT_CURRENT_SKILLS,Employee-level current skill data unavailable,Continue Development and Monitor Progress
613,31,Sales,Manager,11557,0.13372664417143773,LOW,33.47861286320169,LOW,NOT_AVAILABLE_IN_SOURCE_DATA,CANNOT_CALCULATE_WITHOUT_CURRENT_SKILLS,Employee-level current skill data unavailable,Engagement Improvement + Upskilling Discussion
614,18,Sales,Sales Representative,1878,0.960075427878348,HIGH,33.47861286320169,LOW,NOT_AVAILABLE_IN_SOURCE_DATA,CANNOT_CALCULATE_WITHOUT_CURRENT_SKILLS,Employee-level current skill data unavailable,Retention Review + Targeted Development Plan
615,40,Sales,Sales Executive,10932,0.057559529083542296,LOW,33.47861286320169,LOW,NOT_AVAILABLE_IN_SOURCE_DATA,CANNOT_CALCULATE_WITHOUT_CURRENT_SKILLS,Employee-level current skill data unavailable,Engagement Improvement + Upskilling Discussion
616,41,Research & Development,Healthcare Representative,6811,0.03277180420326739,LOW,,,NOT_AVAILABLE_IN_SOURCE_DATA,CANNOT_CALCULATE_WITHOUT_CURRENT_SKILLS,Employee-level current skill data unavailable,Continue Development and Monitor Progress
618,26,Sales,Sales Executive,4306,0.3402426941335192,LOW,33.47861286320169,LOW,NOT_AVAILABLE_IN_SOURCE_DATA,CANNOT_CALCULATE_WITHOUT_CURRENT_SKILLS,Employee-level current skill data unavailable,Engagement Improvement + Upskilling Discussion
620,35,Sales,Sales Executive,4859,0.04762132140146864,LOW,33.47861286320169,LOW,NOT_AVAILABLE_IN_SOURCE_DATA,CANNOT_CALCULATE_WITHOUT_CURRENT_SKILLS,Employee-level current skill data unavailable,Engagement Improvement + Upskilling Discussion
621,34,Sales,Sales Executive,5337,0.023931235500708085,LOW,33.47861286320169,LOW,NOT_AVAILABLE_IN_SOURCE_DATA,CANNOT_CALCULATE_WITHOUT_CURRENT_SKILLS,Employee-level current skill data unavailable,Engagement Improvement + Upskilling Discussion
622,26,Research & Development,Laboratory Technician,2340,0.9766598563167037,HIGH,,,NOT_AVAILABLE_IN_SOURCE_DATA,CANNOT_CALCULATE_WITHOUT_CURRENT_SKILLS,Employee-level current skill data unavailable,Retention Review + Targeted Development Plan
623,37,Research & Development,Manufacturing Director,7491,0.017653695358760147,LOW,,,NOT_AVAILABLE_IN_SOURCE_DATA,CANNOT_CALCULATE_WITHOUT_CURRENT_SKILLS,Employee-level current skill data unavailable,Continue Development and Monitor Progress
624,46,Research & Development,Healthcare Representative,10527,0.030407905944046316,LOW,,,NOT_AVAILABLE_IN_SOURCE_DATA,CANNOT_CALCULATE_WITHOUT_CURRENT_SKILLS,Employee-level current skill data unavailable,Continue Development and Monitor Progress
625,41,Sales,Manager,16595,0.07740058665435932,LOW,33.47861286320169,LOW,NOT_AVAILABLE_IN_SOURCE_DATA,CANNOT_CALCULATE_WITHOUT_CURRENT_SKILLS,Employee-level current skill data unavailable,Engagement Improvement + Upskilling Discussion
626,37,Sales,Sales Executive,8834,0.02088029375877637,LOW,33.47861286320169,LOW,NOT_AVAILABLE_IN_SOURCE_DATA,CANNOT_CALCULATE_WITHOUT_CURRENT_SKILLS,Employee-level current skill data unavailable,Engagement Improvement + Upskilling Discussion
630,52,Research & Development,Research Scientist,5577,0.03608467256889343,LOW,,,NOT_AVAILABLE_IN_SOURCE_DATA,CANNOT_CALCULATE_WITHOUT_CURRENT_SKILLS,Employee-level current skill data unavailable,Continue Development and Monitor Progress
631,32,Sales,Sales Executive,4707,0.0182175937585318,LOW,33.47861286320169,LOW,NOT_AVAILABLE_IN_SOURCE_DATA,CANNOT_CALCULATE_WITHOUT_CURRENT_SKILLS,Employee-level current skill data unavailable,Engagement Improvement + Upskilling Discussion
632,24,Sales,Sales Representative,2400,0.17819962763620917,LOW,33.47861286320169,LOW,NOT_AVAILABLE_IN_SOURCE_DATA,CANNOT_CALCULATE_WITHOUT_CURRENT_SKILLS,Employee-level current skill data unavailable,Engagement Improvement + Upskilling Discussion
634,38,Research & Development,Healthcare Representative,9824,0.003296842614018799,LOW,,,NOT_AVAILABLE_IN_SOURCE_DATA,CANNOT_CALCULATE_WITHOUT_CURRENT_SKILLS,Employee-level current skill data unavailable,Continue Development and Monitor Progress
635,37,Research & Development,Manufacturing Director,6447,0.08971056107903223,LOW,,,NOT_AVAILABLE_IN_SOURCE_DATA,CANNOT_CALCULATE_WITHOUT_CURRENT_SKILLS,Employee-level current skill data unavailable,Continue Development and Monitor Progress
638,49,Research & Development,Research Director,19502,0.0023789199345286317,LOW,,,NOT_AVAILABLE_IN_SOURCE_DATA,CANNOT_CALCULATE_WITHOUT_CURRENT_SKILLS,Employee-level current skill data unavailable,Continue Development and Monitor Progress
639,24,Research & Development,Research Scientist,2725,0.08609752731321166,LOW,,,NOT_AVAILABLE_IN_SOURCE_DATA,CANNOT_CALCULATE_WITHOUT_CURRENT_SKILLS,Employee-level current skill data unavailable,Continue Development and Monitor Progress
641,26,Sales,Sales Executive,6272,0.0930398487382512,LOW,33.47861286320169,LOW,NOT_AVAILABLE_IN_SOURCE_DATA,CANNOT_CALCULATE_WITHOUT_CURRENT_SKILLS,Employee-level current skill data unavailable,Engagement Improvement + Upskilling Discussion
643,24,Research & Development,Laboratory Technician,2127,0.12522300225720265,LOW,,,NOT_AVAILABLE_IN_SOURCE_DATA,CANNOT_CALCULATE_WITHOUT_CURRENT_SKILLS,Employee-level current skill data unavailable,Continue Development and Monitor Progress
644,50,Human Resources,Manager,18200,0.0809922159818901,LOW,,,NOT_AVAILABLE_IN_SOURCE_DATA,CANNOT_CALCULATE_WITHOUT_CURRENT_SKILLS,Employee-level current skill data unavailable,Continue Development and Monitor Progress
645,25,Sales,Sales Representative,2096,0.14712127512064055,LOW,33.47861286320169,LOW,NOT_AVAILABLE_IN_SOURCE_DATA,CANNOT_CALCULATE_WITHOUT_CURRENT_SKILLS,Employee-level current skill data unavailable,Engagement Improvement + Upskilling Discussion
647,24,Research & Development,Laboratory Technician,2886,0.5534656660445264,MEDIUM,,,NOT_AVAILABLE_IN_SOURCE_DATA,CANNOT_CALCULATE_WITHOUT_CURRENT_SKILLS,Employee-level current skill data unavailable,Career Development and Skill Assessment
648,30,Sales,Sales Representative,2033,0.6558649566587521,MEDIUM,33.47861286320169,LOW,NOT_AVAILABLE_IN_SOURCE_DATA,CANNOT_CALCULATE_WITHOUT_CURRENT_SKILLS,Employee-level current skill data unavailable,Engagement Improvement + Upskilling Discussion
649,34,Research & Development,Research Scientist,3622,0.06012984196693039,LOW,,,NOT_AVAILABLE_IN_SOURCE_DATA,CANNOT_CALCULATE_WITHOUT_CURRENT_SKILLS,Employee-level current skill data unavailable,Continue Development and Monitor Progress
650,31,Sales,Sales Executive,4233,0.33106588471283815,LOW,33.47861286320169,LOW,NOT_AVAILABLE_IN_SOURCE_DATA,CANNOT_CALCULATE_WITHOUT_CURRENT_SKILLS,Employee-level current skill data unavailable,Engagement Improvement + Upskilling Discussion
652,35,Research & Development,Laboratory Technician,3681,0.3437372559452475,LOW,,,NOT_AVAILABLE_IN_SOURCE_DATA,CANNOT_CALCULATE_WITHOUT_CURRENT_SKILLS,Employee-level current skill data unavailable,Continue Development and Monitor Progress
653,31,Sales,Sales Executive,5460,0.00596067579453682,LOW,33.47861286320169,LOW,NOT_AVAILABLE_IN_SOURCE_DATA,CANNOT_CALCULATE_WITHOUT_CURRENT_SKILLS,Employee-level current skill data unavailable,Engagement Improvement + Upskilling Discussion
655,27,Research & Development,Research Scientist,2187,0.02015709597360425,LOW,,,NOT_AVAILABLE_IN_SOURCE_DATA,CANNOT_CALCULATE_WITHOUT_CURRENT_SKILLS,Employee-level current skill data unavailable,Continue Development and Monitor Progress
656,37,Sales,Sales Executive,9602,0.1721960037394704,LOW,33.47861286320169,LOW,NOT_AVAILABLE_IN_SOURCE_DATA,CANNOT_CALCULATE_WITHOUT_CURRENT_SKILLS,Employee-level current skill data unavailable,Engagement Improvement + Upskilling Discussion
657,20,Research & Development,Research Scientist,2836,0.08284908083870814,LOW,,,NOT_AVAILABLE_IN_SOURCE_DATA,CANNOT_CALCULATE_WITHOUT_CURRENT_SKILLS,Employee-level current skill data unavailable,Continue Development and Monitor Progress
659,42,Research & Development,Healthcare Representative,4089,0.0027419444305634864,LOW,,,NOT_AVAILABLE_IN_SOURCE_DATA,CANNOT_CALCULATE_WITHOUT_CURRENT_SKILLS,Employee-level current skill data unavailable,Continue Development and Monitor Progress
661,43,Research & Development,Research Director,16627,0.031044839216207695,LOW,,,NOT_AVAILABLE_IN_SOURCE_DATA,CANNOT_CALCULATE_WITHOUT_CURRENT_SKILLS,Employee-level current skill data unavailable,Continue Development and Monitor Progress
662,38,Research & Development,Research Scientist,2619,0.06273518118252705,LOW,,,NOT_AVAILABLE_IN_SOURCE_DATA,CANNOT_CALCULATE_WITHOUT_CURRENT_SKILLS,Employee-level current skill data unavailable,Continue Development and Monitor Progress
663,43,Research & Development,Laboratory Technician,5679,0.22647838883543864,LOW,,,NOT_AVAILABLE_IN_SOURCE_DATA,CANNOT_CALCULATE_WITHOUT_CURRENT_SKILLS,Employee-level current skill data unavailable,Continue Development and Monitor Progress
664,48,Research & Development,Manager,15402,0.05331524317590003,LOW,,,NOT_AVAILABLE_IN_SOURCE_DATA,CANNOT_CALCULATE_WITHOUT_CURRENT_SKILLS,Employee-level current skill data unavailable,Continue Development and Monitor Progress
665,44,Human Resources,Human Resources,5985,0.16765030628857666,LOW,,,NOT_AVAILABLE_IN_SOURCE_DATA,CANNOT_CALCULATE_WITHOUT_CURRENT_SKILLS,Employee-level current skill data unavailable,Continue Development and Monitor Progress
666,34,Sales,Sales Representative,2579,0.16452578921987251,LOW,33.47861286320169,LOW,NOT_AVAILABLE_IN_SOURCE_DATA,CANNOT_CALCULATE_WITHOUT_CURRENT_SKILLS,Employee-level current skill data unavailable,Engagement Improvement + Upskilling Discussion
667,27,Sales,Sales Representative,3041,0.15879306375118846,LOW,33.47861286320169,LOW,NOT_AVAILABLE_IN_SOURCE_DATA,CANNOT_CALCULATE_WITHOUT_CURRENT_SKILLS,Employee-level current skill data unavailable,Engagement Improvement + Upskilling Discussion
669,21,Sales,Sales Representative,3447,0.6486884353440995,MEDIUM,33.47861286320169,LOW,NOT_AVAILABLE_IN_SOURCE_DATA,CANNOT_CALCULATE_WITHOUT_CURRENT_SKILLS,Employee-level current skill data unavailable,Engagement Improvement + Upskilling Discussion
671,44,Research & Development,Manager,19513,0.0101061009324899,LOW,,,NOT_AVAILABLE_IN_SOURCE_DATA,CANNOT_CALCULATE_WITHOUT_CURRENT_SKILLS,Employee-level current skill data unavailable,Continue Development and Monitor Progress
675,22,Research & Development,Research Scientist,2773,0.04851115846185727,LOW,,,NOT_AVAILABLE_IN_SOURCE_DATA,CANNOT_CALCULATE_WITHOUT_CURRENT_SKILLS,Employee-level current skill data unavailable,Continue Development and Monitor Progress
677,33,Sales,Sales Executive,7104,0.045758538548132915,LOW,33.47861286320169,LOW,NOT_AVAILABLE_IN_SOURCE_DATA,CANNOT_CALCULATE_WITHOUT_CURRENT_SKILLS,Employee-level current skill data unavailable,Engagement Improvement + Upskilling Discussion
679,32,Research & Development,Research Scientist,6322,0.09397947861705805,LOW,,,NOT_AVAILABLE_IN_SOURCE_DATA,CANNOT_CALCULATE_WITHOUT_CURRENT_SKILLS,Employee-level current skill data unavailable,Continue Development and Monitor Progress
680,30,Research & Development,Research Scientist,2083,0.032920195182070365,LOW,,,NOT_AVAILABLE_IN_SOURCE_DATA,CANNOT_CALCULATE_WITHOUT_CURRENT_SKILLS,Employee-level current skill data unavailable,Continue Development and Monitor Progress
682,53,Sales,Sales Executive,8381,0.018915761707087315,LOW,33.47861286320169,LOW,NOT_AVAILABLE_IN_SOURCE_DATA,CANNOT_CALCULATE_WITHOUT_CURRENT_SKILLS,Employee-level current skill data unavailable,Engagement Improvement + Upskilling Discussion
683,34,Research & Development,Research Scientist,2691,0.00929508343902162,LOW,,,NOT_AVAILABLE_IN_SOURCE_DATA,CANNOT_CALCULATE_WITHOUT_CURRENT_SKILLS,Employee-level current skill data unavailable,Continue Development and Monitor Progress
684,45,Sales,Sales Executive,4286,0.24092051403479856,LOW,33.47861286320169,LOW,NOT_AVAILABLE_IN_SOURCE_DATA,CANNOT_CALCULATE_WITHOUT_CURRENT_SKILLS,Employee-level current skill data unavailable,Engagement Improvement + Upskilling Discussion
686,26,Research & Development,Laboratory Technician,2659,0.19802110416378682,LOW,,,NOT_AVAILABLE_IN_SOURCE_DATA,CANNOT_CALCULATE_WITHOUT_CURRENT_SKILLS,Employee-level current skill data unavailable,Continue Development and Monitor Progress
689,37,Research & Development,Manufacturing Director,9434,0.005798879132015881,LOW,,,NOT_AVAILABLE_IN_SOURCE_DATA,CANNOT_CALCULATE_WITHOUT_CURRENT_SKILLS,Employee-level current skill data unavailable,Continue Development and Monitor Progress
690,29,Sales,Sales Executive,5561,0.07404660759973482,LOW,33.47861286320169,LOW,NOT_AVAILABLE_IN_SOURCE_DATA,CANNOT_CALCULATE_WITHOUT_CURRENT_SKILLS,Employee-level current skill data unavailable,Engagement Improvement + Upskilling Discussion
691,35,Research & Development,Research Scientist,6646,0.11854232853169165,LOW,,,NOT_AVAILABLE_IN_SOURCE_DATA,CANNOT_CALCULATE_WITHOUT_CURRENT_SKILLS,Employee-level current skill data unavailable,Continue Development and Monitor Progress
692,33,Research & Development,Healthcare Representative,7725,0.013448924374611837,LOW,,,NOT_AVAILABLE_IN_SOURCE_DATA,CANNOT_CALCULATE_WITHOUT_CURRENT_SKILLS,Employee-level current skill data unavailable,Continue Development and Monitor Progress
698,54,Human Resources,Human Resources,10725,0.038254532805086026,LOW,,,NOT_AVAILABLE_IN_SOURCE_DATA,CANNOT_CALCULATE_WITHOUT_CURRENT_SKILLS,Employee-level current skill data unavailable,Continue Development and Monitor Progress
699,36,Research & Development,Manufacturing Director,8847,0.1508675180743247,LOW,,,NOT_AVAILABLE_IN_SOURCE_DATA,CANNOT_CALCULATE_WITHOUT_CURRENT_SKILLS,Employee-level current skill data unavailable,Continue Development and Monitor Progress
700,27,Research & Development,Research Scientist,2045,0.11353353826933638,LOW,,,NOT_AVAILABLE_IN_SOURCE_DATA,CANNOT_CALCULATE_WITHOUT_CURRENT_SKILLS,Employee-level current skill data unavailable,Continue Development and Monitor Progress
701,20,Research & Development,Research Scientist,1009,0.24869384281130844,LOW,,,NOT_AVAILABLE_IN_SOURCE_DATA,CANNOT_CALCULATE_WITHOUT_CURRENT_SKILLS,Employee-level current skill data unavailable,Continue Development and Monitor Progress
702,33,Research & Development,Research Scientist,3348,0.8523706615672819,HIGH,,,NOT_AVAILABLE_IN_SOURCE_DATA,CANNOT_CALCULATE_WITHOUT_CURRENT_SKILLS,Employee-level current skill data unavailable,Retention Review + Targeted Development Plan
704,35,Research & Development,Laboratory Technician,1281,0.028810793514919324,LOW,,,NOT_AVAILABLE_IN_SOURCE_DATA,CANNOT_CALCULATE_WITHOUT_CURRENT_SKILLS,Employee-level current skill data unavailable,Continue Development and Monitor Progress
705,23,Research & Development,Research Scientist,2819,0.055510927362971765,LOW,,,NOT_AVAILABLE_IN_SOURCE_DATA,CANNOT_CALCULATE_WITHOUT_CURRENT_SKILLS,Employee-level current skill data unavailable,Continue Development and Monitor Progress
707,25,Sales,Sales Executive,4851,0.020270002392565968,LOW,33.47861286320169,LOW,NOT_AVAILABLE_IN_SOURCE_DATA,CANNOT_CALCULATE_WITHOUT_CURRENT_SKILLS,Employee-level current skill data unavailable,Engagement Improvement + Upskilling Discussion
709,38,Sales,Sales Executive,4028,0.029158863977692122,LOW,33.47861286320169,LOW,NOT_AVAILABLE_IN_SOURCE_DATA,CANNOT_CALCULATE_WITHOUT_CURRENT_SKILLS,Employee-level current skill data unavailable,Engagement Improvement + Upskilling Discussion
710,29,Research & Development,Research Scientist,2720,0.016260935871962968,LOW,,,NOT_AVAILABLE_IN_SOURCE_DATA,CANNOT_CALCULATE_WITHOUT_CURRENT_SKILLS,Employee-level current skill data unavailable,Continue Development and Monitor Progress
712,48,Sales,Sales Executive,8120,0.026988036842678195,LOW,33.47861286320169,LOW,NOT_AVAILABLE_IN_SOURCE_DATA,CANNOT_CALCULATE_WITHOUT_CURRENT_SKILLS,Employee-level current skill data unavailable,Engagement Improvement + Upskilling Discussion
714,27,Sales,Sales Executive,4647,0.03576683528265187,LOW,33.47861286320169,LOW,NOT_AVAILABLE_IN_SOURCE_DATA,CANNOT_CALCULATE_WITHOUT_CURRENT_SKILLS,Employee-level current skill data unavailable,Engagement Improvement + Upskilling Discussion
715,37,Research & Development,Research Scientist,4680,0.036931128645018144,LOW,,,NOT_AVAILABLE_IN_SOURCE_DATA,CANNOT_CALCULATE_WITHOUT_CURRENT_SKILLS,Employee-level current skill data unavailable,Continue Development and Monitor Progress
716,50,Research & Development,Laboratory Technician,3221,0.01550531412373346,LOW,,,NOT_AVAILABLE_IN_SOURCE_DATA,CANNOT_CALCULATE_WITHOUT_CURRENT_SKILLS,Employee-level current skill data unavailable,Continue Development and Monitor Progress
717,34,Research & Development,Healthcare Representative,8621,0.02792920389388997,LOW,,,NOT_AVAILABLE_IN_SOURCE_DATA,CANNOT_CALCULATE_WITHOUT_CURRENT_SKILLS,Employee-level current skill data unavailable,Continue Development and Monitor Progress
720,24,Sales,Sales Executive,4577,0.7389137515982738,HIGH,33.47861286320169,LOW,NOT_AVAILABLE_IN_SOURCE_DATA,CANNOT_CALCULATE_WITHOUT_CURRENT_SKILLS,Employee-level current skill data unavailable,Retention Review + Targeted Development Plan
721,39,Research & Development,Healthcare Representative,4553,0.03520105626061907,LOW,,,NOT_AVAILABLE_IN_SOURCE_DATA,CANNOT_CALCULATE_WITHOUT_CURRENT_SKILLS,Employee-level current skill data unavailable,Continue Development and Monitor Progress
722,32,Sales,Sales Executive,5396,0.021782178487900962,LOW,33.47861286320169,LOW,NOT_AVAILABLE_IN_SOURCE_DATA,CANNOT_CALCULATE_WITHOUT_CURRENT_SKILLS,Employee-level current skill data unavailable,Engagement Improvement + Upskilling Discussion
723,50,Sales,Sales Executive,6796,0.3363545565143394,LOW,33.47861286320169,LOW,NOT_AVAILABLE_IN_SOURCE_DATA,CANNOT_CALCULATE_WITHOUT_CURRENT_SKILLS,Employee-level current skill data unavailable,Engagement Improvement + Upskilling Discussion
724,38,Research & Development,Healthcare Representative,7625,0.0025021880127192703,LOW,,,NOT_AVAILABLE_IN_SOURCE_DATA,CANNOT_CALCULATE_WITHOUT_CURRENT_SKILLS,Employee-level current skill data unavailable,Continue Development and Monitor Progress
725,27,Research & Development,Manufacturing Director,7412,0.008461630697411987,LOW,,,NOT_AVAILABLE_IN_SOURCE_DATA,CANNOT_CALCULATE_WITHOUT_CURRENT_SKILLS,Employee-level current skill data unavailable,Continue Development and Monitor Progress
727,32,Research & Development,Research Director,11159,0.005676981906192629,LOW,,,NOT_AVAILABLE_IN_SOURCE_DATA,CANNOT_CALCULATE_WITHOUT_CURRENT_SKILLS,Employee-level current skill data unavailable,Continue Development and Monitor Progress
728,47,Sales,Sales Executive,4960,0.02176436074366018,LOW,33.47861286320169,LOW,NOT_AVAILABLE_IN_SOURCE_DATA,CANNOT_CALCULATE_WITHOUT_CURRENT_SKILLS,Employee-level current skill data unavailable,Engagement Improvement + Upskilling Discussion
729,40,Sales,Sales Executive,10475,0.10492325474316581,LOW,33.47861286320169,LOW,NOT_AVAILABLE_IN_SOURCE_DATA,CANNOT_CALCULATE_WITHOUT_CURRENT_SKILLS,Employee-level current skill data unavailable,Engagement Improvement + Upskilling Discussion
730,53,Research & Development,Research Director,14814,0.0006992777693526536,LOW,,,NOT_AVAILABLE_IN_SOURCE_DATA,CANNOT_CALCULATE_WITHOUT_CURRENT_SKILLS,Employee-level current skill data unavailable,Continue Development and Monitor Progress
731,41,Human Resources,Manager,19141,0.18978011466731295,LOW,,,NOT_AVAILABLE_IN_SOURCE_DATA,CANNOT_CALCULATE_WITHOUT_CURRENT_SKILLS,Employee-level current skill data unavailable,Continue Development and Monitor Progress
732,60,Sales,Sales Executive,5405,0.5072424903937961,MEDIUM,33.47861286320169,LOW,NOT_AVAILABLE_IN_SOURCE_DATA,CANNOT_CALCULATE_WITHOUT_CURRENT_SKILLS,Employee-level current skill data unavailable,Engagement Improvement + Upskilling Discussion
733,27,Research & Development,Manufacturing Director,8793,0.020669573130260396,LOW,,,NOT_AVAILABLE_IN_SOURCE_DATA,CANNOT_CALCULATE_WITHOUT_CURRENT_SKILLS,Employee-level current skill data unavailable,Continue Development and Monitor Progress
734,41,Human Resources,Manager,19189,0.009139867333795395,LOW,,,NOT_AVAILABLE_IN_SOURCE_DATA,CANNOT_CALCULATE_WITHOUT_CURRENT_SKILLS,Employee-level current skill data unavailable,Continue Development and Monitor Progress
738,50,Sales,Sales Representative,3875,0.1383851459865081,LOW,33.47861286320169,LOW,NOT_AVAILABLE_IN_SOURCE_DATA,CANNOT_CALCULATE_WITHOUT_CURRENT_SKILLS,Employee-level current skill data unavailable,Engagement Improvement + Upskilling Discussion
741,28,Research & Development,Research Scientist,2216,0.6227109208085879,MEDIUM,,,NOT_AVAILABLE_IN_SOURCE_DATA,CANNOT_CALCULATE_WITHOUT_CURRENT_SKILLS,Employee-level current skill data unavailable,Career Development and Skill Assessment
742,36,Research & Development,Research Director,11713,0.01701211567493223,LOW,,,NOT_AVAILABLE_IN_SOURCE_DATA,CANNOT_CALCULATE_WITHOUT_CURRENT_SKILLS,Employee-level current skill data unavailable,Continue Development and Monitor Progress
743,38,Research & Development,Manufacturing Director,7861,0.08836059033906599,LOW,,,NOT_AVAILABLE_IN_SOURCE_DATA,CANNOT_CALCULATE_WITHOUT_CURRENT_SKILLS,Employee-level current skill data unavailable,Continue Development and Monitor Progress
744,44,Research & Development,Laboratory Technician,3708,0.20854200480302293,LOW,,,NOT_AVAILABLE_IN_SOURCE_DATA,CANNOT_CALCULATE_WITHOUT_CURRENT_SKILLS,Employee-level current skill data unavailable,Continue Development and Monitor Progress
746,47,Sales,Sales Executive,13770,0.2210673070489126,LOW,33.47861286320169,LOW,NOT_AVAILABLE_IN_SOURCE_DATA,CANNOT_CALCULATE_WITHOUT_CURRENT_SKILLS,Employee-level current skill data unavailable,Engagement Improvement + Upskilling Discussion
747,30,Sales,Sales Executive,5304,0.20256698494243744,LOW,33.47861286320169,LOW,NOT_AVAILABLE_IN_SOURCE_DATA,CANNOT_CALCULATE_WITHOUT_CURRENT_SKILLS,Employee-level current skill data unavailable,Engagement Improvement + Upskilling Discussion
749,29,Sales,Sales Representative,2642,0.26124575433491926,LOW,33.47861286320169,LOW,NOT_AVAILABLE_IN_SOURCE_DATA,CANNOT_CALCULATE_WITHOUT_CURRENT_SKILLS,Employee-level current skill data unavailable,Engagement Improvement + Upskilling Discussion
752,42,Research & Development,Research Scientist,2759,0.30183101949082997,LOW,,,NOT_AVAILABLE_IN_SOURCE_DATA,CANNOT_CALCULATE_WITHOUT_CURRENT_SKILLS,Employee-level current skill data unavailable,Continue Development and Monitor Progress
754,43,Sales,Sales Executive,6804,0.05850020901946534,LOW,33.47861286320169,LOW,NOT_AVAILABLE_IN_SOURCE_DATA,CANNOT_CALCULATE_WITHOUT_CURRENT_SKILLS,Employee-level current skill data unavailable,Engagement Improvement + Upskilling Discussion
757,34,Research & Development,Healthcare Representative,6142,0.05053179827615979,LOW,,,NOT_AVAILABLE_IN_SOURCE_DATA,CANNOT_CALCULATE_WITHOUT_CURRENT_SKILLS,Employee-level current skill data unavailable,Continue Development and Monitor Progress
758,23,Research & Development,Laboratory Technician,2500,0.10169078404695836,LOW,,,NOT_AVAILABLE_IN_SOURCE_DATA,CANNOT_CALCULATE_WITHOUT_CURRENT_SKILLS,Employee-level current skill data unavailable,Continue Development and Monitor Progress
760,39,Human Resources,Human Resources,6389,0.17036054643722176,LOW,,,NOT_AVAILABLE_IN_SOURCE_DATA,CANNOT_CALCULATE_WITHOUT_CURRENT_SKILLS,Employee-level current skill data unavailable,Continue Development and Monitor Progress
762,56,Research & Development,Healthcare Representative,11103,0.00457476170984315,LOW,,,NOT_AVAILABLE_IN_SOURCE_DATA,CANNOT_CALCULATE_WITHOUT_CURRENT_SKILLS,Employee-level current skill data unavailable,Continue Development and Monitor Progress
763,40,Research & Development,Research Scientist,2342,0.07436362943184102,LOW,,,NOT_AVAILABLE_IN_SOURCE_DATA,CANNOT_CALCULATE_WITHOUT_CURRENT_SKILLS,Employee-level current skill data unavailable,Continue Development and Monitor Progress
764,27,Research & Development,Healthcare Representative,6811,0.20172186912831427,LOW,,,NOT_AVAILABLE_IN_SOURCE_DATA,CANNOT_CALCULATE_WITHOUT_CURRENT_SKILLS,Employee-level current skill data unavailable,Continue Development and Monitor Progress
766,29,Sales,Sales Representative,2297,0.10291155874070092,LOW,33.47861286320169,LOW,NOT_AVAILABLE_IN_SOURCE_DATA,CANNOT_CALCULATE_WITHOUT_CURRENT_SKILLS,Employee-level current skill data unavailable,Engagement Improvement + Upskilling Discussion
769,53,Research & Development,Laboratory Technician,2450,0.011261764794593128,LOW,,,NOT_AVAILABLE_IN_SOURCE_DATA,CANNOT_CALCULATE_WITHOUT_CURRENT_SKILLS,Employee-level current skill data unavailable,Continue Development and Monitor Progress
771,35,Research & Development,Healthcare Representative,5093,0.003104302846907033,LOW,,,NOT_AVAILABLE_IN_SOURCE_DATA,CANNOT_CALCULATE_WITHOUT_CURRENT_SKILLS,Employee-level current skill data unavailable,Continue Development and Monitor Progress
772,32,Research & Development,Laboratory Technician,5309,0.13852898601082803,LOW,,,NOT_AVAILABLE_IN_SOURCE_DATA,CANNOT_CALCULATE_WITHOUT_CURRENT_SKILLS,Employee-level current skill data unavailable,Continue Development and Monitor Progress
773,38,Research & Development,Research Scientist,3057,0.2860946131546763,LOW,,,NOT_AVAILABLE_IN_SOURCE_DATA,CANNOT_CALCULATE_WITHOUT_CURRENT_SKILLS,Employee-level current skill data unavailable,Continue Development and Monitor Progress
775,34,Research & Development,Manufacturing Director,5121,0.05239526147133031,LOW,,,NOT_AVAILABLE_IN_SOURCE_DATA,CANNOT_CALCULATE_WITHOUT_CURRENT_SKILLS,Employee-level current skill data unavailable,Continue Development and Monitor Progress
776,52,Sales,Manager,16856,0.005170115603112088,LOW,33.47861286320169,LOW,NOT_AVAILABLE_IN_SOURCE_DATA,CANNOT_CALCULATE_WITHOUT_CURRENT_SKILLS,Employee-level current skill data unavailable,Engagement Improvement + Upskilling Discussion
780,33,Research & Development,Research Scientist,2686,0.05496023447728755,LOW,,,NOT_AVAILABLE_IN_SOURCE_DATA,CANNOT_CALCULATE_WITHOUT_CURRENT_SKILLS,Employee-level current skill data unavailable,Continue Development and Monitor Progress
781,25,Sales,Sales Executive,6180,0.0994315340753665,LOW,33.47861286320169,LOW,NOT_AVAILABLE_IN_SOURCE_DATA,CANNOT_CALCULATE_WITHOUT_CURRENT_SKILLS,Employee-level current skill data unavailable,Engagement Improvement + Upskilling Discussion
783,45,Sales,Sales Representative,6632,0.5068340834013617,MEDIUM,33.47861286320169,LOW,NOT_AVAILABLE_IN_SOURCE_DATA,CANNOT_CALCULATE_WITHOUT_CURRENT_SKILLS,Employee-level current skill data unavailable,Engagement Improvement + Upskilling Discussion
784,23,Research & Development,Research Scientist,3505,0.061112302247401086,LOW,,,NOT_AVAILABLE_IN_SOURCE_DATA,CANNOT_CALCULATE_WITHOUT_CURRENT_SKILLS,Employee-level current skill data unavailable,Continue Development and Monitor Progress
785,47,Sales,Sales Executive,6397,0.5972245547912941,MEDIUM,33.47861286320169,LOW,NOT_AVAILABLE_IN_SOURCE_DATA,CANNOT_CALCULATE_WITHOUT_CURRENT_SKILLS,Employee-level current skill data unavailable,Engagement Improvement + Upskilling Discussion
786,34,Sales,Sales Executive,6274,0.007206354290968146,LOW,33.47861286320169,LOW,NOT_AVAILABLE_IN_SOURCE_DATA,CANNOT_CALCULATE_WITHOUT_CURRENT_SKILLS,Employee-level current skill data unavailable,Engagement Improvement + Upskilling Discussion
787,55,Research & Development,Manager,19859,0.02263927073164153,LOW,,,NOT_AVAILABLE_IN_SOURCE_DATA,CANNOT_CALCULATE_WITHOUT_CURRENT_SKILLS,Employee-level current skill data unavailable,Continue Development and Monitor Progress
789,36,Sales,Sales Executive,7587,0.11645856621364475,LOW,33.47861286320169,LOW,NOT_AVAILABLE_IN_SOURCE_DATA,CANNOT_CALCULATE_WITHOUT_CURRENT_SKILLS,Employee-level current skill data unavailable,Engagement Improvement + Upskilling Discussion
791,52,Research & Development,Research Scientist,4258,0.001989061502802142,LOW,,,NOT_AVAILABLE_IN_SOURCE_DATA,CANNOT_CALCULATE_WITHOUT_CURRENT_SKILLS,Employee-level current skill data unavailable,Continue Development and Monitor Progress
792,26,Research & Development,Laboratory Technician,4364,0.6274939341945939,MEDIUM,,,NOT_AVAILABLE_IN_SOURCE_DATA,CANNOT_CALCULATE_WITHOUT_CURRENT_SKILLS,Employee-level current skill data unavailable,Career Development and Skill Assessment
793,29,Research & Development,Healthcare Representative,4335,0.07777745372424137,LOW,,,NOT_AVAILABLE_IN_SOURCE_DATA,CANNOT_CALCULATE_WITHOUT_CURRENT_SKILLS,Employee-level current skill data unavailable,Continue Development and Monitor Progress
796,26,Sales,Sales Executive,5326,0.6818961171630356,MEDIUM,33.47861286320169,LOW,NOT_AVAILABLE_IN_SOURCE_DATA,CANNOT_CALCULATE_WITHOUT_CURRENT_SKILLS,Employee-level current skill data unavailable,Engagement Improvement + Upskilling Discussion
797,34,Research & Development,Research Scientist,3280,0.012982361947922873,LOW,,,NOT_AVAILABLE_IN_SOURCE_DATA,CANNOT_CALCULATE_WITHOUT_CURRENT_SKILLS,Employee-level current skill data unavailable,Continue Development and Monitor Progress
799,54,Research & Development,Manufacturing Director,5485,0.10747053393771462,LOW,,,NOT_AVAILABLE_IN_SOURCE_DATA,CANNOT_CALCULATE_WITHOUT_CURRENT_SKILLS,Employee-level current skill data unavailable,Continue Development and Monitor Progress
800,27,Sales,Sales Executive,4342,0.11201120120934593,LOW,33.47861286320169,LOW,NOT_AVAILABLE_IN_SOURCE_DATA,CANNOT_CALCULATE_WITHOUT_CURRENT_SKILLS,Employee-level current skill data unavailable,Engagement Improvement + Upskilling Discussion
802,37,Research & Development,Research Scientist,2782,0.12519194137782833,LOW,,,NOT_AVAILABLE_IN_SOURCE_DATA,CANNOT_CALCULATE_WITHOUT_CURRENT_SKILLS,Employee-level current skill data unavailable,Continue Development and Monitor Progress
803,38,Research & Development,Manufacturing Director,5980,0.32635500489400365,LOW,,,NOT_AVAILABLE_IN_SOURCE_DATA,CANNOT_CALCULATE_WITHOUT_CURRENT_SKILLS,Employee-level current skill data unavailable,Continue Development and Monitor Progress
804,34,Research & Development,Research Scientist,4381,0.047133441963924716,LOW,,,NOT_AVAILABLE_IN_SOURCE_DATA,CANNOT_CALCULATE_WITHOUT_CURRENT_SKILLS,Employee-level current skill data unavailable,Continue Development and Monitor Progress
805,35,Sales,Sales Representative,2572,0.19009526776484867,LOW,33.47861286320169,LOW,NOT_AVAILABLE_IN_SOURCE_DATA,CANNOT_CALCULATE_WITHOUT_CURRENT_SKILLS,Employee-level current skill data unavailable,Engagement Improvement + Upskilling Discussion
806,30,Research & Development,Laboratory Technician,3833,0.05809914057263659,LOW,,,NOT_AVAILABLE_IN_SOURCE_DATA,CANNOT_CALCULATE_WITHOUT_CURRENT_SKILLS,Employee-level current skill data unavailable,Continue Development and Monitor Progress
807,40,Research & Development,Healthcare Representative,4244,0.0030649426614924938,LOW,,,NOT_AVAILABLE_IN_SOURCE_DATA,CANNOT_CALCULATE_WITHOUT_CURRENT_SKILLS,Employee-level current skill data unavailable,Continue Development and Monitor Progress
808,34,Sales,Sales Executive,6500,0.15666609095559567,LOW,33.47861286320169,LOW,NOT_AVAILABLE_IN_SOURCE_DATA,CANNOT_CALCULATE_WITHOUT_CURRENT_SKILLS,Employee-level current skill data unavailable,Engagement Improvement + Upskilling Discussion
809,42,Research & Development,Manager,18430,0.09063945920425696,LOW,,,NOT_AVAILABLE_IN_SOURCE_DATA,CANNOT_CALCULATE_WITHOUT_CURRENT_SKILLS,Employee-level current skill data unavailable,Continue Development and Monitor Progress
811,23,Research & Development,Laboratory Technician,1601,0.42141462779305644,MEDIUM,,,NOT_AVAILABLE_IN_SOURCE_DATA,CANNOT_CALCULATE_WITHOUT_CURRENT_SKILLS,Employee-level current skill data unavailable,Career Development and Skill Assessment
812,24,Research & Development,Laboratory Technician,2694,0.05431985961525131,LOW,,,NOT_AVAILABLE_IN_SOURCE_DATA,CANNOT_CALCULATE_WITHOUT_CURRENT_SKILLS,Employee-level current skill data unavailable,Continue Development and Monitor Progress
813,52,Research & Development,Laboratory Technician,3149,0.04461505257260913,LOW,,,NOT_AVAILABLE_IN_SOURCE_DATA,CANNOT_CALCULATE_WITHOUT_CURRENT_SKILLS,Employee-level current skill data unavailable,Continue Development and Monitor Progress
815,50,Research & Development,Research Director,17639,0.0007040786119689131,LOW,,,NOT_AVAILABLE_IN_SOURCE_DATA,CANNOT_CALCULATE_WITHOUT_CURRENT_SKILLS,Employee-level current skill data unavailable,Continue Development and Monitor Progress
816,29,Research & Development,Laboratory Technician,2319,0.6818396325658086,MEDIUM,,,NOT_AVAILABLE_IN_SOURCE_DATA,CANNOT_CALCULATE_WITHOUT_CURRENT_SKILLS,Employee-level current skill data unavailable,Career Development and Skill Assessment
817,33,Research & Development,Research Director,11691,0.0011550431528718225,LOW,,,NOT_AVAILABLE_IN_SOURCE_DATA,CANNOT_CALCULATE_WITHOUT_CURRENT_SKILLS,Employee-level current skill data unavailable,Continue Development and Monitor Progress
819,33,Sales,Sales Executive,5324,0.5633209886696994,MEDIUM,33.47861286320169,LOW,NOT_AVAILABLE_IN_SOURCE_DATA,CANNOT_CALCULATE_WITHOUT_CURRENT_SKILLS,Employee-level current skill data unavailable,Engagement Improvement + Upskilling Discussion
820,47,Research & Development,Manager,16752,0.005754130652029829,LOW,,,NOT_AVAILABLE_IN_SOURCE_DATA,CANNOT_CALCULATE_WITHOUT_CURRENT_SKILLS,Employee-level current skill data unavailable,Continue Development and Monitor Progress
823,36,Research & Development,Manufacturing Director,5228,0.0030837247660268556,LOW,,,NOT_AVAILABLE_IN_SOURCE_DATA,CANNOT_CALCULATE_WITHOUT_CURRENT_SKILLS,Employee-level current skill data unavailable,Continue Development and Monitor Progress
824,29,Research & Development,Research Scientist,2700,0.0050197329616124,LOW,,,NOT_AVAILABLE_IN_SOURCE_DATA,CANNOT_CALCULATE_WITHOUT_CURRENT_SKILLS,Employee-level current skill data unavailable,Continue Development and Monitor Progress
825,58,Research & Development,Research Director,19246,0.02588917342615589,LOW,,,NOT_AVAILABLE_IN_SOURCE_DATA,CANNOT_CALCULATE_WITHOUT_CURRENT_SKILLS,Employee-level current skill data unavailable,Continue Development and Monitor Progress
826,35,Research & Development,Research Scientist,2506,0.020362651054474237,LOW,,,NOT_AVAILABLE_IN_SOURCE_DATA,CANNOT_CALCULATE_WITHOUT_CURRENT_SKILLS,Employee-level current skill data unavailable,Continue Development and Monitor Progress
827,42,Research & Development,Manufacturing Director,6062,0.050177001571520975,LOW,,,NOT_AVAILABLE_IN_SOURCE_DATA,CANNOT_CALCULATE_WITHOUT_CURRENT_SKILLS,Employee-level current skill data unavailable,Continue Development and Monitor Progress
828,28,Research & Development,Research Scientist,4382,0.11143679449969753,LOW,,,NOT_AVAILABLE_IN_SOURCE_DATA,CANNOT_CALCULATE_WITHOUT_CURRENT_SKILLS,Employee-level current skill data unavailable,Continue Development and Monitor Progress
829,36,Human Resources,Human Resources,2143,0.1748600655194357,LOW,,,NOT_AVAILABLE_IN_SOURCE_DATA,CANNOT_CALCULATE_WITHOUT_CURRENT_SKILLS,Employee-level current skill data unavailable,Continue Development and Monitor Progress
830,32,Research & Development,Manufacturing Director,6162,0.005392960533482442,LOW,,,NOT_AVAILABLE_IN_SOURCE_DATA,CANNOT_CALCULATE_WITHOUT_CURRENT_SKILLS,Employee-level current skill data unavailable,Continue Development and Monitor Progress
832,40,Research & Development,Laboratory Technician,5094,0.6369427560990488,MEDIUM,,,NOT_AVAILABLE_IN_SOURCE_DATA,CANNOT_CALCULATE_WITHOUT_CURRENT_SKILLS,Employee-level current skill data unavailable,Career Development and Skill Assessment
833,30,Research & Development,Manufacturing Director,6877,0.27570874919941357,LOW,,,NOT_AVAILABLE_IN_SOURCE_DATA,CANNOT_CALCULATE_WITHOUT_CURRENT_SKILLS,Employee-level current skill data unavailable,Continue Development and Monitor Progress
834,45,Research & Development,Research Scientist,2274,0.04759327875666067,LOW,,,NOT_AVAILABLE_IN_SOURCE_DATA,CANNOT_CALCULATE_WITHOUT_CURRENT_SKILLS,Employee-level current skill data unavailable,Continue Development and Monitor Progress
836,42,Research & Development,Manufacturing Director,4434,0.05426492722607437,LOW,,,NOT_AVAILABLE_IN_SOURCE_DATA,CANNOT_CALCULATE_WITHOUT_CURRENT_SKILLS,Employee-level current skill data unavailable,Continue Development and Monitor Progress
837,38,Research & Development,Healthcare Representative,6288,0.18144759796348736,LOW,,,NOT_AVAILABLE_IN_SOURCE_DATA,CANNOT_CALCULATE_WITHOUT_CURRENT_SKILLS,Employee-level current skill data unavailable,Continue Development and Monitor Progress
838,34,Research & Development,Research Scientist,2553,0.10670911532478385,LOW,,,NOT_AVAILABLE_IN_SOURCE_DATA,CANNOT_CALCULATE_WITHOUT_CURRENT_SKILLS,Employee-level current skill data unavailable,Continue Development and Monitor Progress
840,49,Sales,Sales Executive,7654,0.009714321435979244,LOW,33.47861286320169,LOW,NOT_AVAILABLE_IN_SOURCE_DATA,CANNOT_CALCULATE_WITHOUT_CURRENT_SKILLS,Employee-level current skill data unavailable,Engagement Improvement + Upskilling Discussion
842,55,Sales,Sales Executive,5160,0.04809544685899149,LOW,33.47861286320169,LOW,NOT_AVAILABLE_IN_SOURCE_DATA,CANNOT_CALCULATE_WITHOUT_CURRENT_SKILLS,Employee-level current skill data unavailable,Engagement Improvement + Upskilling Discussion
843,43,Research & Development,Research Director,17159,0.023195926526511125,LOW,,,NOT_AVAILABLE_IN_SOURCE_DATA,CANNOT_CALCULATE_WITHOUT_CURRENT_SKILLS,Employee-level current skill data unavailable,Continue Development and Monitor Progress
844,27,Research & Development,Research Director,12808,0.025897175393221644,LOW,,,NOT_AVAILABLE_IN_SOURCE_DATA,CANNOT_CALCULATE_WITHOUT_CURRENT_SKILLS,Employee-level current skill data unavailable,Continue Development and Monitor Progress
845,35,Research & Development,Manufacturing Director,10221,0.006603358651576385,LOW,,,NOT_AVAILABLE_IN_SOURCE_DATA,CANNOT_CALCULATE_WITHOUT_CURRENT_SKILLS,Employee-level current skill data unavailable,Continue Development and Monitor Progress
846,28,Sales,Sales Executive,4779,0.5883446196510314,MEDIUM,33.47861286320169,LOW,NOT_AVAILABLE_IN_SOURCE_DATA,CANNOT_CALCULATE_WITHOUT_CURRENT_SKILLS,Employee-level current skill data unavailable,Engagement Improvement + Upskilling Discussion
847,34,Human Resources,Human Resources,3737,0.07621146177522213,LOW,,,NOT_AVAILABLE_IN_SOURCE_DATA,CANNOT_CALCULATE_WITHOUT_CURRENT_SKILLS,Employee-level current skill data unavailable,Continue Development and Monitor Progress
848,26,Research & Development,Research Scientist,2366,0.16542656066029895,LOW,,,NOT_AVAILABLE_IN_SOURCE_DATA,CANNOT_CALCULATE_WITHOUT_CURRENT_SKILLS,Employee-level current skill data unavailable,Continue Development and Monitor Progress
850,27,Research & Development,Research Scientist,1706,0.0021406011554733506,LOW,,,NOT_AVAILABLE_IN_SOURCE_DATA,CANNOT_CALCULATE_WITHOUT_CURRENT_SKILLS,Employee-level current skill data unavailable,Continue Development and Monitor Progress
851,51,Sales,Manager,16307,0.014700356175017576,LOW,33.47861286320169,LOW,NOT_AVAILABLE_IN_SOURCE_DATA,CANNOT_CALCULATE_WITHOUT_CURRENT_SKILLS,Employee-level current skill data unavailable,Engagement Improvement + Upskilling Discussion
852,44,Research & Development,Healthcare Representative,5933,0.06475941992248838,LOW,,,NOT_AVAILABLE_IN_SOURCE_DATA,CANNOT_CALCULATE_WITHOUT_CURRENT_SKILLS,Employee-level current skill data unavailable,Continue Development and Monitor Progress
854,25,Research & Development,Research Scientist,3424,0.32321288917345353,LOW,,,NOT_AVAILABLE_IN_SOURCE_DATA,CANNOT_CALCULATE_WITHOUT_CURRENT_SKILLS,Employee-level current skill data unavailable,Continue Development and Monitor Progress
855,33,Sales,Sales Executive,4037,0.01514568213049685,LOW,33.47861286320169,LOW,NOT_AVAILABLE_IN_SOURCE_DATA,CANNOT_CALCULATE_WITHOUT_CURRENT_SKILLS,Employee-level current skill data unavailable,Engagement Improvement + Upskilling Discussion
856,35,Research & Development,Research Scientist,2559,0.1910408477138817,LOW,,,NOT_AVAILABLE_IN_SOURCE_DATA,CANNOT_CALCULATE_WITHOUT_CURRENT_SKILLS,Employee-level current skill data unavailable,Continue Development and Monitor Progress
857,36,Sales,Sales Executive,6201,0.026713931845552406,LOW,33.47861286320169,LOW,NOT_AVAILABLE_IN_SOURCE_DATA,CANNOT_CALCULATE_WITHOUT_CURRENT_SKILLS,Employee-level current skill data unavailable,Engagement Improvement + Upskilling Discussion
859,32,Sales,Sales Executive,4403,0.060192991841991735,LOW,33.47861286320169,LOW,NOT_AVAILABLE_IN_SOURCE_DATA,CANNOT_CALCULATE_WITHOUT_CURRENT_SKILLS,Employee-level current skill data unavailable,Engagement Improvement + Upskilling Discussion
861,30,Research & Development,Research Scientist,3761,0.2171325894690557,LOW,,,NOT_AVAILABLE_IN_SOURCE_DATA,CANNOT_CALCULATE_WITHOUT_CURRENT_SKILLS,Employee-level current skill data unavailable,Continue Development and Monitor Progress
862,53,Sales,Sales Executive,10934,0.05063623506560037,LOW,33.47861286320169,LOW,NOT_AVAILABLE_IN_SOURCE_DATA,CANNOT_CALCULATE_WITHOUT_CURRENT_SKILLS,Employee-level current skill data unavailable,Engagement Improvement + Upskilling Discussion
864,45,Sales,Sales Executive,10761,0.1369050680976574,LOW,33.47861286320169,LOW,NOT_AVAILABLE_IN_SOURCE_DATA,CANNOT_CALCULATE_WITHOUT_CURRENT_SKILLS,Employee-level current skill data unavailable,Engagement Improvement + Upskilling Discussion
865,32,Research & Development,Research Scientist,5175,0.015083846018794164,LOW,,,NOT_AVAILABLE_IN_SOURCE_DATA,CANNOT_CALCULATE_WITHOUT_CURRENT_SKILLS,Employee-level current skill data unavailable,Continue Development and Monitor Progress
867,52,Research & Development,Manufacturing Director,13826,0.006430689048956027,LOW,,,NOT_AVAILABLE_IN_SOURCE_DATA,CANNOT_CALCULATE_WITHOUT_CURRENT_SKILLS,Employee-level current skill data unavailable,Continue Development and Monitor Progress
868,37,Sales,Sales Executive,6334,0.05235461667197011,LOW,33.47861286320169,LOW,NOT_AVAILABLE_IN_SOURCE_DATA,CANNOT_CALCULATE_WITHOUT_CURRENT_SKILLS,Employee-level current skill data unavailable,Engagement Improvement + Upskilling Discussion
869,28,Human Resources,Human Resources,4936,0.02146773821794725,LOW,,,NOT_AVAILABLE_IN_SOURCE_DATA,CANNOT_CALCULATE_WITHOUT_CURRENT_SKILLS,Employee-level current skill data unavailable,Continue Development and Monitor Progress
872,22,Research & Development,Manufacturing Director,4775,0.11734828219029021,LOW,,,NOT_AVAILABLE_IN_SOURCE_DATA,CANNOT_CALCULATE_WITHOUT_CURRENT_SKILLS,Employee-level current skill data unavailable,Continue Development and Monitor Progress
874,44,Research & Development,Laboratory Technician,2818,0.17949897366993106,LOW,,,NOT_AVAILABLE_IN_SOURCE_DATA,CANNOT_CALCULATE_WITHOUT_CURRENT_SKILLS,Employee-level current skill data unavailable,Continue Development and Monitor Progress
875,42,Research & Development,Research Scientist,2515,0.3869189965065261,LOW,,,NOT_AVAILABLE_IN_SOURCE_DATA,CANNOT_CALCULATE_WITHOUT_CURRENT_SKILLS,Employee-level current skill data unavailable,Continue Development and Monitor Progress
878,36,Human Resources,Human Resources,2342,0.15435882129453174,LOW,,,NOT_AVAILABLE_IN_SOURCE_DATA,CANNOT_CALCULATE_WITHOUT_CURRENT_SKILLS,Employee-level current skill data unavailable,Continue Development and Monitor Progress
879,25,Sales,Sales Executive,4194,0.19230291189238755,LOW,33.47861286320169,LOW,NOT_AVAILABLE_IN_SOURCE_DATA,CANNOT_CALCULATE_WITHOUT_CURRENT_SKILLS,Employee-level current skill data unavailable,Engagement Improvement + Upskilling Discussion
880,35,Research & Development,Manufacturing Director,10685,0.010514226811152785,LOW,,,NOT_AVAILABLE_IN_SOURCE_DATA,CANNOT_CALCULATE_WITHOUT_CURRENT_SKILLS,Employee-level current skill data unavailable,Continue Development and Monitor Progress
881,35,Research & Development,Research Scientist,2022,0.5123657043912049,MEDIUM,,,NOT_AVAILABLE_IN_SOURCE_DATA,CANNOT_CALCULATE_WITHOUT_CURRENT_SKILLS,Employee-level current skill data unavailable,Career Development and Skill Assessment
882,32,Research & Development,Laboratory Technician,2314,0.009685285076804596,LOW,,,NOT_AVAILABLE_IN_SOURCE_DATA,CANNOT_CALCULATE_WITHOUT_CURRENT_SKILLS,Employee-level current skill data unavailable,Continue Development and Monitor Progress
885,25,Sales,Sales Executive,4256,0.2786772118204293,LOW,33.47861286320169,LOW,NOT_AVAILABLE_IN_SOURCE_DATA,CANNOT_CALCULATE_WITHOUT_CURRENT_SKILLS,Employee-level current skill data unavailable,Engagement Improvement + Upskilling Discussion
887,49,Research & Development,Research Scientist,3580,0.019396721082738853,LOW,,,NOT_AVAILABLE_IN_SOURCE_DATA,CANNOT_CALCULATE_WITHOUT_CURRENT_SKILLS,Employee-level current skill data unavailable,Continue Development and Monitor Progress
888,24,Research & Development,Laboratory Technician,3162,0.11009316756064812,LOW,,,NOT_AVAILABLE_IN_SOURCE_DATA,CANNOT_CALCULATE_WITHOUT_CURRENT_SKILLS,Employee-level current skill data unavailable,Continue Development and Monitor Progress
889,32,Sales,Sales Executive,6524,0.10660454142837116,LOW,33.47861286320169,LOW,NOT_AVAILABLE_IN_SOURCE_DATA,CANNOT_CALCULATE_WITHOUT_CURRENT_SKILLS,Employee-level current skill data unavailable,Engagement Improvement + Upskilling Discussion
893,38,Sales,Sales Representative,2899,0.18622990761889538,LOW,33.47861286320169,LOW,NOT_AVAILABLE_IN_SOURCE_DATA,CANNOT_CALCULATE_WITHOUT_CURRENT_SKILLS,Employee-level current skill data unavailable,Engagement Improvement + Upskilling Discussion
894,42,Research & Development,Laboratory Technician,5231,0.07199901938374217,LOW,,,NOT_AVAILABLE_IN_SOURCE_DATA,CANNOT_CALCULATE_WITHOUT_CURRENT_SKILLS,Employee-level current skill data unavailable,Continue Development and Monitor Progress
895,31,Research & Development,Research Scientist,2356,0.06660416308773304,LOW,,,NOT_AVAILABLE_IN_SOURCE_DATA,CANNOT_CALCULATE_WITHOUT_CURRENT_SKILLS,Employee-level current skill data unavailable,Continue Development and Monitor Progress
896,29,Sales,Sales Representative,2800,0.39707820531983073,LOW,33.47861286320169,LOW,NOT_AVAILABLE_IN_SOURCE_DATA,CANNOT_CALCULATE_WITHOUT_CURRENT_SKILLS,Employee-level current skill data unavailable,Engagement Improvement + Upskilling Discussion
897,53,Sales,Sales Executive,11836,0.02604722627162753,LOW,33.47861286320169,LOW,NOT_AVAILABLE_IN_SOURCE_DATA,CANNOT_CALCULATE_WITHOUT_CURRENT_SKILLS,Employee-level current skill data unavailable,Engagement Improvement + Upskilling Discussion
899,35,Research & Development,Manufacturing Director,10903,0.08213441971114027,LOW,,,NOT_AVAILABLE_IN_SOURCE_DATA,CANNOT_CALCULATE_WITHOUT_CURRENT_SKILLS,Employee-level current skill data unavailable,Continue Development and Monitor Progress
900,37,Sales,Sales Representative,2973,0.1896848899063098,LOW,33.47861286320169,LOW,NOT_AVAILABLE_IN_SOURCE_DATA,CANNOT_CALCULATE_WITHOUT_CURRENT_SKILLS,Employee-level current skill data unavailable,Engagement Improvement + Upskilling Discussion
901,53,Research & Development,Research Director,14275,0.0019291396675398195,LOW,,,NOT_AVAILABLE_IN_SOURCE_DATA,CANNOT_CALCULATE_WITHOUT_CURRENT_SKILLS,Employee-level current skill data unavailable,Continue Development and Monitor Progress
902,43,Research & Development,Healthcare Representative,5562,0.014398730206582125,LOW,,,NOT_AVAILABLE_IN_SOURCE_DATA,CANNOT_CALCULATE_WITHOUT_CURRENT_SKILLS,Employee-level current skill data unavailable,Continue Development and Monitor Progress
903,47,Sales,Sales Executive,4537,0.08444478098446241,LOW,33.47861286320169,LOW,NOT_AVAILABLE_IN_SOURCE_DATA,CANNOT_CALCULATE_WITHOUT_CURRENT_SKILLS,Employee-level current skill data unavailable,Engagement Improvement + Upskilling Discussion
904,37,Sales,Sales Executive,7642,0.31821759371836744,LOW,33.47861286320169,LOW,NOT_AVAILABLE_IN_SOURCE_DATA,CANNOT_CALCULATE_WITHOUT_CURRENT_SKILLS,Employee-level current skill data unavailable,Engagement Improvement + Upskilling Discussion
905,50,Research & Development,Manager,17924,0.015879833272348744,LOW,,,NOT_AVAILABLE_IN_SOURCE_DATA,CANNOT_CALCULATE_WITHOUT_CURRENT_SKILLS,Employee-level current skill data unavailable,Continue Development and Monitor Progress
909,39,Human Resources,Human Resources,5204,0.015008022169819344,LOW,,,NOT_AVAILABLE_IN_SOURCE_DATA,CANNOT_CALCULATE_WITHOUT_CURRENT_SKILLS,Employee-level current skill data unavailable,Continue Development and Monitor Progress
910,33,Human Resources,Human Resources,2277,0.15840366243643314,LOW,,,NOT_AVAILABLE_IN_SOURCE_DATA,CANNOT_CALCULATE_WITHOUT_CURRENT_SKILLS,Employee-level current skill data unavailable,Continue Development and Monitor Progress
911,32,Research & Development,Laboratory Technician,2795,0.9230737090338957,HIGH,,,NOT_AVAILABLE_IN_SOURCE_DATA,CANNOT_CALCULATE_WITHOUT_CURRENT_SKILLS,Employee-level current skill data unavailable,Retention Review + Targeted Development Plan
912,29,Research & Development,Laboratory Technician,2532,0.05139341822573453,LOW,,,NOT_AVAILABLE_IN_SOURCE_DATA,CANNOT_CALCULATE_WITHOUT_CURRENT_SKILLS,Employee-level current skill data unavailable,Continue Development and Monitor Progress
913,44,Research & Development,Research Scientist,2559,0.403039625206169,MEDIUM,,,NOT_AVAILABLE_IN_SOURCE_DATA,CANNOT_CALCULATE_WITHOUT_CURRENT_SKILLS,Employee-level current skill data unavailable,Career Development and Skill Assessment
916,28,Sales,Sales Executive,4908,0.16226277620106103,LOW,33.47861286320169,LOW,NOT_AVAILABLE_IN_SOURCE_DATA,CANNOT_CALCULATE_WITHOUT_CURRENT_SKILLS,Employee-level current skill data unavailable,Engagement Improvement + Upskilling Discussion
918,58,Research & Development,Laboratory Technician,2380,0.5186464386555831,MEDIUM,,,NOT_AVAILABLE_IN_SOURCE_DATA,CANNOT_CALCULATE_WITHOUT_CURRENT_SKILLS,Employee-level current skill data unavailable,Career Development and Skill Assessment
920,43,Research & Development,Manufacturing Director,4765,0.03911938465555772,LOW,,,NOT_AVAILABLE_IN_SOURCE_DATA,CANNOT_CALCULATE_WITHOUT_CURRENT_SKILLS,Employee-level current skill data unavailable,Continue Development and Monitor Progress
922,20,Sales,Sales Representative,2044,0.28633907620331794,LOW,33.47861286320169,LOW,NOT_AVAILABLE_IN_SOURCE_DATA,CANNOT_CALCULATE_WITHOUT_CURRENT_SKILLS,Employee-level current skill data unavailable,Engagement Improvement + Upskilling Discussion
923,21,Research & Development,Research Scientist,2693,0.08110607081253968,LOW,,,NOT_AVAILABLE_IN_SOURCE_DATA,CANNOT_CALCULATE_WITHOUT_CURRENT_SKILLS,Employee-level current skill data unavailable,Continue Development and Monitor Progress
924,36,Research & Development,Healthcare Representative,6586,0.0292535773360456,LOW,,,NOT_AVAILABLE_IN_SOURCE_DATA,CANNOT_CALCULATE_WITHOUT_CURRENT_SKILLS,Employee-level current skill data unavailable,Continue Development and Monitor Progress
925,47,Sales,Sales Representative,3294,0.48050997877548546,MEDIUM,33.47861286320169,LOW,NOT_AVAILABLE_IN_SOURCE_DATA,CANNOT_CALCULATE_WITHOUT_CURRENT_SKILLS,Employee-level current skill data unavailable,Engagement Improvement + Upskilling Discussion
926,22,Research & Development,Manufacturing Director,4171,0.10968376200360998,LOW,,,NOT_AVAILABLE_IN_SOURCE_DATA,CANNOT_CALCULATE_WITHOUT_CURRENT_SKILLS,Employee-level current skill data unavailable,Continue Development and Monitor Progress
927,41,Research & Development,Laboratory Technician,2778,0.4451756685109875,MEDIUM,,,NOT_AVAILABLE_IN_SOURCE_DATA,CANNOT_CALCULATE_WITHOUT_CURRENT_SKILLS,Employee-level current skill data unavailable,Career Development and Skill Assessment
930,28,Research & Development,Research Scientist,2377,0.03828248980551137,LOW,,,NOT_AVAILABLE_IN_SOURCE_DATA,CANNOT_CALCULATE_WITHOUT_CURRENT_SKILLS,Employee-level current skill data unavailable,Continue Development and Monitor Progress
932,39,Research & Development,Laboratory Technician,2404,0.6725028286452118,MEDIUM,,,NOT_AVAILABLE_IN_SOURCE_DATA,CANNOT_CALCULATE_WITHOUT_CURRENT_SKILLS,Employee-level current skill data unavailable,Career Development and Skill Assessment
933,27,Research & Development,Research Scientist,2318,0.08253521073462106,LOW,,,NOT_AVAILABLE_IN_SOURCE_DATA,CANNOT_CALCULATE_WITHOUT_CURRENT_SKILLS,Employee-level current skill data unavailable,Continue Development and Monitor Progress
934,34,Research & Development,Laboratory Technician,2008,0.18156563227065217,LOW,,,NOT_AVAILABLE_IN_SOURCE_DATA,CANNOT_CALCULATE_WITHOUT_CURRENT_SKILLS,Employee-level current skill data unavailable,Continue Development and Monitor Progress
936,42,Sales,Sales Executive,6244,0.12757564943343358,LOW,33.47861286320169,LOW,NOT_AVAILABLE_IN_SOURCE_DATA,CANNOT_CALCULATE_WITHOUT_CURRENT_SKILLS,Employee-level current skill data unavailable,Engagement Improvement + Upskilling Discussion
939,33,Research & Development,Research Scientist,2799,0.47439913021840063,MEDIUM,,,NOT_AVAILABLE_IN_SOURCE_DATA,CANNOT_CALCULATE_WITHOUT_CURRENT_SKILLS,Employee-level current skill data unavailable,Career Development and Skill Assessment
940,58,Research & Development,Healthcare Representative,10552,0.014800080281105842,LOW,,,NOT_AVAILABLE_IN_SOURCE_DATA,CANNOT_CALCULATE_WITHOUT_CURRENT_SKILLS,Employee-level current skill data unavailable,Continue Development and Monitor Progress
941,31,Sales,Sales Representative,2329,0.276243042755335,LOW,33.47861286320169,LOW,NOT_AVAILABLE_IN_SOURCE_DATA,CANNOT_CALCULATE_WITHOUT_CURRENT_SKILLS,Employee-level current skill data unavailable,Engagement Improvement + Upskilling Discussion
942,35,Research & Development,Healthcare Representative,4014,0.020062668146283314,LOW,,,NOT_AVAILABLE_IN_SOURCE_DATA,CANNOT_CALCULATE_WITHOUT_CURRENT_SKILLS,Employee-level current skill data unavailable,Continue Development and Monitor Progress
944,49,Research & Development,Laboratory Technician,7403,0.014671071919897905,LOW,,,NOT_AVAILABLE_IN_SOURCE_DATA,CANNOT_CALCULATE_WITHOUT_CURRENT_SKILLS,Employee-level current skill data unavailable,Continue Development and Monitor Progress
945,48,Research & Development,Research Scientist,2259,0.019494284852560804,LOW,,,NOT_AVAILABLE_IN_SOURCE_DATA,CANNOT_CALCULATE_WITHOUT_CURRENT_SKILLS,Employee-level current skill data unavailable,Continue Development and Monitor Progress
947,31,Sales,Sales Executive,6932,0.011409201191892746,LOW,33.47861286320169,LOW,NOT_AVAILABLE_IN_SOURCE_DATA,CANNOT_CALCULATE_WITHOUT_CURRENT_SKILLS,Employee-level current skill data unavailable,Engagement Improvement + Upskilling Discussion
949,36,Research & Development,Research Scientist,4678,0.012923497876359874,LOW,,,NOT_AVAILABLE_IN_SOURCE_DATA,CANNOT_CALCULATE_WITHOUT_CURRENT_SKILLS,Employee-level current skill data unavailable,Continue Development and Monitor Progress
950,38,Research & Development,Research Director,13582,0.0019320407931674864,LOW,,,NOT_AVAILABLE_IN_SOURCE_DATA,CANNOT_CALCULATE_WITHOUT_CURRENT_SKILLS,Employee-level current skill data unavailable,Continue Development and Monitor Progress
951,32,Research & Development,Laboratory Technician,2332,0.09365857976707771,LOW,,,NOT_AVAILABLE_IN_SOURCE_DATA,CANNOT_CALCULATE_WITHOUT_CURRENT_SKILLS,Employee-level current skill data unavailable,Continue Development and Monitor Progress
952,25,Sales,Sales Representative,2413,0.7812892359058118,HIGH,33.47861286320169,LOW,NOT_AVAILABLE_IN_SOURCE_DATA,CANNOT_CALCULATE_WITHOUT_CURRENT_SKILLS,Employee-level current skill data unavailable,Retention Review + Targeted Development Plan
954,40,Sales,Sales Executive,9705,0.35045396553675007,LOW,33.47861286320169,LOW,NOT_AVAILABLE_IN_SOURCE_DATA,CANNOT_CALCULATE_WITHOUT_CURRENT_SKILLS,Employee-level current skill data unavailable,Engagement Improvement + Upskilling Discussion
956,26,Sales,Sales Executive,4294,0.2636653134065793,LOW,33.47861286320169,LOW,NOT_AVAILABLE_IN_SOURCE_DATA,CANNOT_CALCULATE_WITHOUT_CURRENT_SKILLS,Employee-level current skill data unavailable,Engagement Improvement + Upskilling Discussion
957,41,Research & Development,Laboratory Technician,4721,0.03295680015454028,LOW,,,NOT_AVAILABLE_IN_SOURCE_DATA,CANNOT_CALCULATE_WITHOUT_CURRENT_SKILLS,Employee-level current skill data unavailable,Continue Development and Monitor Progress
958,36,Research & Development,Laboratory Technician,2519,0.01814202052508968,LOW,,,NOT_AVAILABLE_IN_SOURCE_DATA,CANNOT_CALCULATE_WITHOUT_CURRENT_SKILLS,Employee-level current skill data unavailable,Continue Development and Monitor Progress
959,19,Sales,Sales Representative,2121,0.8709931059010799,HIGH,33.47861286320169,LOW,NOT_AVAILABLE_IN_SOURCE_DATA,CANNOT_CALCULATE_WITHOUT_CURRENT_SKILLS,Employee-level current skill data unavailable,Retention Review + Targeted Development Plan
960,20,Research & Development,Laboratory Technician,2973,0.8131898688759429,HIGH,,,NOT_AVAILABLE_IN_SOURCE_DATA,CANNOT_CALCULATE_WITHOUT_CURRENT_SKILLS,Employee-level current skill data unavailable,Retention Review + Targeted Development Plan
961,31,Research & Development,Healthcare Representative,5855,0.05091018402907536,LOW,,,NOT_AVAILABLE_IN_SOURCE_DATA,CANNOT_CALCULATE_WITHOUT_CURRENT_SKILLS,Employee-level current skill data unavailable,Continue Development and Monitor Progress
964,40,Research & Development,Research Scientist,3617,0.35921931391719897,LOW,,,NOT_AVAILABLE_IN_SOURCE_DATA,CANNOT_CALCULATE_WITHOUT_CURRENT_SKILLS,Employee-level current skill data unavailable,Continue Development and Monitor Progress
966,32,Research & Development,Manufacturing Director,6725,0.01603899279742069,LOW,,,NOT_AVAILABLE_IN_SOURCE_DATA,CANNOT_CALCULATE_WITHOUT_CURRENT_SKILLS,Employee-level current skill data unavailable,Continue Development and Monitor Progress
967,36,Sales,Sales Executive,10325,0.07207170329646162,LOW,33.47861286320169,LOW,NOT_AVAILABLE_IN_SOURCE_DATA,CANNOT_CALCULATE_WITHOUT_CURRENT_SKILLS,Employee-level current skill data unavailable,Engagement Improvement + Upskilling Discussion
969,33,Research & Development,Healthcare Representative,6949,0.042211211387828865,LOW,,,NOT_AVAILABLE_IN_SOURCE_DATA,CANNOT_CALCULATE_WITHOUT_CURRENT_SKILLS,Employee-level current skill data unavailable,Continue Development and Monitor Progress
970,37,Sales,Sales Executive,10609,0.6453165461881523,MEDIUM,33.47861286320169,LOW,NOT_AVAILABLE_IN_SOURCE_DATA,CANNOT_CALCULATE_WITHOUT_CURRENT_SKILLS,Employee-level current skill data unavailable,Engagement Improvement + Upskilling Discussion
972,45,Research & Development,Laboratory Technician,4447,0.009235612196158174,LOW,,,NOT_AVAILABLE_IN_SOURCE_DATA,CANNOT_CALCULATE_WITHOUT_CURRENT_SKILLS,Employee-level current skill data unavailable,Continue Development and Monitor Progress
974,29,Sales,Sales Representative,2157,0.279404410859186,LOW,33.47861286320169,LOW,NOT_AVAILABLE_IN_SOURCE_DATA,CANNOT_CALCULATE_WITHOUT_CURRENT_SKILLS,Employee-level current skill data unavailable,Engagement Improvement + Upskilling Discussion
975,35,Sales,Sales Executive,4601,0.07492225337544361,LOW,33.47861286320169,LOW,NOT_AVAILABLE_IN_SOURCE_DATA,CANNOT_CALCULATE_WITHOUT_CURRENT_SKILLS,Employee-level current skill data unavailable,Engagement Improvement + Upskilling Discussion
976,52,Research & Development,Manager,17099,0.0019460676536242692,LOW,,,NOT_AVAILABLE_IN_SOURCE_DATA,CANNOT_CALCULATE_WITHOUT_CURRENT_SKILLS,Employee-level current skill data unavailable,Continue Development and Monitor Progress
977,58,Research & Development,Research Scientist,2479,0.02868858337470139,LOW,,,NOT_AVAILABLE_IN_SOURCE_DATA,CANNOT_CALCULATE_WITHOUT_CURRENT_SKILLS,Employee-level current skill data unavailable,Continue Development and Monitor Progress
981,53,Sales,Manager,14852,0.03030245745973934,LOW,33.47861286320169,LOW,NOT_AVAILABLE_IN_SOURCE_DATA,CANNOT_CALCULATE_WITHOUT_CURRENT_SKILLS,Employee-level current skill data unavailable,Engagement Improvement + Upskilling Discussion
982,30,Sales,Sales Executive,7264,0.0790766175742996,LOW,33.47861286320169,LOW,NOT_AVAILABLE_IN_SOURCE_DATA,CANNOT_CALCULATE_WITHOUT_CURRENT_SKILLS,Employee-level current skill data unavailable,Engagement Improvement + Upskilling Discussion
983,38,Sales,Sales Executive,5666,0.217862512814765,LOW,33.47861286320169,LOW,NOT_AVAILABLE_IN_SOURCE_DATA,CANNOT_CALCULATE_WITHOUT_CURRENT_SKILLS,Employee-level current skill data unavailable,Engagement Improvement + Upskilling Discussion
984,35,Sales,Sales Executive,7823,0.008130768686053733,LOW,33.47861286320169,LOW,NOT_AVAILABLE_IN_SOURCE_DATA,CANNOT_CALCULATE_WITHOUT_CURRENT_SKILLS,Employee-level current skill data unavailable,Engagement Improvement + Upskilling Discussion
985,39,Sales,Sales Executive,7880,0.01505355816582283,LOW,33.47861286320169,LOW,NOT_AVAILABLE_IN_SOURCE_DATA,CANNOT_CALCULATE_WITHOUT_CURRENT_SKILLS,Employee-level current skill data unavailable,Engagement Improvement + Upskilling Discussion
986,40,Sales,Sales Executive,13194,0.30274605092140916,LOW,33.47861286320169,LOW,NOT_AVAILABLE_IN_SOURCE_DATA,CANNOT_CALCULATE_WITHOUT_CURRENT_SKILLS,Employee-level current skill data unavailable,Engagement Improvement + Upskilling Discussion
987,47,Research & Development,Manufacturing Director,5067,0.012862201379557472,LOW,,,NOT_AVAILABLE_IN_SOURCE_DATA,CANNOT_CALCULATE_WITHOUT_CURRENT_SKILLS,Employee-level current skill data unavailable,Continue Development and Monitor Progress
990,36,Sales,Sales Executive,5079,0.006544688747655119,LOW,33.47861286320169,LOW,NOT_AVAILABLE_IN_SOURCE_DATA,CANNOT_CALCULATE_WITHOUT_CURRENT_SKILLS,Employee-level current skill data unavailable,Engagement Improvement + Upskilling Discussion
991,31,Research & Development,Research Scientist,2321,0.4485330776838042,MEDIUM,,,NOT_AVAILABLE_IN_SOURCE_DATA,CANNOT_CALCULATE_WITHOUT_CURRENT_SKILLS,Employee-level current skill data unavailable,Career Development and Skill Assessment
992,33,Sales,Manager,17444,0.05550535462827283,LOW,33.47861286320169,LOW,NOT_AVAILABLE_IN_SOURCE_DATA,CANNOT_CALCULATE_WITHOUT_CURRENT_SKILLS,Employee-level current skill data unavailable,Engagement Improvement + Upskilling Discussion
994,29,Research & Development,Research Scientist,2404,0.6146036386759015,MEDIUM,,,NOT_AVAILABLE_IN_SOURCE_DATA,CANNOT_CALCULATE_WITHOUT_CURRENT_SKILLS,Employee-level current skill data unavailable,Career Development and Skill Assessment
995,33,Research & Development,Research Scientist,3452,0.0722572591095366,LOW,,,NOT_AVAILABLE_IN_SOURCE_DATA,CANNOT_CALCULATE_WITHOUT_CURRENT_SKILLS,Employee-level current skill data unavailable,Continue Development and Monitor Progress
996,45,Research & Development,Laboratory Technician,2270,0.003461160885836566,LOW,,,NOT_AVAILABLE_IN_SOURCE_DATA,CANNOT_CALCULATE_WITHOUT_CURRENT_SKILLS,Employee-level current skill data unavailable,Continue Development and Monitor Progress
997,50,Research & Development,Research Director,17399,0.0009514898367869298,LOW,,,NOT_AVAILABLE_IN_SOURCE_DATA,CANNOT_CALCULATE_WITHOUT_CURRENT_SKILLS,Employee-level current skill data unavailable,Continue Development and Monitor Progress
998,33,Research & Development,Healthcare Representative,5488,0.06678935852172478,LOW,,,NOT_AVAILABLE_IN_SOURCE_DATA,CANNOT_CALCULATE_WITHOUT_CURRENT_SKILLS,Employee-level current skill data unavailable,Continue Development and Monitor Progress
999,41,Research & Development,Research Director,19419,0.0013860880175082873,LOW,,,NOT_AVAILABLE_IN_SOURCE_DATA,CANNOT_CALCULATE_WITHOUT_CURRENT_SKILLS,Employee-level current skill data unavailable,Continue Development and Monitor Progress
1001,27,Research & Development,Laboratory Technician,2811,0.6206294441284224,MEDIUM,,,NOT_AVAILABLE_IN_SOURCE_DATA,CANNOT_CALCULATE_WITHOUT_CURRENT_SKILLS,Employee-level current skill data unavailable,Career Development and Skill Assessment
1002,45,Research & Development,Laboratory Technician,3633,0.062049133993736516,LOW,,,NOT_AVAILABLE_IN_SOURCE_DATA,CANNOT_CALCULATE_WITHOUT_CURRENT_SKILLS,Employee-level current skill data unavailable,Continue Development and Monitor Progress
1003,47,Sales,Sales Executive,4163,0.07512026171868702,LOW,33.47861286320169,LOW,NOT_AVAILABLE_IN_SOURCE_DATA,CANNOT_CALCULATE_WITHOUT_CURRENT_SKILLS,Employee-level current skill data unavailable,Engagement Improvement + Upskilling Discussion
1004,30,Research & Development,Research Scientist,2132,0.5879749714607297,MEDIUM,,,NOT_AVAILABLE_IN_SOURCE_DATA,CANNOT_CALCULATE_WITHOUT_CURRENT_SKILLS,Employee-level current skill data unavailable,Career Development and Skill Assessment
1005,50,Research & Development,Manufacturing Director,13973,0.010752541034692002,LOW,,,NOT_AVAILABLE_IN_SOURCE_DATA,CANNOT_CALCULATE_WITHOUT_CURRENT_SKILLS,Employee-level current skill data unavailable,Continue Development and Monitor Progress
1006,38,Research & Development,Research Scientist,2684,0.06769232663725075,LOW,,,NOT_AVAILABLE_IN_SOURCE_DATA,CANNOT_CALCULATE_WITHOUT_CURRENT_SKILLS,Employee-level current skill data unavailable,Continue Development and Monitor Progress
1007,46,Research & Development,Manufacturing Director,10845,0.0030024119043943116,LOW,,,NOT_AVAILABLE_IN_SOURCE_DATA,CANNOT_CALCULATE_WITHOUT_CURRENT_SKILLS,Employee-level current skill data unavailable,Continue Development and Monitor Progress
1009,24,Research & Development,Manufacturing Director,4377,0.020193736721569953,LOW,,,NOT_AVAILABLE_IN_SOURCE_DATA,CANNOT_CALCULATE_WITHOUT_CURRENT_SKILLS,Employee-level current skill data unavailable,Continue Development and Monitor Progress
1010,35,Research & Development,Laboratory Technician,3743,0.4277142920358752,MEDIUM,,,NOT_AVAILABLE_IN_SOURCE_DATA,CANNOT_CALCULATE_WITHOUT_CURRENT_SKILLS,Employee-level current skill data unavailable,Career Development and Skill Assessment
1011,31,Research & Development,Manufacturing Director,4148,0.05210972033244146,LOW,,,NOT_AVAILABLE_IN_SOURCE_DATA,CANNOT_CALCULATE_WITHOUT_CURRENT_SKILLS,Employee-level current skill data unavailable,Continue Development and Monitor Progress
1012,18,Research & Development,Research Scientist,1051,0.04842245782650493,LOW,,,NOT_AVAILABLE_IN_SOURCE_DATA,CANNOT_CALCULATE_WITHOUT_CURRENT_SKILLS,Employee-level current skill data unavailable,Continue Development and Monitor Progress
1013,54,Research & Development,Manufacturing Director,10739,0.005907771306085147,LOW,,,NOT_AVAILABLE_IN_SOURCE_DATA,CANNOT_CALCULATE_WITHOUT_CURRENT_SKILLS,Employee-level current skill data unavailable,Continue Development and Monitor Progress
1014,35,Research & Development,Healthcare Representative,10388,0.18840874360779136,LOW,,,NOT_AVAILABLE_IN_SOURCE_DATA,CANNOT_CALCULATE_WITHOUT_CURRENT_SKILLS,Employee-level current skill data unavailable,Continue Development and Monitor Progress
1015,30,Research & Development,Research Director,11416,0.014606635554561435,LOW,,,NOT_AVAILABLE_IN_SOURCE_DATA,CANNOT_CALCULATE_WITHOUT_CURRENT_SKILLS,Employee-level current skill data unavailable,Continue Development and Monitor Progress
1016,20,Research & Development,Research Scientist,2600,0.725985262735222,HIGH,,,NOT_AVAILABLE_IN_SOURCE_DATA,CANNOT_CALCULATE_WITHOUT_CURRENT_SKILLS,Employee-level current skill data unavailable,Retention Review + Targeted Development Plan
1017,30,Research & Development,Laboratory Technician,2422,0.43386742318956883,MEDIUM,,,NOT_AVAILABLE_IN_SOURCE_DATA,CANNOT_CALCULATE_WITHOUT_CURRENT_SKILLS,Employee-level current skill data unavailable,Career Development and Skill Assessment
1018,26,Research & Development,Manufacturing Director,5472,0.004019120324540543,LOW,,,NOT_AVAILABLE_IN_SOURCE_DATA,CANNOT_CALCULATE_WITHOUT_CURRENT_SKILLS,Employee-level current skill data unavailable,Continue Development and Monitor Progress
1019,22,Research & Development,Laboratory Technician,2451,0.7100653622887232,HIGH,,,NOT_AVAILABLE_IN_SOURCE_DATA,CANNOT_CALCULATE_WITHOUT_CURRENT_SKILLS,Employee-level current skill data unavailable,Retention Review + Targeted Development Plan
1022,48,Research & Development,Healthcare Representative,4240,0.04420786957846714,LOW,,,NOT_AVAILABLE_IN_SOURCE_DATA,CANNOT_CALCULATE_WITHOUT_CURRENT_SKILLS,Employee-level current skill data unavailable,Continue Development and Monitor Progress
1024,48,Research & Development,Healthcare Representative,10999,0.011612930271513945,LOW,,,NOT_AVAILABLE_IN_SOURCE_DATA,CANNOT_CALCULATE_WITHOUT_CURRENT_SKILLS,Employee-level current skill data unavailable,Continue Development and Monitor Progress
1025,41,Research & Development,Manufacturing Director,5003,0.02839705744239659,LOW,,,NOT_AVAILABLE_IN_SOURCE_DATA,CANNOT_CALCULATE_WITHOUT_CURRENT_SKILLS,Employee-level current skill data unavailable,Continue Development and Monitor Progress
1026,39,Research & Development,Manufacturing Director,12742,0.006398269488299986,LOW,,,NOT_AVAILABLE_IN_SOURCE_DATA,CANNOT_CALCULATE_WITHOUT_CURRENT_SKILLS,Employee-level current skill data unavailable,Continue Development and Monitor Progress
1027,27,Research & Development,Manufacturing Director,4227,0.029849700572844015,LOW,,,NOT_AVAILABLE_IN_SOURCE_DATA,CANNOT_CALCULATE_WITHOUT_CURRENT_SKILLS,Employee-level current skill data unavailable,Continue Development and Monitor Progress
1028,35,Research & Development,Laboratory Technician,3917,0.06289014116181864,LOW,,,NOT_AVAILABLE_IN_SOURCE_DATA,CANNOT_CALCULATE_WITHOUT_CURRENT_SKILLS,Employee-level current skill data unavailable,Continue Development and Monitor Progress
1029,42,Sales,Manager,18303,0.03061949100622828,LOW,33.47861286320169,LOW,NOT_AVAILABLE_IN_SOURCE_DATA,CANNOT_CALCULATE_WITHOUT_CURRENT_SKILLS,Employee-level current skill data unavailable,Engagement Improvement + Upskilling Discussion
1030,50,Research & Development,Laboratory Technician,2380,0.09383626131335934,LOW,,,NOT_AVAILABLE_IN_SOURCE_DATA,CANNOT_CALCULATE_WITHOUT_CURRENT_SKILLS,Employee-level current skill data unavailable,Continue Development and Monitor Progress
1032,59,Research & Development,Manufacturing Director,13726,0.04012158632276812,LOW,,,NOT_AVAILABLE_IN_SOURCE_DATA,CANNOT_CALCULATE_WITHOUT_CURRENT_SKILLS,Employee-level current skill data unavailable,Continue Development and Monitor Progress
1033,37,Research & Development,Healthcare Representative,4777,0.37826019707912223,LOW,,,NOT_AVAILABLE_IN_SOURCE_DATA,CANNOT_CALCULATE_WITHOUT_CURRENT_SKILLS,Employee-level current skill data unavailable,Continue Development and Monitor Progress
1034,55,Research & Development,Healthcare Representative,6385,0.04297960447179846,LOW,,,NOT_AVAILABLE_IN_SOURCE_DATA,CANNOT_CALCULATE_WITHOUT_CURRENT_SKILLS,Employee-level current skill data unavailable,Continue Development and Monitor Progress
1035,41,Research & Development,Research Director,19973,0.0006766166767610654,LOW,,,NOT_AVAILABLE_IN_SOURCE_DATA,CANNOT_CALCULATE_WITHOUT_CURRENT_SKILLS,Employee-level current skill data unavailable,Continue Development and Monitor Progress
1036,38,Sales,Sales Executive,6861,0.5197080372171546,MEDIUM,33.47861286320169,LOW,NOT_AVAILABLE_IN_SOURCE_DATA,CANNOT_CALCULATE_WITHOUT_CURRENT_SKILLS,Employee-level current skill data unavailable,Engagement Improvement + Upskilling Discussion
1037,26,Sales,Sales Executive,4969,0.6890954343788555,MEDIUM,33.47861286320169,LOW,NOT_AVAILABLE_IN_SOURCE_DATA,CANNOT_CALCULATE_WITHOUT_CURRENT_SKILLS,Employee-level current skill data unavailable,Engagement Improvement + Upskilling Discussion
1038,52,Sales,Manager,19845,0.005281927522162848,LOW,33.47861286320169,LOW,NOT_AVAILABLE_IN_SOURCE_DATA,CANNOT_CALCULATE_WITHOUT_CURRENT_SKILLS,Employee-level current skill data unavailable,Engagement Improvement + Upskilling Discussion
1039,44,Sales,Sales Executive,13320,0.034987948788271134,LOW,33.47861286320169,LOW,NOT_AVAILABLE_IN_SOURCE_DATA,CANNOT_CALCULATE_WITHOUT_CURRENT_SKILLS,Employee-level current skill data unavailable,Engagement Improvement + Upskilling Discussion
1040,50,Sales,Sales Executive,6347,0.00030683401568280165,LOW,33.47861286320169,LOW,NOT_AVAILABLE_IN_SOURCE_DATA,CANNOT_CALCULATE_WITHOUT_CURRENT_SKILLS,Employee-level current skill data unavailable,Engagement Improvement + Upskilling Discussion
1042,36,Research & Development,Laboratory Technician,2743,0.13466403219509795,LOW,,,NOT_AVAILABLE_IN_SOURCE_DATA,CANNOT_CALCULATE_WITHOUT_CURRENT_SKILLS,Employee-level current skill data unavailable,Continue Development and Monitor Progress
1043,39,Research & Development,Manufacturing Director,10880,0.19857964838226344,LOW,,,NOT_AVAILABLE_IN_SOURCE_DATA,CANNOT_CALCULATE_WITHOUT_CURRENT_SKILLS,Employee-level current skill data unavailable,Continue Development and Monitor Progress
1044,33,Sales,Sales Representative,2342,0.1484597241407405,LOW,33.47861286320169,LOW,NOT_AVAILABLE_IN_SOURCE_DATA,CANNOT_CALCULATE_WITHOUT_CURRENT_SKILLS,Employee-level current skill data unavailable,Engagement Improvement + Upskilling Discussion
1045,45,Sales,Manager,17650,0.002850458014002815,LOW,33.47861286320169,LOW,NOT_AVAILABLE_IN_SOURCE_DATA,CANNOT_CALCULATE_WITHOUT_CURRENT_SKILLS,Employee-level current skill data unavailable,Engagement Improvement + Upskilling Discussion
1046,32,Research & Development,Laboratory Technician,4025,0.28114382298143986,LOW,,,NOT_AVAILABLE_IN_SOURCE_DATA,CANNOT_CALCULATE_WITHOUT_CURRENT_SKILLS,Employee-level current skill data unavailable,Continue Development and Monitor Progress
1047,34,Sales,Sales Executive,9725,0.005555778604113098,LOW,33.47861286320169,LOW,NOT_AVAILABLE_IN_SOURCE_DATA,CANNOT_CALCULATE_WITHOUT_CURRENT_SKILLS,Employee-level current skill data unavailable,Engagement Improvement + Upskilling Discussion
1048,59,Sales,Manager,11904,0.12361007056010007,LOW,33.47861286320169,LOW,NOT_AVAILABLE_IN_SOURCE_DATA,CANNOT_CALCULATE_WITHOUT_CURRENT_SKILLS,Employee-level current skill data unavailable,Engagement Improvement + Upskilling Discussion
1049,45,Human Resources,Human Resources,2177,0.20829269579742815,LOW,,,NOT_AVAILABLE_IN_SOURCE_DATA,CANNOT_CALCULATE_WITHOUT_CURRENT_SKILLS,Employee-level current skill data unavailable,Continue Development and Monitor Progress
1050,53,Sales,Sales Executive,7525,0.023903436037645193,LOW,33.47861286320169,LOW,NOT_AVAILABLE_IN_SOURCE_DATA,CANNOT_CALCULATE_WITHOUT_CURRENT_SKILLS,Employee-level current skill data unavailable,Engagement Improvement + Upskilling Discussion
1052,36,Research & Development,Laboratory Technician,4834,0.3555817103709605,LOW,,,NOT_AVAILABLE_IN_SOURCE_DATA,CANNOT_CALCULATE_WITHOUT_CURRENT_SKILLS,Employee-level current skill data unavailable,Continue Development and Monitor Progress
1053,26,Research & Development,Research Scientist,2042,0.8337834502080809,HIGH,,,NOT_AVAILABLE_IN_SOURCE_DATA,CANNOT_CALCULATE_WITHOUT_CURRENT_SKILLS,Employee-level current skill data unavailable,Retention Review + Targeted Development Plan
1055,34,Sales,Sales Representative,2220,0.329365209655018,LOW,33.47861286320169,LOW,NOT_AVAILABLE_IN_SOURCE_DATA,CANNOT_CALCULATE_WITHOUT_CURRENT_SKILLS,Employee-level current skill data unavailable,Engagement Improvement + Upskilling Discussion
1056,28,Sales,Sales Representative,1052,0.15487736627512366,LOW,33.47861286320169,LOW,NOT_AVAILABLE_IN_SOURCE_DATA,CANNOT_CALCULATE_WITHOUT_CURRENT_SKILLS,Employee-level current skill data unavailable,Engagement Improvement + Upskilling Discussion
1060,38,Research & Development,Research Scientist,2821,0.03647264074678231,LOW,,,NOT_AVAILABLE_IN_SOURCE_DATA,CANNOT_CALCULATE_WITHOUT_CURRENT_SKILLS,Employee-level current skill data unavailable,Continue Development and Monitor Progress
1061,50,Research & Development,Research Director,19237,0.019426417704826202,LOW,,,NOT_AVAILABLE_IN_SOURCE_DATA,CANNOT_CALCULATE_WITHOUT_CURRENT_SKILLS,Employee-level current skill data unavailable,Continue Development and Monitor Progress
1062,37,Research & Development,Healthcare Representative,4107,0.024173545876328507,LOW,,,NOT_AVAILABLE_IN_SOURCE_DATA,CANNOT_CALCULATE_WITHOUT_CURRENT_SKILLS,Employee-level current skill data unavailable,Continue Development and Monitor Progress
1066,40,Sales,Sales Executive,8396,0.2696625884517977,LOW,33.47861286320169,LOW,NOT_AVAILABLE_IN_SOURCE_DATA,CANNOT_CALCULATE_WITHOUT_CURRENT_SKILLS,Employee-level current skill data unavailable,Engagement Improvement + Upskilling Discussion
1068,26,Research & Development,Research Scientist,2007,0.04025358447585674,LOW,,,NOT_AVAILABLE_IN_SOURCE_DATA,CANNOT_CALCULATE_WITHOUT_CURRENT_SKILLS,Employee-level current skill data unavailable,Continue Development and Monitor Progress
1069,46,Research & Development,Research Director,19627,0.0016348225846181269,LOW,,,NOT_AVAILABLE_IN_SOURCE_DATA,CANNOT_CALCULATE_WITHOUT_CURRENT_SKILLS,Employee-level current skill data unavailable,Continue Development and Monitor Progress
1070,54,Sales,Sales Executive,10686,0.08255083697666729,LOW,33.47861286320169,LOW,NOT_AVAILABLE_IN_SOURCE_DATA,CANNOT_CALCULATE_WITHOUT_CURRENT_SKILLS,Employee-level current skill data unavailable,Engagement Improvement + Upskilling Discussion
1071,56,Research & Development,Research Scientist,2942,0.007370640055299542,LOW,,,NOT_AVAILABLE_IN_SOURCE_DATA,CANNOT_CALCULATE_WITHOUT_CURRENT_SKILLS,Employee-level current skill data unavailable,Continue Development and Monitor Progress
1073,36,Research & Development,Manufacturing Director,8858,0.026866174335378384,LOW,,,NOT_AVAILABLE_IN_SOURCE_DATA,CANNOT_CALCULATE_WITHOUT_CURRENT_SKILLS,Employee-level current skill data unavailable,Continue Development and Monitor Progress
1074,55,Research & Development,Manager,16756,0.016657170004203185,LOW,,,NOT_AVAILABLE_IN_SOURCE_DATA,CANNOT_CALCULATE_WITHOUT_CURRENT_SKILLS,Employee-level current skill data unavailable,Continue Development and Monitor Progress
1076,43,Sales,Sales Executive,10798,0.039151867031361504,LOW,33.47861286320169,LOW,NOT_AVAILABLE_IN_SOURCE_DATA,CANNOT_CALCULATE_WITHOUT_CURRENT_SKILLS,Employee-level current skill data unavailable,Engagement Improvement + Upskilling Discussion
1077,20,Sales,Sales Representative,2323,0.7959436519180191,HIGH,33.47861286320169,LOW,NOT_AVAILABLE_IN_SOURCE_DATA,CANNOT_CALCULATE_WITHOUT_CURRENT_SKILLS,Employee-level current skill data unavailable,Retention Review + Targeted Development Plan
1079,21,Research & Development,Laboratory Technician,1416,0.7298942596659486,HIGH,,,NOT_AVAILABLE_IN_SOURCE_DATA,CANNOT_CALCULATE_WITHOUT_CURRENT_SKILLS,Employee-level current skill data unavailable,Retention Review + Targeted Development Plan
1080,46,Research & Development,Research Scientist,4615,0.0341272491593363,LOW,,,NOT_AVAILABLE_IN_SOURCE_DATA,CANNOT_CALCULATE_WITHOUT_CURRENT_SKILLS,Employee-level current skill data unavailable,Continue Development and Monitor Progress
1081,51,Research & Development,Research Scientist,2461,0.06821202829840664,LOW,,,NOT_AVAILABLE_IN_SOURCE_DATA,CANNOT_CALCULATE_WITHOUT_CURRENT_SKILLS,Employee-level current skill data unavailable,Continue Development and Monitor Progress
1082,28,Research & Development,Healthcare Representative,8722,0.22280636228196812,LOW,,,NOT_AVAILABLE_IN_SOURCE_DATA,CANNOT_CALCULATE_WITHOUT_CURRENT_SKILLS,Employee-level current skill data unavailable,Continue Development and Monitor Progress
1083,26,Research & Development,Laboratory Technician,3955,0.28643839029237633,LOW,,,NOT_AVAILABLE_IN_SOURCE_DATA,CANNOT_CALCULATE_WITHOUT_CURRENT_SKILLS,Employee-level current skill data unavailable,Continue Development and Monitor Progress
1084,30,Research & Development,Manufacturing Director,9957,0.04307242391506915,LOW,,,NOT_AVAILABLE_IN_SOURCE_DATA,CANNOT_CALCULATE_WITHOUT_CURRENT_SKILLS,Employee-level current skill data unavailable,Continue Development and Monitor Progress
1085,41,Research & Development,Research Scientist,3376,0.004337257111519662,LOW,,,NOT_AVAILABLE_IN_SOURCE_DATA,CANNOT_CALCULATE_WITHOUT_CURRENT_SKILLS,Employee-level current skill data unavailable,Continue Development and Monitor Progress
1088,38,Research & Development,Healthcare Representative,8823,0.004542214327533252,LOW,,,NOT_AVAILABLE_IN_SOURCE_DATA,CANNOT_CALCULATE_WITHOUT_CURRENT_SKILLS,Employee-level current skill data unavailable,Continue Development and Monitor Progress
1092,40,Research & Development,Healthcare Representative,10322,0.06390168024389414,LOW,,,NOT_AVAILABLE_IN_SOURCE_DATA,CANNOT_CALCULATE_WITHOUT_CURRENT_SKILLS,Employee-level current skill data unavailable,Continue Development and Monitor Progress
1094,27,Research & Development,Laboratory Technician,4621,0.060466458577280134,LOW,,,NOT_AVAILABLE_IN_SOURCE_DATA,CANNOT_CALCULATE_WITHOUT_CURRENT_SKILLS,Employee-level current skill data unavailable,Continue Development and Monitor Progress
1096,55,Research & Development,Manufacturing Director,10976,0.0051954749079009405,LOW,,,NOT_AVAILABLE_IN_SOURCE_DATA,CANNOT_CALCULATE_WITHOUT_CURRENT_SKILLS,Employee-level current skill data unavailable,Continue Development and Monitor Progress
1097,28,Research & Development,Research Scientist,3660,0.005885853478567868,LOW,,,NOT_AVAILABLE_IN_SOURCE_DATA,CANNOT_CALCULATE_WITHOUT_CURRENT_SKILLS,Employee-level current skill data unavailable,Continue Development and Monitor Progress
1098,44,Human Resources,Human Resources,10482,0.10038309137420583,LOW,,,NOT_AVAILABLE_IN_SOURCE_DATA,CANNOT_CALCULATE_WITHOUT_CURRENT_SKILLS,Employee-level current skill data unavailable,Continue Development and Monitor Progress
1099,33,Research & Development,Healthcare Representative,7119,0.013067891356720844,LOW,,,NOT_AVAILABLE_IN_SOURCE_DATA,CANNOT_CALCULATE_WITHOUT_CURRENT_SKILLS,Employee-level current skill data unavailable,Continue Development and Monitor Progress
1100,35,Sales,Sales Executive,9582,0.4817113385133824,MEDIUM,33.47861286320169,LOW,NOT_AVAILABLE_IN_SOURCE_DATA,CANNOT_CALCULATE_WITHOUT_CURRENT_SKILLS,Employee-level current skill data unavailable,Engagement Improvement + Upskilling Discussion
1101,33,Research & Development,Research Scientist,4508,0.21693153116461095,LOW,,,NOT_AVAILABLE_IN_SOURCE_DATA,CANNOT_CALCULATE_WITHOUT_CURRENT_SKILLS,Employee-level current skill data unavailable,Continue Development and Monitor Progress
1102,28,Research & Development,Laboratory Technician,2207,0.19260531273611348,LOW,,,NOT_AVAILABLE_IN_SOURCE_DATA,CANNOT_CALCULATE_WITHOUT_CURRENT_SKILLS,Employee-level current skill data unavailable,Continue Development and Monitor Progress
1103,34,Research & Development,Healthcare Representative,7756,0.09106511821619752,LOW,,,NOT_AVAILABLE_IN_SOURCE_DATA,CANNOT_CALCULATE_WITHOUT_CURRENT_SKILLS,Employee-level current skill data unavailable,Continue Development and Monitor Progress
1105,37,Sales,Sales Executive,6694,0.045907923226432897,LOW,33.47861286320169,LOW,NOT_AVAILABLE_IN_SOURCE_DATA,CANNOT_CALCULATE_WITHOUT_CURRENT_SKILLS,Employee-level current skill data unavailable,Engagement Improvement + Upskilling Discussion
1106,25,Research & Development,Laboratory Technician,3691,0.1588319730817819,LOW,,,NOT_AVAILABLE_IN_SOURCE_DATA,CANNOT_CALCULATE_WITHOUT_CURRENT_SKILLS,Employee-level current skill data unavailable,Continue Development and Monitor Progress
1107,26,Research & Development,Laboratory Technician,2377,0.4354983339797579,MEDIUM,,,NOT_AVAILABLE_IN_SOURCE_DATA,CANNOT_CALCULATE_WITHOUT_CURRENT_SKILLS,Employee-level current skill data unavailable,Career Development and Skill Assessment
1108,33,Research & Development,Research Scientist,2313,0.9241044068628816,HIGH,,,NOT_AVAILABLE_IN_SOURCE_DATA,CANNOT_CALCULATE_WITHOUT_CURRENT_SKILLS,Employee-level current skill data unavailable,Retention Review + Targeted Development Plan
1109,42,Research & Development,Manager,17665,0.01167547973393412,LOW,,,NOT_AVAILABLE_IN_SOURCE_DATA,CANNOT_CALCULATE_WITHOUT_CURRENT_SKILLS,Employee-level current skill data unavailable,Continue Development and Monitor Progress
1111,28,Research & Development,Laboratory Technician,2596,0.545111147018213,MEDIUM,,,NOT_AVAILABLE_IN_SOURCE_DATA,CANNOT_CALCULATE_WITHOUT_CURRENT_SKILLS,Employee-level current skill data unavailable,Career Development and Skill Assessment
1113,50,Sales,Sales Executive,4728,0.1910480187934885,LOW,33.47861286320169,LOW,NOT_AVAILABLE_IN_SOURCE_DATA,CANNOT_CALCULATE_WITHOUT_CURRENT_SKILLS,Employee-level current skill data unavailable,Engagement Improvement + Upskilling Discussion
1114,33,Sales,Sales Executive,4302,0.043624528351455645,LOW,33.47861286320169,LOW,NOT_AVAILABLE_IN_SOURCE_DATA,CANNOT_CALCULATE_WITHOUT_CURRENT_SKILLS,Employee-level current skill data unavailable,Engagement Improvement + Upskilling Discussion
1115,34,Research & Development,Research Scientist,2979,0.0038444827397917797,LOW,,,NOT_AVAILABLE_IN_SOURCE_DATA,CANNOT_CALCULATE_WITHOUT_CURRENT_SKILLS,Employee-level current skill data unavailable,Continue Development and Monitor Progress
1116,48,Research & Development,Manager,16885,0.0030564793433740683,LOW,,,NOT_AVAILABLE_IN_SOURCE_DATA,CANNOT_CALCULATE_WITHOUT_CURRENT_SKILLS,Employee-level current skill data unavailable,Continue Development and Monitor Progress
1117,45,Sales,Sales Executive,5593,0.0028429311768552725,LOW,33.47861286320169,LOW,NOT_AVAILABLE_IN_SOURCE_DATA,CANNOT_CALCULATE_WITHOUT_CURRENT_SKILLS,Employee-level current skill data unavailable,Engagement Improvement + Upskilling Discussion
1118,52,Research & Development,Healthcare Representative,10445,0.041335758494176075,LOW,,,NOT_AVAILABLE_IN_SOURCE_DATA,CANNOT_CALCULATE_WITHOUT_CURRENT_SKILLS,Employee-level current skill data unavailable,Continue Development and Monitor Progress
1119,38,Sales,Sales Executive,8740,0.13019388276985017,LOW,33.47861286320169,LOW,NOT_AVAILABLE_IN_SOURCE_DATA,CANNOT_CALCULATE_WITHOUT_CURRENT_SKILLS,Employee-level current skill data unavailable,Engagement Improvement + Upskilling Discussion
1120,29,Research & Development,Research Scientist,2514,0.026180303683439796,LOW,,,NOT_AVAILABLE_IN_SOURCE_DATA,CANNOT_CALCULATE_WITHOUT_CURRENT_SKILLS,Employee-level current skill data unavailable,Continue Development and Monitor Progress
1121,28,Research & Development,Manufacturing Director,7655,0.0022308556470661918,LOW,,,NOT_AVAILABLE_IN_SOURCE_DATA,CANNOT_CALCULATE_WITHOUT_CURRENT_SKILLS,Employee-level current skill data unavailable,Continue Development and Monitor Progress
1124,46,Sales,Manager,17465,0.009329891761212057,LOW,33.47861286320169,LOW,NOT_AVAILABLE_IN_SOURCE_DATA,CANNOT_CALCULATE_WITHOUT_CURRENT_SKILLS,Employee-level current skill data unavailable,Engagement Improvement + Upskilling Discussion
1125,38,Sales,Sales Executive,7351,0.219575292720981,LOW,33.47861286320169,LOW,NOT_AVAILABLE_IN_SOURCE_DATA,CANNOT_CALCULATE_WITHOUT_CURRENT_SKILLS,Employee-level current skill data unavailable,Engagement Improvement + Upskilling Discussion
1126,43,Research & Development,Manufacturing Director,10820,0.13099939202651037,LOW,,,NOT_AVAILABLE_IN_SOURCE_DATA,CANNOT_CALCULATE_WITHOUT_CURRENT_SKILLS,Employee-level current skill data unavailable,Continue Development and Monitor Progress
1127,39,Research & Development,Healthcare Representative,12169,0.042669134981410714,LOW,,,NOT_AVAILABLE_IN_SOURCE_DATA,CANNOT_CALCULATE_WITHOUT_CURRENT_SKILLS,Employee-level current skill data unavailable,Continue Development and Monitor Progress
1128,40,Research & Development,Research Director,19626,0.012344689651913833,LOW,,,NOT_AVAILABLE_IN_SOURCE_DATA,CANNOT_CALCULATE_WITHOUT_CURRENT_SKILLS,Employee-level current skill data unavailable,Continue Development and Monitor Progress
1131,21,Research & Development,Research Scientist,2070,0.3163647776032238,LOW,,,NOT_AVAILABLE_IN_SOURCE_DATA,CANNOT_CALCULATE_WITHOUT_CURRENT_SKILLS,Employee-level current skill data unavailable,Continue Development and Monitor Progress
1132,39,Research & Development,Laboratory Technician,6782,0.2370746580471598,LOW,,,NOT_AVAILABLE_IN_SOURCE_DATA,CANNOT_CALCULATE_WITHOUT_CURRENT_SKILLS,Employee-level current skill data unavailable,Continue Development and Monitor Progress
1133,36,Research & Development,Manufacturing Director,7779,0.01137558009893446,LOW,,,NOT_AVAILABLE_IN_SOURCE_DATA,CANNOT_CALCULATE_WITHOUT_CURRENT_SKILLS,Employee-level current skill data unavailable,Continue Development and Monitor Progress
1135,31,Sales,Sales Representative,2791,0.21886445082425313,LOW,33.47861286320169,LOW,NOT_AVAILABLE_IN_SOURCE_DATA,CANNOT_CALCULATE_WITHOUT_CURRENT_SKILLS,Employee-level current skill data unavailable,Engagement Improvement + Upskilling Discussion
1136,28,Research & Development,Research Scientist,3201,0.21474864871741317,LOW,,,NOT_AVAILABLE_IN_SOURCE_DATA,CANNOT_CALCULATE_WITHOUT_CURRENT_SKILLS,Employee-level current skill data unavailable,Continue Development and Monitor Progress
1137,35,Sales,Sales Executive,4968,0.03606622265490813,LOW,33.47861286320169,LOW,NOT_AVAILABLE_IN_SOURCE_DATA,CANNOT_CALCULATE_WITHOUT_CURRENT_SKILLS,Employee-level current skill data unavailable,Engagement Improvement + Upskilling Discussion
1138,49,Sales,Sales Executive,13120,0.03902420834752111,LOW,33.47861286320169,LOW,NOT_AVAILABLE_IN_SOURCE_DATA,CANNOT_CALCULATE_WITHOUT_CURRENT_SKILLS,Employee-level current skill data unavailable,Engagement Improvement + Upskilling Discussion
1140,34,Research & Development,Manufacturing Director,4033,0.06603489317259893,LOW,,,NOT_AVAILABLE_IN_SOURCE_DATA,CANNOT_CALCULATE_WITHOUT_CURRENT_SKILLS,Employee-level current skill data unavailable,Continue Development and Monitor Progress
1143,29,Research & Development,Research Scientist,3291,0.019144624001769327,LOW,,,NOT_AVAILABLE_IN_SOURCE_DATA,CANNOT_CALCULATE_WITHOUT_CURRENT_SKILLS,Employee-level current skill data unavailable,Continue Development and Monitor Progress
1148,42,Research & Development,Laboratory Technician,4272,0.5753925209205156,MEDIUM,,,NOT_AVAILABLE_IN_SOURCE_DATA,CANNOT_CALCULATE_WITHOUT_CURRENT_SKILLS,Employee-level current skill data unavailable,Career Development and Skill Assessment
1150,29,Research & Development,Manufacturing Director,5056,0.13858061238521388,LOW,,,NOT_AVAILABLE_IN_SOURCE_DATA,CANNOT_CALCULATE_WITHOUT_CURRENT_SKILLS,Employee-level current skill data unavailable,Continue Development and Monitor Progress
1152,38,Human Resources,Human Resources,2844,0.02547772172466501,LOW,,,NOT_AVAILABLE_IN_SOURCE_DATA,CANNOT_CALCULATE_WITHOUT_CURRENT_SKILLS,Employee-level current skill data unavailable,Continue Development and Monitor Progress
1154,28,Research & Development,Research Scientist,2703,0.29668832035106935,LOW,,,NOT_AVAILABLE_IN_SOURCE_DATA,CANNOT_CALCULATE_WITHOUT_CURRENT_SKILLS,Employee-level current skill data unavailable,Continue Development and Monitor Progress
1156,18,Research & Development,Laboratory Technician,1904,0.17231014847302517,LOW,,,NOT_AVAILABLE_IN_SOURCE_DATA,CANNOT_CALCULATE_WITHOUT_CURRENT_SKILLS,Employee-level current skill data unavailable,Continue Development and Monitor Progress
1157,33,Sales,Sales Executive,8224,0.759646647402833,HIGH,33.47861286320169,LOW,NOT_AVAILABLE_IN_SOURCE_DATA,CANNOT_CALCULATE_WITHOUT_CURRENT_SKILLS,Employee-level current skill data unavailable,Retention Review + Targeted Development Plan
1158,41,Research & Development,Laboratory Technician,4766,0.43237528119202745,MEDIUM,,,NOT_AVAILABLE_IN_SOURCE_DATA,CANNOT_CALCULATE_WITHOUT_CURRENT_SKILLS,Employee-level current skill data unavailable,Career Development and Skill Assessment
1160,31,Research & Development,Laboratory Technician,2610,0.22134899108732267,LOW,,,NOT_AVAILABLE_IN_SOURCE_DATA,CANNOT_CALCULATE_WITHOUT_CURRENT_SKILLS,Employee-level current skill data unavailable,Continue Development and Monitor Progress
1161,37,Research & Development,Healthcare Representative,5731,0.027649601232612203,LOW,,,NOT_AVAILABLE_IN_SOURCE_DATA,CANNOT_CALCULATE_WITHOUT_CURRENT_SKILLS,Employee-level current skill data unavailable,Continue Development and Monitor Progress
1162,27,Research & Development,Research Scientist,2539,0.04292144008285597,LOW,,,NOT_AVAILABLE_IN_SOURCE_DATA,CANNOT_CALCULATE_WITHOUT_CURRENT_SKILLS,Employee-level current skill data unavailable,Continue Development and Monitor Progress
1163,34,Sales,Sales Executive,5714,0.08673036865534577,LOW,33.47861286320169,LOW,NOT_AVAILABLE_IN_SOURCE_DATA,CANNOT_CALCULATE_WITHOUT_CURRENT_SKILLS,Employee-level current skill data unavailable,Engagement Improvement + Upskilling Discussion
1164,35,Human Resources,Human Resources,4323,0.24783728100477423,LOW,,,NOT_AVAILABLE_IN_SOURCE_DATA,CANNOT_CALCULATE_WITHOUT_CURRENT_SKILLS,Employee-level current skill data unavailable,Continue Development and Monitor Progress
1165,29,Sales,Sales Executive,7336,0.16561950905404568,LOW,33.47861286320169,LOW,NOT_AVAILABLE_IN_SOURCE_DATA,CANNOT_CALCULATE_WITHOUT_CURRENT_SKILLS,Employee-level current skill data unavailable,Engagement Improvement + Upskilling Discussion
1166,40,Research & Development,Research Director,13499,0.02926857540101469,LOW,,,NOT_AVAILABLE_IN_SOURCE_DATA,CANNOT_CALCULATE_WITHOUT_CURRENT_SKILLS,Employee-level current skill data unavailable,Continue Development and Monitor Progress
1167,42,Sales,Sales Executive,13758,0.7883521794179631,HIGH,33.47861286320169,LOW,NOT_AVAILABLE_IN_SOURCE_DATA,CANNOT_CALCULATE_WITHOUT_CURRENT_SKILLS,Employee-level current skill data unavailable,Retention Review + Targeted Development Plan
1171,42,Sales,Sales Executive,5155,0.1705839064595833,LOW,33.47861286320169,LOW,NOT_AVAILABLE_IN_SOURCE_DATA,CANNOT_CALCULATE_WITHOUT_CURRENT_SKILLS,Employee-level current skill data unavailable,Engagement Improvement + Upskilling Discussion
1172,35,Research & Development,Laboratory Technician,2258,0.07290946004610949,LOW,,,NOT_AVAILABLE_IN_SOURCE_DATA,CANNOT_CALCULATE_WITHOUT_CURRENT_SKILLS,Employee-level current skill data unavailable,Continue Development and Monitor Progress
1173,24,Research & Development,Laboratory Technician,3597,0.48881352695785046,MEDIUM,,,NOT_AVAILABLE_IN_SOURCE_DATA,CANNOT_CALCULATE_WITHOUT_CURRENT_SKILLS,Employee-level current skill data unavailable,Career Development and Skill Assessment
1175,28,Research & Development,Laboratory Technician,2515,0.3622809131927236,LOW,,,NOT_AVAILABLE_IN_SOURCE_DATA,CANNOT_CALCULATE_WITHOUT_CURRENT_SKILLS,Employee-level current skill data unavailable,Continue Development and Monitor Progress
1177,26,Research & Development,Laboratory Technician,4420,0.015746909854661963,LOW,,,NOT_AVAILABLE_IN_SOURCE_DATA,CANNOT_CALCULATE_WITHOUT_CURRENT_SKILLS,Employee-level current skill data unavailable,Continue Development and Monitor Progress
1179,30,Sales,Sales Executive,6578,0.0910360621746873,LOW,33.47861286320169,LOW,NOT_AVAILABLE_IN_SOURCE_DATA,CANNOT_CALCULATE_WITHOUT_CURRENT_SKILLS,Employee-level current skill data unavailable,Engagement Improvement + Upskilling Discussion
1180,40,Research & Development,Research Scientist,4422,0.3239570682943189,LOW,,,NOT_AVAILABLE_IN_SOURCE_DATA,CANNOT_CALCULATE_WITHOUT_CURRENT_SKILLS,Employee-level current skill data unavailable,Continue Development and Monitor Progress
1182,35,Research & Development,Manufacturing Director,10274,0.020206115619228693,LOW,,,NOT_AVAILABLE_IN_SOURCE_DATA,CANNOT_CALCULATE_WITHOUT_CURRENT_SKILLS,Employee-level current skill data unavailable,Continue Development and Monitor Progress
1184,34,Research & Development,Healthcare Representative,5343,0.022656842795582867,LOW,,,NOT_AVAILABLE_IN_SOURCE_DATA,CANNOT_CALCULATE_WITHOUT_CURRENT_SKILLS,Employee-level current skill data unavailable,Continue Development and Monitor Progress
1185,35,Research & Development,Laboratory Technician,2376,0.05944578699977588,LOW,,,NOT_AVAILABLE_IN_SOURCE_DATA,CANNOT_CALCULATE_WITHOUT_CURRENT_SKILLS,Employee-level current skill data unavailable,Continue Development and Monitor Progress
1188,43,Sales,Sales Executive,5346,0.7541165179491893,HIGH,33.47861286320169,LOW,NOT_AVAILABLE_IN_SOURCE_DATA,CANNOT_CALCULATE_WITHOUT_CURRENT_SKILLS,Employee-level current skill data unavailable,Retention Review + Targeted Development Plan
1190,32,Sales,Sales Representative,2827,0.03112536804660534,LOW,33.47861286320169,LOW,NOT_AVAILABLE_IN_SOURCE_DATA,CANNOT_CALCULATE_WITHOUT_CURRENT_SKILLS,Employee-level current skill data unavailable,Engagement Improvement + Upskilling Discussion
1191,56,Research & Development,Manager,19943,0.007092348225036238,LOW,,,NOT_AVAILABLE_IN_SOURCE_DATA,CANNOT_CALCULATE_WITHOUT_CURRENT_SKILLS,Employee-level current skill data unavailable,Continue Development and Monitor Progress
1192,29,Research & Development,Laboratory Technician,3131,0.009985961706351892,LOW,,,NOT_AVAILABLE_IN_SOURCE_DATA,CANNOT_CALCULATE_WITHOUT_CURRENT_SKILLS,Employee-level current skill data unavailable,Continue Development and Monitor Progress
1193,19,Research & Development,Research Scientist,2552,0.16916942216386507,LOW,,,NOT_AVAILABLE_IN_SOURCE_DATA,CANNOT_CALCULATE_WITHOUT_CURRENT_SKILLS,Employee-level current skill data unavailable,Continue Development and Monitor Progress
1195,45,Research & Development,Research Scientist,4477,0.13971456020396508,LOW,,,NOT_AVAILABLE_IN_SOURCE_DATA,CANNOT_CALCULATE_WITHOUT_CURRENT_SKILLS,Employee-level current skill data unavailable,Continue Development and Monitor Progress
1196,37,Research & Development,Manufacturing Director,6474,0.002629748498487816,LOW,,,NOT_AVAILABLE_IN_SOURCE_DATA,CANNOT_CALCULATE_WITHOUT_CURRENT_SKILLS,Employee-level current skill data unavailable,Continue Development and Monitor Progress
1198,20,Research & Development,Laboratory Technician,3033,0.769457247116282,HIGH,,,NOT_AVAILABLE_IN_SOURCE_DATA,CANNOT_CALCULATE_WITHOUT_CURRENT_SKILLS,Employee-level current skill data unavailable,Retention Review + Targeted Development Plan
1200,44,Research & Development,Research Scientist,2936,0.11152683754843372,LOW,,,NOT_AVAILABLE_IN_SOURCE_DATA,CANNOT_CALCULATE_WITHOUT_CURRENT_SKILLS,Employee-level current skill data unavailable,Continue Development and Monitor Progress
1201,53,Research & Development,Manager,18606,0.0006885754984751574,LOW,,,NOT_AVAILABLE_IN_SOURCE_DATA,CANNOT_CALCULATE_WITHOUT_CURRENT_SKILLS,Employee-level current skill data unavailable,Continue Development and Monitor Progress
1202,29,Research & Development,Research Scientist,2168,0.39389716064837577,LOW,,,NOT_AVAILABLE_IN_SOURCE_DATA,CANNOT_CALCULATE_WITHOUT_CURRENT_SKILLS,Employee-level current skill data unavailable,Continue Development and Monitor Progress
1203,22,Research & Development,Research Scientist,2853,0.33171719758240004,LOW,,,NOT_AVAILABLE_IN_SOURCE_DATA,CANNOT_CALCULATE_WITHOUT_CURRENT_SKILLS,Employee-level current skill data unavailable,Continue Development and Monitor Progress
1204,46,Sales,Manager,17048,0.15165485105168,LOW,33.47861286320169,LOW,NOT_AVAILABLE_IN_SOURCE_DATA,CANNOT_CALCULATE_WITHOUT_CURRENT_SKILLS,Employee-level current skill data unavailable,Engagement Improvement + Upskilling Discussion
1206,44,Research & Development,Research Scientist,2290,0.03342990656071276,LOW,,,NOT_AVAILABLE_IN_SOURCE_DATA,CANNOT_CALCULATE_WITHOUT_CURRENT_SKILLS,Employee-level current skill data unavailable,Continue Development and Monitor Progress
1207,33,Human Resources,Human Resources,3600,0.05347335405925096,LOW,,,NOT_AVAILABLE_IN_SOURCE_DATA,CANNOT_CALCULATE_WITHOUT_CURRENT_SKILLS,Employee-level current skill data unavailable,Continue Development and Monitor Progress
1210,41,Research & Development,Research Scientist,2107,0.3042351149525835,LOW,,,NOT_AVAILABLE_IN_SOURCE_DATA,CANNOT_CALCULATE_WITHOUT_CURRENT_SKILLS,Employee-level current skill data unavailable,Continue Development and Monitor Progress
1211,30,Sales,Sales Executive,4115,0.19559247235993454,LOW,33.47861286320169,LOW,NOT_AVAILABLE_IN_SOURCE_DATA,CANNOT_CALCULATE_WITHOUT_CURRENT_SKILLS,Employee-level current skill data unavailable,Engagement Improvement + Upskilling Discussion
1212,40,Sales,Sales Executive,4327,0.10318930004501516,LOW,33.47861286320169,LOW,NOT_AVAILABLE_IN_SOURCE_DATA,CANNOT_CALCULATE_WITHOUT_CURRENT_SKILLS,Employee-level current skill data unavailable,Engagement Improvement + Upskilling Discussion
1215,50,Research & Development,Manager,17856,0.003146473061476783,LOW,,,NOT_AVAILABLE_IN_SOURCE_DATA,CANNOT_CALCULATE_WITHOUT_CURRENT_SKILLS,Employee-level current skill data unavailable,Continue Development and Monitor Progress
1216,28,Research & Development,Laboratory Technician,3196,0.11222779273224794,LOW,,,NOT_AVAILABLE_IN_SOURCE_DATA,CANNOT_CALCULATE_WITHOUT_CURRENT_SKILLS,Employee-level current skill data unavailable,Continue Development and Monitor Progress
1217,46,Research & Development,Research Director,19081,0.006656072714826833,LOW,,,NOT_AVAILABLE_IN_SOURCE_DATA,CANNOT_CALCULATE_WITHOUT_CURRENT_SKILLS,Employee-level current skill data unavailable,Continue Development and Monitor Progress
1218,35,Sales,Sales Executive,8966,0.07468141967183099,LOW,33.47861286320169,LOW,NOT_AVAILABLE_IN_SOURCE_DATA,CANNOT_CALCULATE_WITHOUT_CURRENT_SKILLS,Employee-level current skill data unavailable,Engagement Improvement + Upskilling Discussion
1219,24,Research & Development,Laboratory Technician,2210,0.3646627129068407,LOW,,,NOT_AVAILABLE_IN_SOURCE_DATA,CANNOT_CALCULATE_WITHOUT_CURRENT_SKILLS,Employee-level current skill data unavailable,Continue Development and Monitor Progress
1220,33,Sales,Sales Executive,4539,0.2051973452446675,LOW,33.47861286320169,LOW,NOT_AVAILABLE_IN_SOURCE_DATA,CANNOT_CALCULATE_WITHOUT_CURRENT_SKILLS,Employee-level current skill data unavailable,Engagement Improvement + Upskilling Discussion
1221,36,Research & Development,Laboratory Technician,2741,0.0332510852445698,LOW,,,NOT_AVAILABLE_IN_SOURCE_DATA,CANNOT_CALCULATE_WITHOUT_CURRENT_SKILLS,Employee-level current skill data unavailable,Continue Development and Monitor Progress
1224,30,Research & Development,Laboratory Technician,3491,0.06036154988566822,LOW,,,NOT_AVAILABLE_IN_SOURCE_DATA,CANNOT_CALCULATE_WITHOUT_CURRENT_SKILLS,Employee-level current skill data unavailable,Continue Development and Monitor Progress
1225,44,Research & Development,Research Scientist,4541,0.008931771075618307,LOW,,,NOT_AVAILABLE_IN_SOURCE_DATA,CANNOT_CALCULATE_WITHOUT_CURRENT_SKILLS,Employee-level current skill data unavailable,Continue Development and Monitor Progress
1226,20,Sales,Sales Representative,2678,0.35929034922072767,LOW,33.47861286320169,LOW,NOT_AVAILABLE_IN_SOURCE_DATA,CANNOT_CALCULATE_WITHOUT_CURRENT_SKILLS,Employee-level current skill data unavailable,Engagement Improvement + Upskilling Discussion
1228,46,Research & Development,Manufacturing Director,7379,0.00419902339232544,LOW,,,NOT_AVAILABLE_IN_SOURCE_DATA,CANNOT_CALCULATE_WITHOUT_CURRENT_SKILLS,Employee-level current skill data unavailable,Continue Development and Monitor Progress
1231,42,Human Resources,Human Resources,6272,0.009396860309170346,LOW,,,NOT_AVAILABLE_IN_SOURCE_DATA,CANNOT_CALCULATE_WITHOUT_CURRENT_SKILLS,Employee-level current skill data unavailable,Continue Development and Monitor Progress
1233,60,Sales,Sales Executive,5220,0.011063061397699284,LOW,33.47861286320169,LOW,NOT_AVAILABLE_IN_SOURCE_DATA,CANNOT_CALCULATE_WITHOUT_CURRENT_SKILLS,Employee-level current skill data unavailable,Engagement Improvement + Upskilling Discussion
1234,32,Research & Development,Laboratory Technician,2743,0.21341367136397882,LOW,,,NOT_AVAILABLE_IN_SOURCE_DATA,CANNOT_CALCULATE_WITHOUT_CURRENT_SKILLS,Employee-level current skill data unavailable,Continue Development and Monitor Progress
1235,32,Research & Development,Research Scientist,4998,0.10378194479259258,LOW,,,NOT_AVAILABLE_IN_SOURCE_DATA,CANNOT_CALCULATE_WITHOUT_CURRENT_SKILLS,Employee-level current skill data unavailable,Continue Development and Monitor Progress
1237,36,Research & Development,Manufacturing Director,10252,0.22483665694552044,LOW,,,NOT_AVAILABLE_IN_SOURCE_DATA,CANNOT_CALCULATE_WITHOUT_CURRENT_SKILLS,Employee-level current skill data unavailable,Continue Development and Monitor Progress
1238,33,Research & Development,Research Scientist,2781,0.0040773753104646464,LOW,,,NOT_AVAILABLE_IN_SOURCE_DATA,CANNOT_CALCULATE_WITHOUT_CURRENT_SKILLS,Employee-level current skill data unavailable,Continue Development and Monitor Progress
1239,40,Sales,Sales Executive,6852,0.2739652317928364,LOW,33.47861286320169,LOW,NOT_AVAILABLE_IN_SOURCE_DATA,CANNOT_CALCULATE_WITHOUT_CURRENT_SKILLS,Employee-level current skill data unavailable,Engagement Improvement + Upskilling Discussion
1240,25,Sales,Sales Executive,4950,0.10352911660175175,LOW,33.47861286320169,LOW,NOT_AVAILABLE_IN_SOURCE_DATA,CANNOT_CALCULATE_WITHOUT_CURRENT_SKILLS,Employee-level current skill data unavailable,Engagement Improvement + Upskilling Discussion
1241,30,Research & Development,Research Scientist,3579,0.038941904700977824,LOW,,,NOT_AVAILABLE_IN_SOURCE_DATA,CANNOT_CALCULATE_WITHOUT_CURRENT_SKILLS,Employee-level current skill data unavailable,Continue Development and Monitor Progress
1242,42,Research & Development,Research Director,13191,0.2483998204039227,LOW,,,NOT_AVAILABLE_IN_SOURCE_DATA,CANNOT_CALCULATE_WITHOUT_CURRENT_SKILLS,Employee-level current skill data unavailable,Continue Development and Monitor Progress
1243,35,Sales,Sales Executive,10377,0.07775426486603455,LOW,33.47861286320169,LOW,NOT_AVAILABLE_IN_SOURCE_DATA,CANNOT_CALCULATE_WITHOUT_CURRENT_SKILLS,Employee-level current skill data unavailable,Engagement Improvement + Upskilling Discussion
1244,27,Research & Development,Research Scientist,2235,0.3418144332920018,LOW,,,NOT_AVAILABLE_IN_SOURCE_DATA,CANNOT_CALCULATE_WITHOUT_CURRENT_SKILLS,Employee-level current skill data unavailable,Continue Development and Monitor Progress
1245,54,Research & Development,Manufacturing Director,10502,0.007436979228842631,LOW,,,NOT_AVAILABLE_IN_SOURCE_DATA,CANNOT_CALCULATE_WITHOUT_CURRENT_SKILLS,Employee-level current skill data unavailable,Continue Development and Monitor Progress
1246,44,Research & Development,Research Scientist,2011,0.0034493398177422386,LOW,,,NOT_AVAILABLE_IN_SOURCE_DATA,CANNOT_CALCULATE_WITHOUT_CURRENT_SKILLS,Employee-level current skill data unavailable,Continue Development and Monitor Progress
1248,19,Research & Development,Research Scientist,1859,0.5076402479061116,MEDIUM,,,NOT_AVAILABLE_IN_SOURCE_DATA,CANNOT_CALCULATE_WITHOUT_CURRENT_SKILLS,Employee-level current skill data unavailable,Career Development and Skill Assessment
1249,29,Research & Development,Research Scientist,3760,0.010946192491636546,LOW,,,NOT_AVAILABLE_IN_SOURCE_DATA,CANNOT_CALCULATE_WITHOUT_CURRENT_SKILLS,Employee-level current skill data unavailable,Continue Development and Monitor Progress
1250,54,Research & Development,Research Director,17779,0.0001362158142115412,LOW,,,NOT_AVAILABLE_IN_SOURCE_DATA,CANNOT_CALCULATE_WITHOUT_CURRENT_SKILLS,Employee-level current skill data unavailable,Continue Development and Monitor Progress
1251,31,Research & Development,Healthcare Representative,6833,0.17907240624935442,LOW,,,NOT_AVAILABLE_IN_SOURCE_DATA,CANNOT_CALCULATE_WITHOUT_CURRENT_SKILLS,Employee-level current skill data unavailable,Continue Development and Monitor Progress
1252,31,Research & Development,Healthcare Representative,6812,0.049435964469344625,LOW,,,NOT_AVAILABLE_IN_SOURCE_DATA,CANNOT_CALCULATE_WITHOUT_CURRENT_SKILLS,Employee-level current skill data unavailable,Continue Development and Monitor Progress
1254,59,Sales,Sales Executive,5171,0.017544834516284465,LOW,33.47861286320169,LOW,NOT_AVAILABLE_IN_SOURCE_DATA,CANNOT_CALCULATE_WITHOUT_CURRENT_SKILLS,Employee-level current skill data unavailable,Engagement Improvement + Upskilling Discussion
1255,43,Research & Development,Research Director,19740,0.0018548785729977232,LOW,,,NOT_AVAILABLE_IN_SOURCE_DATA,CANNOT_CALCULATE_WITHOUT_CURRENT_SKILLS,Employee-level current skill data unavailable,Continue Development and Monitor Progress
1256,49,Research & Development,Manager,18711,0.012026496437816558,LOW,,,NOT_AVAILABLE_IN_SOURCE_DATA,CANNOT_CALCULATE_WITHOUT_CURRENT_SKILLS,Employee-level current skill data unavailable,Continue Development and Monitor Progress
1257,36,Research & Development,Research Scientist,3692,0.027003111139511583,LOW,,,NOT_AVAILABLE_IN_SOURCE_DATA,CANNOT_CALCULATE_WITHOUT_CURRENT_SKILLS,Employee-level current skill data unavailable,Continue Development and Monitor Progress
1258,48,Research & Development,Laboratory Technician,2559,0.1524456454883491,LOW,,,NOT_AVAILABLE_IN_SOURCE_DATA,CANNOT_CALCULATE_WITHOUT_CURRENT_SKILLS,Employee-level current skill data unavailable,Continue Development and Monitor Progress
1259,27,Research & Development,Research Scientist,2517,0.02243702072832712,LOW,,,NOT_AVAILABLE_IN_SOURCE_DATA,CANNOT_CALCULATE_WITHOUT_CURRENT_SKILLS,Employee-level current skill data unavailable,Continue Development and Monitor Progress
1260,29,Research & Development,Healthcare Representative,6623,0.0848041024473834,LOW,,,NOT_AVAILABLE_IN_SOURCE_DATA,CANNOT_CALCULATE_WITHOUT_CURRENT_SKILLS,Employee-level current skill data unavailable,Continue Development and Monitor Progress
1263,48,Research & Development,Research Director,18265,0.0045259796561451055,LOW,,,NOT_AVAILABLE_IN_SOURCE_DATA,CANNOT_CALCULATE_WITHOUT_CURRENT_SKILLS,Employee-level current skill data unavailable,Continue Development and Monitor Progress
1264,29,Research & Development,Research Director,16124,0.0026940892177442916,LOW,,,NOT_AVAILABLE_IN_SOURCE_DATA,CANNOT_CALCULATE_WITHOUT_CURRENT_SKILLS,Employee-level current skill data unavailable,Continue Development and Monitor Progress
1265,34,Research & Development,Research Scientist,2585,0.028008806310823073,LOW,,,NOT_AVAILABLE_IN_SOURCE_DATA,CANNOT_CALCULATE_WITHOUT_CURRENT_SKILLS,Employee-level current skill data unavailable,Continue Development and Monitor Progress
1267,44,Sales,Manager,18213,0.021422176420738976,LOW,33.47861286320169,LOW,NOT_AVAILABLE_IN_SOURCE_DATA,CANNOT_CALCULATE_WITHOUT_CURRENT_SKILLS,Employee-level current skill data unavailable,Engagement Improvement + Upskilling Discussion
1268,33,Sales,Sales Executive,8380,0.011642206148986346,LOW,33.47861286320169,LOW,NOT_AVAILABLE_IN_SOURCE_DATA,CANNOT_CALCULATE_WITHOUT_CURRENT_SKILLS,Employee-level current skill data unavailable,Engagement Improvement + Upskilling Discussion
1269,19,Research & Development,Research Scientist,2994,0.42536072052480844,MEDIUM,,,NOT_AVAILABLE_IN_SOURCE_DATA,CANNOT_CALCULATE_WITHOUT_CURRENT_SKILLS,Employee-level current skill data unavailable,Career Development and Skill Assessment
1270,23,Research & Development,Research Scientist,1223,0.01359125805295778,LOW,,,NOT_AVAILABLE_IN_SOURCE_DATA,CANNOT_CALCULATE_WITHOUT_CURRENT_SKILLS,Employee-level current skill data unavailable,Continue Development and Monitor Progress
1273,25,Sales,Sales Representative,1118,0.9674311283311549,HIGH,33.47861286320169,LOW,NOT_AVAILABLE_IN_SOURCE_DATA,CANNOT_CALCULATE_WITHOUT_CURRENT_SKILLS,Employee-level current skill data unavailable,Retention Review + Targeted Development Plan
1275,26,Research & Development,Research Scientist,2875,0.27523578840987617,LOW,,,NOT_AVAILABLE_IN_SOURCE_DATA,CANNOT_CALCULATE_WITHOUT_CURRENT_SKILLS,Employee-level current skill data unavailable,Continue Development and Monitor Progress
1277,45,Sales,Manager,18824,0.36701067485645006,LOW,33.47861286320169,LOW,NOT_AVAILABLE_IN_SOURCE_DATA,CANNOT_CALCULATE_WITHOUT_CURRENT_SKILLS,Employee-level current skill data unavailable,Engagement Improvement + Upskilling Discussion
1278,55,Research & Development,Healthcare Representative,13577,0.025609066452873405,LOW,,,NOT_AVAILABLE_IN_SOURCE_DATA,CANNOT_CALCULATE_WITHOUT_CURRENT_SKILLS,Employee-level current skill data unavailable,Continue Development and Monitor Progress
1279,21,Research & Development,Laboratory Technician,2625,0.880836759569357,HIGH,,,NOT_AVAILABLE_IN_SOURCE_DATA,CANNOT_CALCULATE_WITHOUT_CURRENT_SKILLS,Employee-level current skill data unavailable,Retention Review + Targeted Development Plan
1280,46,Sales,Manager,18789,0.005060330022693797,LOW,33.47861286320169,LOW,NOT_AVAILABLE_IN_SOURCE_DATA,CANNOT_CALCULATE_WITHOUT_CURRENT_SKILLS,Employee-level current skill data unavailable,Engagement Improvement + Upskilling Discussion
1281,34,Sales,Sales Executive,4538,0.3761010064165777,LOW,33.47861286320169,LOW,NOT_AVAILABLE_IN_SOURCE_DATA,CANNOT_CALCULATE_WITHOUT_CURRENT_SKILLS,Employee-level current skill data unavailable,Engagement Improvement + Upskilling Discussion
1282,51,Sales,Manager,19847,0.23484301173294178,LOW,33.47861286320169,LOW,NOT_AVAILABLE_IN_SOURCE_DATA,CANNOT_CALCULATE_WITHOUT_CURRENT_SKILLS,Employee-level current skill data unavailable,Engagement Improvement + Upskilling Discussion
1283,59,Research & Development,Manufacturing Director,10512,0.00539830128221358,LOW,,,NOT_AVAILABLE_IN_SOURCE_DATA,CANNOT_CALCULATE_WITHOUT_CURRENT_SKILLS,Employee-level current skill data unavailable,Continue Development and Monitor Progress
1285,34,Research & Development,Laboratory Technician,4444,0.05598551136289269,LOW,,,NOT_AVAILABLE_IN_SOURCE_DATA,CANNOT_CALCULATE_WITHOUT_CURRENT_SKILLS,Employee-level current skill data unavailable,Continue Development and Monitor Progress
1286,28,Research & Development,Laboratory Technician,2154,0.6053465678613607,MEDIUM,,,NOT_AVAILABLE_IN_SOURCE_DATA,CANNOT_CALCULATE_WITHOUT_CURRENT_SKILLS,Employee-level current skill data unavailable,Career Development and Skill Assessment
1288,44,Research & Development,Manager,19190,0.006895339338599566,LOW,,,NOT_AVAILABLE_IN_SOURCE_DATA,CANNOT_CALCULATE_WITHOUT_CURRENT_SKILLS,Employee-level current skill data unavailable,Continue Development and Monitor Progress
1289,34,Human Resources,Human Resources,4490,0.024316539184710873,LOW,,,NOT_AVAILABLE_IN_SOURCE_DATA,CANNOT_CALCULATE_WITHOUT_CURRENT_SKILLS,Employee-level current skill data unavailable,Continue Development and Monitor Progress
1291,35,Research & Development,Research Scientist,3506,0.08740841132069814,LOW,,,NOT_AVAILABLE_IN_SOURCE_DATA,CANNOT_CALCULATE_WITHOUT_CURRENT_SKILLS,Employee-level current skill data unavailable,Continue Development and Monitor Progress
1292,42,Research & Development,Research Scientist,2372,0.09499302442020881,LOW,,,NOT_AVAILABLE_IN_SOURCE_DATA,CANNOT_CALCULATE_WITHOUT_CURRENT_SKILLS,Employee-level current skill data unavailable,Continue Development and Monitor Progress
1293,43,Sales,Sales Executive,10231,0.02096105799066401,LOW,33.47861286320169,LOW,NOT_AVAILABLE_IN_SOURCE_DATA,CANNOT_CALCULATE_WITHOUT_CURRENT_SKILLS,Employee-level current skill data unavailable,Engagement Improvement + Upskilling Discussion
1294,36,Research & Development,Manufacturing Director,5410,0.0960942322046394,LOW,,,NOT_AVAILABLE_IN_SOURCE_DATA,CANNOT_CALCULATE_WITHOUT_CURRENT_SKILLS,Employee-level current skill data unavailable,Continue Development and Monitor Progress
1295,44,Research & Development,Healthcare Representative,7978,0.0034117853247366886,LOW,,,NOT_AVAILABLE_IN_SOURCE_DATA,CANNOT_CALCULATE_WITHOUT_CURRENT_SKILLS,Employee-level current skill data unavailable,Continue Development and Monitor Progress
1296,28,Research & Development,Laboratory Technician,3867,0.562917465921938,MEDIUM,,,NOT_AVAILABLE_IN_SOURCE_DATA,CANNOT_CALCULATE_WITHOUT_CURRENT_SKILLS,Employee-level current skill data unavailable,Career Development and Skill Assessment
1297,51,Research & Development,Laboratory Technician,2838,0.332099326981989,LOW,,,NOT_AVAILABLE_IN_SOURCE_DATA,CANNOT_CALCULATE_WITHOUT_CURRENT_SKILLS,Employee-level current skill data unavailable,Continue Development and Monitor Progress
1298,30,Research & Development,Manufacturing Director,4695,0.08890749516390492,LOW,,,NOT_AVAILABLE_IN_SOURCE_DATA,CANNOT_CALCULATE_WITHOUT_CURRENT_SKILLS,Employee-level current skill data unavailable,Continue Development and Monitor Progress
1299,29,Research & Development,Laboratory Technician,3339,0.5293550493711809,MEDIUM,,,NOT_AVAILABLE_IN_SOURCE_DATA,CANNOT_CALCULATE_WITHOUT_CURRENT_SKILLS,Employee-level current skill data unavailable,Career Development and Skill Assessment
1301,28,Research & Development,Research Scientist,2080,0.22495950435150336,LOW,,,NOT_AVAILABLE_IN_SOURCE_DATA,CANNOT_CALCULATE_WITHOUT_CURRENT_SKILLS,Employee-level current skill data unavailable,Continue Development and Monitor Progress
1303,25,Research & Development,Research Scientist,2096,0.0455562952615999,LOW,,,NOT_AVAILABLE_IN_SOURCE_DATA,CANNOT_CALCULATE_WITHOUT_CURRENT_SKILLS,Employee-level current skill data unavailable,Continue Development and Monitor Progress
1304,32,Sales,Sales Executive,6209,0.0011528036144891546,LOW,33.47861286320169,LOW,NOT_AVAILABLE_IN_SOURCE_DATA,CANNOT_CALCULATE_WITHOUT_CURRENT_SKILLS,Employee-level current skill data unavailable,Engagement Improvement + Upskilling Discussion
1306,45,Research & Development,Manager,18061,0.12340579030575995,LOW,,,NOT_AVAILABLE_IN_SOURCE_DATA,CANNOT_CALCULATE_WITHOUT_CURRENT_SKILLS,Employee-level current skill data unavailable,Continue Development and Monitor Progress
1307,39,Research & Development,Manager,17123,0.40514486791472637,MEDIUM,,,NOT_AVAILABLE_IN_SOURCE_DATA,CANNOT_CALCULATE_WITHOUT_CURRENT_SKILLS,Employee-level current skill data unavailable,Career Development and Skill Assessment
1308,58,Research & Development,Research Scientist,2372,0.01966776346427194,LOW,,,NOT_AVAILABLE_IN_SOURCE_DATA,CANNOT_CALCULATE_WITHOUT_CURRENT_SKILLS,Employee-level current skill data unavailable,Continue Development and Monitor Progress
1309,32,Research & Development,Laboratory Technician,4883,0.04894345789724899,LOW,,,NOT_AVAILABLE_IN_SOURCE_DATA,CANNOT_CALCULATE_WITHOUT_CURRENT_SKILLS,Employee-level current skill data unavailable,Continue Development and Monitor Progress
1310,39,Research & Development,Research Scientist,3904,0.13418290804239325,LOW,,,NOT_AVAILABLE_IN_SOURCE_DATA,CANNOT_CALCULATE_WITHOUT_CURRENT_SKILLS,Employee-level current skill data unavailable,Continue Development and Monitor Progress
1311,30,Research & Development,Laboratory Technician,4627,0.20272022729448877,LOW,,,NOT_AVAILABLE_IN_SOURCE_DATA,CANNOT_CALCULATE_WITHOUT_CURRENT_SKILLS,Employee-level current skill data unavailable,Continue Development and Monitor Progress
1312,36,Research & Development,Healthcare Representative,7094,0.01692369421256014,LOW,,,NOT_AVAILABLE_IN_SOURCE_DATA,CANNOT_CALCULATE_WITHOUT_CURRENT_SKILLS,Employee-level current skill data unavailable,Continue Development and Monitor Progress
1314,46,Human Resources,Human Resources,3423,0.046200818176222264,LOW,,,NOT_AVAILABLE_IN_SOURCE_DATA,CANNOT_CALCULATE_WITHOUT_CURRENT_SKILLS,Employee-level current skill data unavailable,Continue Development and Monitor Progress
1315,28,Research & Development,Laboratory Technician,6674,0.013874430374169492,LOW,,,NOT_AVAILABLE_IN_SOURCE_DATA,CANNOT_CALCULATE_WITHOUT_CURRENT_SKILLS,Employee-level current skill data unavailable,Continue Development and Monitor Progress
1317,50,Research & Development,Research Director,16880,0.06570740502993358,LOW,,,NOT_AVAILABLE_IN_SOURCE_DATA,CANNOT_CALCULATE_WITHOUT_CURRENT_SKILLS,Employee-level current skill data unavailable,Continue Development and Monitor Progress
1318,40,Sales,Sales Executive,9094,0.7486174835559526,HIGH,33.47861286320169,LOW,NOT_AVAILABLE_IN_SOURCE_DATA,CANNOT_CALCULATE_WITHOUT_CURRENT_SKILLS,Employee-level current skill data unavailable,Retention Review + Targeted Development Plan
1319,52,Sales,Sales Executive,8446,0.7938881270163705,HIGH,33.47861286320169,LOW,NOT_AVAILABLE_IN_SOURCE_DATA,CANNOT_CALCULATE_WITHOUT_CURRENT_SKILLS,Employee-level current skill data unavailable,Retention Review + Targeted Development Plan
1321,30,Research & Development,Manager,11916,0.09879695650048469,LOW,,,NOT_AVAILABLE_IN_SOURCE_DATA,CANNOT_CALCULATE_WITHOUT_CURRENT_SKILLS,Employee-level current skill data unavailable,Continue Development and Monitor Progress
1322,39,Research & Development,Manufacturing Director,4534,0.041370547544075466,LOW,,,NOT_AVAILABLE_IN_SOURCE_DATA,CANNOT_CALCULATE_WITHOUT_CURRENT_SKILLS,Employee-level current skill data unavailable,Continue Development and Monitor Progress
1324,31,Sales,Sales Executive,9852,0.072839189861571,LOW,33.47861286320169,LOW,NOT_AVAILABLE_IN_SOURCE_DATA,CANNOT_CALCULATE_WITHOUT_CURRENT_SKILLS,Employee-level current skill data unavailable,Engagement Improvement + Upskilling Discussion
1329,41,Sales,Sales Executive,6151,0.21354203866984847,LOW,33.47861286320169,LOW,NOT_AVAILABLE_IN_SOURCE_DATA,CANNOT_CALCULATE_WITHOUT_CURRENT_SKILLS,Employee-level current skill data unavailable,Engagement Improvement + Upskilling Discussion
1331,31,Sales,Sales Representative,2302,0.7984728865349513,HIGH,33.47861286320169,LOW,NOT_AVAILABLE_IN_SOURCE_DATA,CANNOT_CALCULATE_WITHOUT_CURRENT_SKILLS,Employee-level current skill data unavailable,Retention Review + Targeted Development Plan
1333,44,Research & Development,Laboratory Technician,2362,0.1304293143326369,LOW,,,NOT_AVAILABLE_IN_SOURCE_DATA,CANNOT_CALCULATE_WITHOUT_CURRENT_SKILLS,Employee-level current skill data unavailable,Continue Development and Monitor Progress
1334,42,Research & Development,Manager,17861,0.005376930355196783,LOW,,,NOT_AVAILABLE_IN_SOURCE_DATA,CANNOT_CALCULATE_WITHOUT_CURRENT_SKILLS,Employee-level current skill data unavailable,Continue Development and Monitor Progress
1336,55,Research & Development,Manager,19187,0.0028153957281550675,LOW,,,NOT_AVAILABLE_IN_SOURCE_DATA,CANNOT_CALCULATE_WITHOUT_CURRENT_SKILLS,Employee-level current skill data unavailable,Continue Development and Monitor Progress
1338,56,Human Resources,Manager,19717,0.028103248318724863,LOW,,,NOT_AVAILABLE_IN_SOURCE_DATA,CANNOT_CALCULATE_WITHOUT_CURRENT_SKILLS,Employee-level current skill data unavailable,Continue Development and Monitor Progress
1340,40,Research & Development,Research Scientist,3544,0.05333720467604331,LOW,,,NOT_AVAILABLE_IN_SOURCE_DATA,CANNOT_CALCULATE_WITHOUT_CURRENT_SKILLS,Employee-level current skill data unavailable,Continue Development and Monitor Progress
1344,34,Research & Development,Healthcare Representative,8500,0.0028367053688892405,LOW,,,NOT_AVAILABLE_IN_SOURCE_DATA,CANNOT_CALCULATE_WITHOUT_CURRENT_SKILLS,Employee-level current skill data unavailable,Continue Development and Monitor Progress
1346,40,Research & Development,Research Scientist,4661,0.015644308763020705,LOW,,,NOT_AVAILABLE_IN_SOURCE_DATA,CANNOT_CALCULATE_WITHOUT_CURRENT_SKILLS,Employee-level current skill data unavailable,Continue Development and Monitor Progress
1349,41,Sales,Sales Executive,4103,0.02728721682573373,LOW,33.47861286320169,LOW,NOT_AVAILABLE_IN_SOURCE_DATA,CANNOT_CALCULATE_WITHOUT_CURRENT_SKILLS,Employee-level current skill data unavailable,Engagement Improvement + Upskilling Discussion
1350,35,Research & Development,Research Scientist,4249,0.37033011230868074,LOW,,,NOT_AVAILABLE_IN_SOURCE_DATA,CANNOT_CALCULATE_WITHOUT_CURRENT_SKILLS,Employee-level current skill data unavailable,Continue Development and Monitor Progress
1352,51,Human Resources,Manager,14026,0.01062834676383538,LOW,,,NOT_AVAILABLE_IN_SOURCE_DATA,CANNOT_CALCULATE_WITHOUT_CURRENT_SKILLS,Employee-level current skill data unavailable,Continue Development and Monitor Progress
1355,38,Sales,Sales Executive,6893,0.013864661024123344,LOW,33.47861286320169,LOW,NOT_AVAILABLE_IN_SOURCE_DATA,CANNOT_CALCULATE_WITHOUT_CURRENT_SKILLS,Employee-level current skill data unavailable,Engagement Improvement + Upskilling Discussion
1356,34,Sales,Sales Executive,6125,0.07129003406022806,LOW,33.47861286320169,LOW,NOT_AVAILABLE_IN_SOURCE_DATA,CANNOT_CALCULATE_WITHOUT_CURRENT_SKILLS,Employee-level current skill data unavailable,Engagement Improvement + Upskilling Discussion
1358,25,Research & Development,Laboratory Technician,3669,0.03009401878545431,LOW,,,NOT_AVAILABLE_IN_SOURCE_DATA,CANNOT_CALCULATE_WITHOUT_CURRENT_SKILLS,Employee-level current skill data unavailable,Continue Development and Monitor Progress
1360,58,Research & Development,Manufacturing Director,10008,0.05460671973820566,LOW,,,NOT_AVAILABLE_IN_SOURCE_DATA,CANNOT_CALCULATE_WITHOUT_CURRENT_SKILLS,Employee-level current skill data unavailable,Continue Development and Monitor Progress
1361,40,Research & Development,Laboratory Technician,2387,0.054676907134855623,LOW,,,NOT_AVAILABLE_IN_SOURCE_DATA,CANNOT_CALCULATE_WITHOUT_CURRENT_SKILLS,Employee-level current skill data unavailable,Continue Development and Monitor Progress
1362,36,Sales,Sales Executive,4639,0.08834601189455123,LOW,33.47861286320169,LOW,NOT_AVAILABLE_IN_SOURCE_DATA,CANNOT_CALCULATE_WITHOUT_CURRENT_SKILLS,Employee-level current skill data unavailable,Engagement Improvement + Upskilling Discussion
1363,48,Research & Development,Manufacturing Director,7898,0.0021457189044313744,LOW,,,NOT_AVAILABLE_IN_SOURCE_DATA,CANNOT_CALCULATE_WITHOUT_CURRENT_SKILLS,Employee-level current skill data unavailable,Continue Development and Monitor Progress
1364,27,Sales,Sales Representative,2534,0.14136414027358918,LOW,33.47861286320169,LOW,NOT_AVAILABLE_IN_SOURCE_DATA,CANNOT_CALCULATE_WITHOUT_CURRENT_SKILLS,Employee-level current skill data unavailable,Engagement Improvement + Upskilling Discussion
1367,51,Research & Development,Manufacturing Director,13142,0.03266764379227204,LOW,,,NOT_AVAILABLE_IN_SOURCE_DATA,CANNOT_CALCULATE_WITHOUT_CURRENT_SKILLS,Employee-level current skill data unavailable,Continue Development and Monitor Progress
1368,18,Research & Development,Laboratory Technician,1611,0.023426145821130978,LOW,,,NOT_AVAILABLE_IN_SOURCE_DATA,CANNOT_CALCULATE_WITHOUT_CURRENT_SKILLS,Employee-level current skill data unavailable,Continue Development and Monitor Progress
1369,35,Research & Development,Laboratory Technician,5363,0.016441997631435955,LOW,,,NOT_AVAILABLE_IN_SOURCE_DATA,CANNOT_CALCULATE_WITHOUT_CURRENT_SKILLS,Employee-level current skill data unavailable,Continue Development and Monitor Progress
1371,27,Sales,Sales Executive,5071,0.34673873938167615,LOW,33.47861286320169,LOW,NOT_AVAILABLE_IN_SOURCE_DATA,CANNOT_CALCULATE_WITHOUT_CURRENT_SKILLS,Employee-level current skill data unavailable,Engagement Improvement + Upskilling Discussion
1372,55,Sales,Sales Executive,13695,0.3565903981962201,LOW,33.47861286320169,LOW,NOT_AVAILABLE_IN_SOURCE_DATA,CANNOT_CALCULATE_WITHOUT_CURRENT_SKILLS,Employee-level current skill data unavailable,Engagement Improvement + Upskilling Discussion
1373,56,Research & Development,Manufacturing Director,13402,0.11189610440321021,LOW,,,NOT_AVAILABLE_IN_SOURCE_DATA,CANNOT_CALCULATE_WITHOUT_CURRENT_SKILLS,Employee-level current skill data unavailable,Continue Development and Monitor Progress
1374,34,Research & Development,Research Scientist,2029,0.03090954252936824,LOW,,,NOT_AVAILABLE_IN_SOURCE_DATA,CANNOT_CALCULATE_WITHOUT_CURRENT_SKILLS,Employee-level current skill data unavailable,Continue Development and Monitor Progress
1375,40,Research & Development,Healthcare Representative,6377,0.0050559797141137555,LOW,,,NOT_AVAILABLE_IN_SOURCE_DATA,CANNOT_CALCULATE_WITHOUT_CURRENT_SKILLS,Employee-level current skill data unavailable,Continue Development and Monitor Progress
1377,34,Research & Development,Laboratory Technician,5429,0.33162486463066915,LOW,,,NOT_AVAILABLE_IN_SOURCE_DATA,CANNOT_CALCULATE_WITHOUT_CURRENT_SKILLS,Employee-level current skill data unavailable,Continue Development and Monitor Progress
1379,31,Sales,Sales Representative,2785,0.5487793373122712,MEDIUM,33.47861286320169,LOW,NOT_AVAILABLE_IN_SOURCE_DATA,CANNOT_CALCULATE_WITHOUT_CURRENT_SKILLS,Employee-level current skill data unavailable,Engagement Improvement + Upskilling Discussion
1380,35,Sales,Sales Executive,4614,0.5866250145675773,MEDIUM,33.47861286320169,LOW,NOT_AVAILABLE_IN_SOURCE_DATA,CANNOT_CALCULATE_WITHOUT_CURRENT_SKILLS,Employee-level current skill data unavailable,Engagement Improvement + Upskilling Discussion
1382,38,Research & Development,Research Scientist,2610,0.004250149659570156,LOW,,,NOT_AVAILABLE_IN_SOURCE_DATA,CANNOT_CALCULATE_WITHOUT_CURRENT_SKILLS,Employee-level current skill data unavailable,Continue Development and Monitor Progress
1383,34,Research & Development,Healthcare Representative,6687,0.002319987450642942,LOW,,,NOT_AVAILABLE_IN_SOURCE_DATA,CANNOT_CALCULATE_WITHOUT_CURRENT_SKILLS,Employee-level current skill data unavailable,Continue Development and Monitor Progress
1387,28,Sales,Sales Executive,4724,0.3056124855289058,LOW,33.47861286320169,LOW,NOT_AVAILABLE_IN_SOURCE_DATA,CANNOT_CALCULATE_WITHOUT_CURRENT_SKILLS,Employee-level current skill data unavailable,Engagement Improvement + Upskilling Discussion
1389,31,Research & Development,Manufacturing Director,6179,0.09946127398267758,LOW,,,NOT_AVAILABLE_IN_SOURCE_DATA,CANNOT_CALCULATE_WITHOUT_CURRENT_SKILLS,Employee-level current skill data unavailable,Continue Development and Monitor Progress
1390,39,Sales,Sales Executive,6120,0.24676373316190664,LOW,33.47861286320169,LOW,NOT_AVAILABLE_IN_SOURCE_DATA,CANNOT_CALCULATE_WITHOUT_CURRENT_SKILLS,Employee-level current skill data unavailable,Engagement Improvement + Upskilling Discussion
1391,51,Sales,Sales Executive,10596,0.11938359913537272,LOW,33.47861286320169,LOW,NOT_AVAILABLE_IN_SOURCE_DATA,CANNOT_CALCULATE_WITHOUT_CURRENT_SKILLS,Employee-level current skill data unavailable,Engagement Improvement + Upskilling Discussion
1392,41,Research & Development,Research Scientist,5467,0.18998110288004805,LOW,,,NOT_AVAILABLE_IN_SOURCE_DATA,CANNOT_CALCULATE_WITHOUT_CURRENT_SKILLS,Employee-level current skill data unavailable,Continue Development and Monitor Progress
1394,37,Research & Development,Research Scientist,2996,0.1496968934885687,LOW,,,NOT_AVAILABLE_IN_SOURCE_DATA,CANNOT_CALCULATE_WITHOUT_CURRENT_SKILLS,Employee-level current skill data unavailable,Continue Development and Monitor Progress
1395,33,Sales,Sales Executive,9998,0.20219719777749376,LOW,33.47861286320169,LOW,NOT_AVAILABLE_IN_SOURCE_DATA,CANNOT_CALCULATE_WITHOUT_CURRENT_SKILLS,Employee-level current skill data unavailable,Engagement Improvement + Upskilling Discussion
1396,32,Sales,Sales Executive,4078,0.3017534851858233,LOW,33.47861286320169,LOW,NOT_AVAILABLE_IN_SOURCE_DATA,CANNOT_CALCULATE_WITHOUT_CURRENT_SKILLS,Employee-level current skill data unavailable,Engagement Improvement + Upskilling Discussion
1397,39,Research & Development,Healthcare Representative,10920,0.00525996857057761,LOW,,,NOT_AVAILABLE_IN_SOURCE_DATA,CANNOT_CALCULATE_WITHOUT_CURRENT_SKILLS,Employee-level current skill data unavailable,Continue Development and Monitor Progress
1399,25,Sales,Sales Executive,6232,0.2882644299771108,LOW,33.47861286320169,LOW,NOT_AVAILABLE_IN_SOURCE_DATA,CANNOT_CALCULATE_WITHOUT_CURRENT_SKILLS,Employee-level current skill data unavailable,Engagement Improvement + Upskilling Discussion
1401,52,Research & Development,Manufacturing Director,13247,0.041420213586357994,LOW,,,NOT_AVAILABLE_IN_SOURCE_DATA,CANNOT_CALCULATE_WITHOUT_CURRENT_SKILLS,Employee-level current skill data unavailable,Continue Development and Monitor Progress
1402,43,Research & Development,Research Scientist,4081,0.2555259088339078,LOW,,,NOT_AVAILABLE_IN_SOURCE_DATA,CANNOT_CALCULATE_WITHOUT_CURRENT_SKILLS,Employee-level current skill data unavailable,Continue Development and Monitor Progress
1403,27,Sales,Sales Executive,5769,0.27345771133530666,LOW,33.47861286320169,LOW,NOT_AVAILABLE_IN_SOURCE_DATA,CANNOT_CALCULATE_WITHOUT_CURRENT_SKILLS,Employee-level current skill data unavailable,Engagement Improvement + Upskilling Discussion
1405,27,Research & Development,Research Scientist,2394,0.28736395939575865,LOW,,,NOT_AVAILABLE_IN_SOURCE_DATA,CANNOT_CALCULATE_WITHOUT_CURRENT_SKILLS,Employee-level current skill data unavailable,Continue Development and Monitor Progress
1407,26,Research & Development,Research Scientist,3904,0.07611692747529902,LOW,,,NOT_AVAILABLE_IN_SOURCE_DATA,CANNOT_CALCULATE_WITHOUT_CURRENT_SKILLS,Employee-level current skill data unavailable,Continue Development and Monitor Progress
1408,42,Human Resources,Manager,16799,0.006179263242266662,LOW,,,NOT_AVAILABLE_IN_SOURCE_DATA,CANNOT_CALCULATE_WITHOUT_CURRENT_SKILLS,Employee-level current skill data unavailable,Continue Development and Monitor Progress
1409,52,Research & Development,Laboratory Technician,2950,0.11602152902141237,LOW,,,NOT_AVAILABLE_IN_SOURCE_DATA,CANNOT_CALCULATE_WITHOUT_CURRENT_SKILLS,Employee-level current skill data unavailable,Continue Development and Monitor Progress
1411,37,Research & Development,Laboratory Technician,3629,0.21248835883538894,LOW,,,NOT_AVAILABLE_IN_SOURCE_DATA,CANNOT_CALCULATE_WITHOUT_CURRENT_SKILLS,Employee-level current skill data unavailable,Continue Development and Monitor Progress
1412,35,Research & Development,Manufacturing Director,9362,0.1362809271643534,LOW,,,NOT_AVAILABLE_IN_SOURCE_DATA,CANNOT_CALCULATE_WITHOUT_CURRENT_SKILLS,Employee-level current skill data unavailable,Continue Development and Monitor Progress
1415,25,Research & Development,Laboratory Technician,3229,0.3222231111726618,LOW,,,NOT_AVAILABLE_IN_SOURCE_DATA,CANNOT_CALCULATE_WITHOUT_CURRENT_SKILLS,Employee-level current skill data unavailable,Continue Development and Monitor Progress
1417,26,Research & Development,Laboratory Technician,3578,0.0278343049209223,LOW,,,NOT_AVAILABLE_IN_SOURCE_DATA,CANNOT_CALCULATE_WITHOUT_CURRENT_SKILLS,Employee-level current skill data unavailable,Continue Development and Monitor Progress
1419,29,Human Resources,Human Resources,7988,0.25643622181625136,LOW,,,NOT_AVAILABLE_IN_SOURCE_DATA,CANNOT_CALCULATE_WITHOUT_CURRENT_SKILLS,Employee-level current skill data unavailable,Continue Development and Monitor Progress
1420,49,Research & Development,Laboratory Technician,4284,0.8017089095665286,HIGH,,,NOT_AVAILABLE_IN_SOURCE_DATA,CANNOT_CALCULATE_WITHOUT_CURRENT_SKILLS,Employee-level current skill data unavailable,Retention Review + Targeted Development Plan
1421,29,Research & Development,Healthcare Representative,7553,0.3215867723870249,LOW,,,NOT_AVAILABLE_IN_SOURCE_DATA,CANNOT_CALCULATE_WITHOUT_CURRENT_SKILLS,Employee-level current skill data unavailable,Continue Development and Monitor Progress
1422,54,Research & Development,Research Director,17328,0.003714935540985765,LOW,,,NOT_AVAILABLE_IN_SOURCE_DATA,CANNOT_CALCULATE_WITHOUT_CURRENT_SKILLS,Employee-level current skill data unavailable,Continue Development and Monitor Progress
1423,58,Research & Development,Research Director,19701,0.0011428540055446407,LOW,,,NOT_AVAILABLE_IN_SOURCE_DATA,CANNOT_CALCULATE_WITHOUT_CURRENT_SKILLS,Employee-level current skill data unavailable,Continue Development and Monitor Progress
1424,55,Research & Development,Research Director,14732,5.421982984186848e-05,LOW,,,NOT_AVAILABLE_IN_SOURCE_DATA,CANNOT_CALCULATE_WITHOUT_CURRENT_SKILLS,Employee-level current skill data unavailable,Continue Development and Monitor Progress
1425,36,Sales,Sales Executive,9278,0.3772032662784696,LOW,33.47861286320169,LOW,NOT_AVAILABLE_IN_SOURCE_DATA,CANNOT_CALCULATE_WITHOUT_CURRENT_SKILLS,Employee-level current skill data unavailable,Engagement Improvement + Upskilling Discussion
1427,31,Sales,Sales Representative,1359,0.7773063830966088,HIGH,33.47861286320169,LOW,NOT_AVAILABLE_IN_SOURCE_DATA,CANNOT_CALCULATE_WITHOUT_CURRENT_SKILLS,Employee-level current skill data unavailable,Retention Review + Targeted Development Plan
1428,30,Sales,Sales Executive,4779,0.09290598248966897,LOW,33.47861286320169,LOW,NOT_AVAILABLE_IN_SOURCE_DATA,CANNOT_CALCULATE_WITHOUT_CURRENT_SKILLS,Employee-level current skill data unavailable,Engagement Improvement + Upskilling Discussion
1430,31,Research & Development,Research Director,16422,0.06473452347195617,LOW,,,NOT_AVAILABLE_IN_SOURCE_DATA,CANNOT_CALCULATE_WITHOUT_CURRENT_SKILLS,Employee-level current skill data unavailable,Continue Development and Monitor Progress
1431,34,Research & Development,Research Scientist,2996,0.019974975789160816,LOW,,,NOT_AVAILABLE_IN_SOURCE_DATA,CANNOT_CALCULATE_WITHOUT_CURRENT_SKILLS,Employee-level current skill data unavailable,Continue Development and Monitor Progress
1433,31,Research & Development,Research Scientist,1261,0.20702730637342662,LOW,,,NOT_AVAILABLE_IN_SOURCE_DATA,CANNOT_CALCULATE_WITHOUT_CURRENT_SKILLS,Employee-level current skill data unavailable,Continue Development and Monitor Progress
1434,27,Research & Development,Laboratory Technician,2099,0.22088453712791342,LOW,,,NOT_AVAILABLE_IN_SOURCE_DATA,CANNOT_CALCULATE_WITHOUT_CURRENT_SKILLS,Employee-level current skill data unavailable,Continue Development and Monitor Progress
1435,36,Research & Development,Laboratory Technician,5810,0.18066245887907625,LOW,,,NOT_AVAILABLE_IN_SOURCE_DATA,CANNOT_CALCULATE_WITHOUT_CURRENT_SKILLS,Employee-level current skill data unavailable,Continue Development and Monitor Progress
1436,36,Sales,Sales Executive,5647,0.2364504744399618,LOW,33.47861286320169,LOW,NOT_AVAILABLE_IN_SOURCE_DATA,CANNOT_CALCULATE_WITHOUT_CURRENT_SKILLS,Employee-level current skill data unavailable,Engagement Improvement + Upskilling Discussion
1438,47,Research & Development,Research Scientist,3420,0.03282630832819063,LOW,,,NOT_AVAILABLE_IN_SOURCE_DATA,CANNOT_CALCULATE_WITHOUT_CURRENT_SKILLS,Employee-level current skill data unavailable,Continue Development and Monitor Progress
1439,25,Sales,Sales Representative,4400,0.8342351576192534,HIGH,33.47861286320169,LOW,NOT_AVAILABLE_IN_SOURCE_DATA,CANNOT_CALCULATE_WITHOUT_CURRENT_SKILLS,Employee-level current skill data unavailable,Retention Review + Targeted Development Plan
1440,37,Research & Development,Laboratory Technician,3500,0.09222725546908393,LOW,,,NOT_AVAILABLE_IN_SOURCE_DATA,CANNOT_CALCULATE_WITHOUT_CURRENT_SKILLS,Employee-level current skill data unavailable,Continue Development and Monitor Progress
1441,56,Research & Development,Research Scientist,2066,0.010847469096201766,LOW,,,NOT_AVAILABLE_IN_SOURCE_DATA,CANNOT_CALCULATE_WITHOUT_CURRENT_SKILLS,Employee-level current skill data unavailable,Continue Development and Monitor Progress
1443,47,Research & Development,Research Director,17169,0.0005035256694635982,LOW,,,NOT_AVAILABLE_IN_SOURCE_DATA,CANNOT_CALCULATE_WITHOUT_CURRENT_SKILLS,Employee-level current skill data unavailable,Continue Development and Monitor Progress
1445,24,Sales,Sales Executive,4162,0.053301003385890125,LOW,33.47861286320169,LOW,NOT_AVAILABLE_IN_SOURCE_DATA,CANNOT_CALCULATE_WITHOUT_CURRENT_SKILLS,Employee-level current skill data unavailable,Engagement Improvement + Upskilling Discussion
1446,32,Sales,Sales Executive,9204,0.031198472803026345,LOW,33.47861286320169,LOW,NOT_AVAILABLE_IN_SOURCE_DATA,CANNOT_CALCULATE_WITHOUT_CURRENT_SKILLS,Employee-level current skill data unavailable,Engagement Improvement + Upskilling Discussion
1447,34,Research & Development,Laboratory Technician,3294,0.1447224497241329,LOW,,,NOT_AVAILABLE_IN_SOURCE_DATA,CANNOT_CALCULATE_WITHOUT_CURRENT_SKILLS,Employee-level current skill data unavailable,Continue Development and Monitor Progress
1448,41,Research & Development,Research Scientist,2127,0.09975976958356904,LOW,,,NOT_AVAILABLE_IN_SOURCE_DATA,CANNOT_CALCULATE_WITHOUT_CURRENT_SKILLS,Employee-level current skill data unavailable,Continue Development and Monitor Progress
1449,40,Research & Development,Laboratory Technician,3975,0.0019174930648273502,LOW,,,NOT_AVAILABLE_IN_SOURCE_DATA,CANNOT_CALCULATE_WITHOUT_CURRENT_SKILLS,Employee-level current skill data unavailable,Continue Development and Monitor Progress
1453,31,Sales,Sales Executive,10793,0.0636482363218598,LOW,33.47861286320169,LOW,NOT_AVAILABLE_IN_SOURCE_DATA,CANNOT_CALCULATE_WITHOUT_CURRENT_SKILLS,Employee-level current skill data unavailable,Engagement Improvement + Upskilling Discussion
1457,46,Sales,Sales Executive,10096,0.027550545884488156,LOW,33.47861286320169,LOW,NOT_AVAILABLE_IN_SOURCE_DATA,CANNOT_CALCULATE_WITHOUT_CURRENT_SKILLS,Employee-level current skill data unavailable,Engagement Improvement + Upskilling Discussion
1458,39,Research & Development,Laboratory Technician,3646,0.541235310847622,MEDIUM,,,NOT_AVAILABLE_IN_SOURCE_DATA,CANNOT_CALCULATE_WITHOUT_CURRENT_SKILLS,Employee-level current skill data unavailable,Career Development and Skill Assessment
1459,31,Research & Development,Manufacturing Director,7446,0.06119586277972965,LOW,,,NOT_AVAILABLE_IN_SOURCE_DATA,CANNOT_CALCULATE_WITHOUT_CURRENT_SKILLS,Employee-level current skill data unavailable,Continue Development and Monitor Progress
1460,45,Research & Development,Healthcare Representative,10851,0.08315327134391798,LOW,,,NOT_AVAILABLE_IN_SOURCE_DATA,CANNOT_CALCULATE_WITHOUT_CURRENT_SKILLS,Employee-level current skill data unavailable,Continue Development and Monitor Progress
1461,31,Human Resources,Human Resources,2109,0.08321342662845219,LOW,,,NOT_AVAILABLE_IN_SOURCE_DATA,CANNOT_CALCULATE_WITHOUT_CURRENT_SKILLS,Employee-level current skill data unavailable,Continue Development and Monitor Progress
1464,31,Research & Development,Laboratory Technician,3722,0.8349412446849965,HIGH,,,NOT_AVAILABLE_IN_SOURCE_DATA,CANNOT_CALCULATE_WITHOUT_CURRENT_SKILLS,Employee-level current skill data unavailable,Retention Review + Targeted Development Plan
1465,45,Research & Development,Manufacturing Director,9380,0.11331540946273146,LOW,,,NOT_AVAILABLE_IN_SOURCE_DATA,CANNOT_CALCULATE_WITHOUT_CURRENT_SKILLS,Employee-level current skill data unavailable,Continue Development and Monitor Progress
1466,48,Sales,Sales Executive,5486,0.04353012992883596,LOW,33.47861286320169,LOW,NOT_AVAILABLE_IN_SOURCE_DATA,CANNOT_CALCULATE_WITHOUT_CURRENT_SKILLS,Employee-level current skill data unavailable,Engagement Improvement + Upskilling Discussion
1467,34,Human Resources,Human Resources,2742,0.20595824114746933,LOW,,,NOT_AVAILABLE_IN_SOURCE_DATA,CANNOT_CALCULATE_WITHOUT_CURRENT_SKILLS,Employee-level current skill data unavailable,Continue Development and Monitor Progress
1468,40,Research & Development,Research Director,13757,0.0006899450478649161,LOW,,,NOT_AVAILABLE_IN_SOURCE_DATA,CANNOT_CALCULATE_WITHOUT_CURRENT_SKILLS,Employee-level current skill data unavailable,Continue Development and Monitor Progress
1469,28,Sales,Sales Executive,8463,0.04228381622977474,LOW,33.47861286320169,LOW,NOT_AVAILABLE_IN_SOURCE_DATA,CANNOT_CALCULATE_WITHOUT_CURRENT_SKILLS,Employee-level current skill data unavailable,Engagement Improvement + Upskilling Discussion
1471,44,Research & Development,Laboratory Technician,3162,0.031519312857352225,LOW,,,NOT_AVAILABLE_IN_SOURCE_DATA,CANNOT_CALCULATE_WITHOUT_CURRENT_SKILLS,Employee-level current skill data unavailable,Continue Development and Monitor Progress
1472,53,Research & Development,Research Director,16598,0.002236334566015375,LOW,,,NOT_AVAILABLE_IN_SOURCE_DATA,CANNOT_CALCULATE_WITHOUT_CURRENT_SKILLS,Employee-level current skill data unavailable,Continue Development and Monitor Progress
1473,49,Research & Development,Healthcare Representative,6651,0.026389871590675504,LOW,,,NOT_AVAILABLE_IN_SOURCE_DATA,CANNOT_CALCULATE_WITHOUT_CURRENT_SKILLS,Employee-level current skill data unavailable,Continue Development and Monitor Progress
1474,40,Research & Development,Research Scientist,2345,0.005033337611318165,LOW,,,NOT_AVAILABLE_IN_SOURCE_DATA,CANNOT_CALCULATE_WITHOUT_CURRENT_SKILLS,Employee-level current skill data unavailable,Continue Development and Monitor Progress
1475,44,Research & Development,Research Scientist,3420,0.06120929951474588,LOW,,,NOT_AVAILABLE_IN_SOURCE_DATA,CANNOT_CALCULATE_WITHOUT_CURRENT_SKILLS,Employee-level current skill data unavailable,Continue Development and Monitor Progress
1477,33,Sales,Sales Executive,4373,0.07810583251342865,LOW,33.47861286320169,LOW,NOT_AVAILABLE_IN_SOURCE_DATA,CANNOT_CALCULATE_WITHOUT_CURRENT_SKILLS,Employee-level current skill data unavailable,Engagement Improvement + Upskilling Discussion
1478,34,Sales,Sales Executive,4759,0.033636672231073764,LOW,33.47861286320169,LOW,NOT_AVAILABLE_IN_SOURCE_DATA,CANNOT_CALCULATE_WITHOUT_CURRENT_SKILLS,Employee-level current skill data unavailable,Engagement Improvement + Upskilling Discussion
1479,30,Sales,Sales Executive,5301,0.20859169563051416,LOW,33.47861286320169,LOW,NOT_AVAILABLE_IN_SOURCE_DATA,CANNOT_CALCULATE_WITHOUT_CURRENT_SKILLS,Employee-level current skill data unavailable,Engagement Improvement + Upskilling Discussion
1480,42,Research & Development,Laboratory Technician,3673,0.09818257458154514,LOW,,,NOT_AVAILABLE_IN_SOURCE_DATA,CANNOT_CALCULATE_WITHOUT_CURRENT_SKILLS,Employee-level current skill data unavailable,Continue Development and Monitor Progress
1481,44,Sales,Sales Executive,4768,0.2472719115582153,LOW,33.47861286320169,LOW,NOT_AVAILABLE_IN_SOURCE_DATA,CANNOT_CALCULATE_WITHOUT_CURRENT_SKILLS,Employee-level current skill data unavailable,Engagement Improvement + Upskilling Discussion
1482,30,Research & Development,Research Scientist,1274,0.028984219652067447,LOW,,,NOT_AVAILABLE_IN_SOURCE_DATA,CANNOT_CALCULATE_WITHOUT_CURRENT_SKILLS,Employee-level current skill data unavailable,Continue Development and Monitor Progress
1483,57,Research & Development,Research Scientist,4900,0.0020087315631551863,LOW,,,NOT_AVAILABLE_IN_SOURCE_DATA,CANNOT_CALCULATE_WITHOUT_CURRENT_SKILLS,Employee-level current skill data unavailable,Continue Development and Monitor Progress
1484,49,Research & Development,Healthcare Representative,10466,0.0007394428382854393,LOW,,,NOT_AVAILABLE_IN_SOURCE_DATA,CANNOT_CALCULATE_WITHOUT_CURRENT_SKILLS,Employee-level current skill data unavailable,Continue Development and Monitor Progress
1485,34,Research & Development,Research Director,17007,0.06511897111695494,LOW,,,NOT_AVAILABLE_IN_SOURCE_DATA,CANNOT_CALCULATE_WITHOUT_CURRENT_SKILLS,Employee-level current skill data unavailable,Continue Development and Monitor Progress
1486,28,Sales,Sales Representative,2909,0.3512903376737541,LOW,33.47861286320169,LOW,NOT_AVAILABLE_IN_SOURCE_DATA,CANNOT_CALCULATE_WITHOUT_CURRENT_SKILLS,Employee-level current skill data unavailable,Engagement Improvement + Upskilling Discussion
1487,29,Sales,Sales Executive,5765,0.9185369988815926,HIGH,33.47861286320169,LOW,NOT_AVAILABLE_IN_SOURCE_DATA,CANNOT_CALCULATE_WITHOUT_CURRENT_SKILLS,Employee-level current skill data unavailable,Retention Review + Targeted Development Plan
1489,34,Sales,Sales Executive,4599,0.6435047997746719,MEDIUM,33.47861286320169,LOW,NOT_AVAILABLE_IN_SOURCE_DATA,CANNOT_CALCULATE_WITHOUT_CURRENT_SKILLS,Employee-level current skill data unavailable,Engagement Improvement + Upskilling Discussion
1492,35,Sales,Sales Representative,2404,0.12041499995718377,LOW,33.47861286320169,LOW,NOT_AVAILABLE_IN_SOURCE_DATA,CANNOT_CALCULATE_WITHOUT_CURRENT_SKILLS,Employee-level current skill data unavailable,Engagement Improvement + Upskilling Discussion
1494,24,Research & Development,Laboratory Technician,3172,0.9662063643516656,HIGH,,,NOT_AVAILABLE_IN_SOURCE_DATA,CANNOT_CALCULATE_WITHOUT_CURRENT_SKILLS,Employee-level current skill data unavailable,Retention Review + Targeted Development Plan
1495,24,Sales,Sales Representative,2033,0.07929682951151308,LOW,33.47861286320169,LOW,NOT_AVAILABLE_IN_SOURCE_DATA,CANNOT_CALCULATE_WITHOUT_CURRENT_SKILLS,Employee-level current skill data unavailable,Engagement Improvement + Upskilling Discussion
1496,44,Research & Development,Manufacturing Director,10209,0.5306950971305353,MEDIUM,,,NOT_AVAILABLE_IN_SOURCE_DATA,CANNOT_CALCULATE_WITHOUT_CURRENT_SKILLS,Employee-level current skill data unavailable,Career Development and Skill Assessment
1497,29,Sales,Sales Executive,8620,0.025867532492939348,LOW,33.47861286320169,LOW,NOT_AVAILABLE_IN_SOURCE_DATA,CANNOT_CALCULATE_WITHOUT_CURRENT_SKILLS,Employee-level current skill data unavailable,Engagement Improvement + Upskilling Discussion
1499,30,Human Resources,Human Resources,2064,0.019084628032777946,LOW,,,NOT_AVAILABLE_IN_SOURCE_DATA,CANNOT_CALCULATE_WITHOUT_CURRENT_SKILLS,Employee-level current skill data unavailable,Continue Development and Monitor Progress
1501,55,Research & Development,Healthcare Representative,4035,0.028904592587838958,LOW,,,NOT_AVAILABLE_IN_SOURCE_DATA,CANNOT_CALCULATE_WITHOUT_CURRENT_SKILLS,Employee-level current skill data unavailable,Continue Development and Monitor Progress
1502,33,Research & Development,Laboratory Technician,3838,0.23037884805675363,LOW,,,NOT_AVAILABLE_IN_SOURCE_DATA,CANNOT_CALCULATE_WITHOUT_CURRENT_SKILLS,Employee-level current skill data unavailable,Continue Development and Monitor Progress
1503,47,Sales,Sales Executive,4591,0.09822498356593477,LOW,33.47861286320169,LOW,NOT_AVAILABLE_IN_SOURCE_DATA,CANNOT_CALCULATE_WITHOUT_CURRENT_SKILLS,Employee-level current skill data unavailable,Engagement Improvement + Upskilling Discussion
1504,28,Research & Development,Laboratory Technician,2561,0.8585318843948434,HIGH,,,NOT_AVAILABLE_IN_SOURCE_DATA,CANNOT_CALCULATE_WITHOUT_CURRENT_SKILLS,Employee-level current skill data unavailable,Retention Review + Targeted Development Plan
1506,28,Research & Development,Research Scientist,1563,0.1554852074398116,LOW,,,NOT_AVAILABLE_IN_SOURCE_DATA,CANNOT_CALCULATE_WITHOUT_CURRENT_SKILLS,Employee-level current skill data unavailable,Continue Development and Monitor Progress
1507,28,Sales,Sales Executive,4898,0.23327479541930615,LOW,33.47861286320169,LOW,NOT_AVAILABLE_IN_SOURCE_DATA,CANNOT_CALCULATE_WITHOUT_CURRENT_SKILLS,Employee-level current skill data unavailable,Engagement Improvement + Upskilling Discussion
1509,49,Research & Development,Laboratory Technician,4789,0.08819302309816598,LOW,,,NOT_AVAILABLE_IN_SOURCE_DATA,CANNOT_CALCULATE_WITHOUT_CURRENT_SKILLS,Employee-level current skill data unavailable,Continue Development and Monitor Progress
1513,29,Research & Development,Laboratory Technician,3180,0.031128126743196673,LOW,,,NOT_AVAILABLE_IN_SOURCE_DATA,CANNOT_CALCULATE_WITHOUT_CURRENT_SKILLS,Employee-level current skill data unavailable,Continue Development and Monitor Progress
1514,28,Research & Development,Manufacturing Director,6549,0.11825004847620305,LOW,,,NOT_AVAILABLE_IN_SOURCE_DATA,CANNOT_CALCULATE_WITHOUT_CURRENT_SKILLS,Employee-level current skill data unavailable,Continue Development and Monitor Progress
1515,33,Research & Development,Healthcare Representative,6388,0.10199535137344326,LOW,,,NOT_AVAILABLE_IN_SOURCE_DATA,CANNOT_CALCULATE_WITHOUT_CURRENT_SKILLS,Employee-level current skill data unavailable,Continue Development and Monitor Progress
1516,32,Research & Development,Manager,11244,0.02011267135897894,LOW,,,NOT_AVAILABLE_IN_SOURCE_DATA,CANNOT_CALCULATE_WITHOUT_CURRENT_SKILLS,Employee-level current skill data unavailable,Continue Development and Monitor Progress
1520,54,Research & Development,Manager,16032,0.0021335531939791013,LOW,,,NOT_AVAILABLE_IN_SOURCE_DATA,CANNOT_CALCULATE_WITHOUT_CURRENT_SKILLS,Employee-level current skill data unavailable,Continue Development and Monitor Progress
1522,29,Research & Development,Research Scientist,2362,0.48305261962037843,MEDIUM,,,NOT_AVAILABLE_IN_SOURCE_DATA,CANNOT_CALCULATE_WITHOUT_CURRENT_SKILLS,Employee-level current skill data unavailable,Career Development and Skill Assessment
1523,44,Research & Development,Research Director,16328,0.014407142618564841,LOW,,,NOT_AVAILABLE_IN_SOURCE_DATA,CANNOT_CALCULATE_WITHOUT_CURRENT_SKILLS,Employee-level current skill data unavailable,Continue Development and Monitor Progress
1525,39,Research & Development,Manufacturing Director,8376,0.07917789004471995,LOW,,,NOT_AVAILABLE_IN_SOURCE_DATA,CANNOT_CALCULATE_WITHOUT_CURRENT_SKILLS,Employee-level current skill data unavailable,Continue Development and Monitor Progress
1527,46,Sales,Manager,16606,0.014091914851287727,LOW,33.47861286320169,LOW,NOT_AVAILABLE_IN_SOURCE_DATA,CANNOT_CALCULATE_WITHOUT_CURRENT_SKILLS,Employee-level current skill data unavailable,Engagement Improvement + Upskilling Discussion
1529,35,Research & Development,Healthcare Representative,8606,0.05286916645365884,LOW,,,NOT_AVAILABLE_IN_SOURCE_DATA,CANNOT_CALCULATE_WITHOUT_CURRENT_SKILLS,Employee-level current skill data unavailable,Continue Development and Monitor Progress
1533,23,Research & Development,Laboratory Technician,2272,0.6070753571750983,MEDIUM,,,NOT_AVAILABLE_IN_SOURCE_DATA,CANNOT_CALCULATE_WITHOUT_CURRENT_SKILLS,Employee-level current skill data unavailable,Career Development and Skill Assessment
1534,40,Research & Development,Laboratory Technician,2018,0.2928797618570051,LOW,,,NOT_AVAILABLE_IN_SOURCE_DATA,CANNOT_CALCULATE_WITHOUT_CURRENT_SKILLS,Employee-level current skill data unavailable,Continue Development and Monitor Progress
1535,34,Sales,Sales Executive,7083,0.2569589791800337,LOW,33.47861286320169,LOW,NOT_AVAILABLE_IN_SOURCE_DATA,CANNOT_CALCULATE_WITHOUT_CURRENT_SKILLS,Employee-level current skill data unavailable,Engagement Improvement + Upskilling Discussion
1537,31,Research & Development,Research Scientist,4084,0.2588468728335435,LOW,,,NOT_AVAILABLE_IN_SOURCE_DATA,CANNOT_CALCULATE_WITHOUT_CURRENT_SKILLS,Employee-level current skill data unavailable,Continue Development and Monitor Progress
1539,50,Research & Development,Research Director,14411,0.32426169281127987,LOW,,,NOT_AVAILABLE_IN_SOURCE_DATA,CANNOT_CALCULATE_WITHOUT_CURRENT_SKILLS,Employee-level current skill data unavailable,Continue Development and Monitor Progress
1541,34,Sales,Sales Representative,2308,0.280285233343839,LOW,33.47861286320169,LOW,NOT_AVAILABLE_IN_SOURCE_DATA,CANNOT_CALCULATE_WITHOUT_CURRENT_SKILLS,Employee-level current skill data unavailable,Engagement Improvement + Upskilling Discussion
1542,42,Research & Development,Laboratory Technician,4841,0.1374084563880135,LOW,,,NOT_AVAILABLE_IN_SOURCE_DATA,CANNOT_CALCULATE_WITHOUT_CURRENT_SKILLS,Employee-level current skill data unavailable,Continue Development and Monitor Progress
1543,37,Research & Development,Research Scientist,4285,0.027348639616990487,LOW,,,NOT_AVAILABLE_IN_SOURCE_DATA,CANNOT_CALCULATE_WITHOUT_CURRENT_SKILLS,Employee-level current skill data unavailable,Continue Development and Monitor Progress
1544,29,Research & Development,Healthcare Representative,9715,0.011700961452337228,LOW,,,NOT_AVAILABLE_IN_SOURCE_DATA,CANNOT_CALCULATE_WITHOUT_CURRENT_SKILLS,Employee-level current skill data unavailable,Continue Development and Monitor Progress
1545,33,Research & Development,Manufacturing Director,4320,0.11391847244068434,LOW,,,NOT_AVAILABLE_IN_SOURCE_DATA,CANNOT_CALCULATE_WITHOUT_CURRENT_SKILLS,Employee-level current skill data unavailable,Continue Development and Monitor Progress
1546,45,Research & Development,Research Scientist,2132,0.011913645447495486,LOW,,,NOT_AVAILABLE_IN_SOURCE_DATA,CANNOT_CALCULATE_WITHOUT_CURRENT_SKILLS,Employee-level current skill data unavailable,Continue Development and Monitor Progress
1547,42,Research & Development,Healthcare Representative,10124,0.10030491734774917,LOW,,,NOT_AVAILABLE_IN_SOURCE_DATA,CANNOT_CALCULATE_WITHOUT_CURRENT_SKILLS,Employee-level current skill data unavailable,Continue Development and Monitor Progress
1548,40,Sales,Sales Executive,5473,0.11340604907483692,LOW,33.47861286320169,LOW,NOT_AVAILABLE_IN_SOURCE_DATA,CANNOT_CALCULATE_WITHOUT_CURRENT_SKILLS,Employee-level current skill data unavailable,Engagement Improvement + Upskilling Discussion
1549,33,Research & Development,Laboratory Technician,5207,0.34150071681703353,LOW,,,NOT_AVAILABLE_IN_SOURCE_DATA,CANNOT_CALCULATE_WITHOUT_CURRENT_SKILLS,Employee-level current skill data unavailable,Continue Development and Monitor Progress
1550,40,Human Resources,Manager,16437,0.08487602610309455,LOW,,,NOT_AVAILABLE_IN_SOURCE_DATA,CANNOT_CALCULATE_WITHOUT_CURRENT_SKILLS,Employee-level current skill data unavailable,Continue Development and Monitor Progress
1551,24,Research & Development,Laboratory Technician,2296,0.386907715289745,LOW,,,NOT_AVAILABLE_IN_SOURCE_DATA,CANNOT_CALCULATE_WITHOUT_CURRENT_SKILLS,Employee-level current skill data unavailable,Continue Development and Monitor Progress
1552,40,Research & Development,Healthcare Representative,4069,0.01965717303777608,LOW,,,NOT_AVAILABLE_IN_SOURCE_DATA,CANNOT_CALCULATE_WITHOUT_CURRENT_SKILLS,Employee-level current skill data unavailable,Continue Development and Monitor Progress
1553,45,Research & Development,Healthcare Representative,7441,0.018903169956289406,LOW,,,NOT_AVAILABLE_IN_SOURCE_DATA,CANNOT_CALCULATE_WITHOUT_CURRENT_SKILLS,Employee-level current skill data unavailable,Continue Development and Monitor Progress
1554,35,Sales,Sales Representative,2430,0.27814921206755877,LOW,33.47861286320169,LOW,NOT_AVAILABLE_IN_SOURCE_DATA,CANNOT_CALCULATE_WITHOUT_CURRENT_SKILLS,Employee-level current skill data unavailable,Engagement Improvement + Upskilling Discussion
1555,32,Research & Development,Research Scientist,5878,0.03803378708672213,LOW,,,NOT_AVAILABLE_IN_SOURCE_DATA,CANNOT_CALCULATE_WITHOUT_CURRENT_SKILLS,Employee-level current skill data unavailable,Continue Development and Monitor Progress
1556,36,Sales,Sales Representative,2644,0.47416023298938187,MEDIUM,33.47861286320169,LOW,NOT_AVAILABLE_IN_SOURCE_DATA,CANNOT_CALCULATE_WITHOUT_CURRENT_SKILLS,Employee-level current skill data unavailable,Engagement Improvement + Upskilling Discussion
1557,48,Sales,Sales Executive,6439,0.03811592954678237,LOW,33.47861286320169,LOW,NOT_AVAILABLE_IN_SOURCE_DATA,CANNOT_CALCULATE_WITHOUT_CURRENT_SKILLS,Employee-level current skill data unavailable,Engagement Improvement + Upskilling Discussion
1558,29,Research & Development,Research Scientist,2451,0.07163362874817036,LOW,,,NOT_AVAILABLE_IN_SOURCE_DATA,CANNOT_CALCULATE_WITHOUT_CURRENT_SKILLS,Employee-level current skill data unavailable,Continue Development and Monitor Progress
1560,33,Sales,Sales Executive,6392,0.20068974898712585,LOW,33.47861286320169,LOW,NOT_AVAILABLE_IN_SOURCE_DATA,CANNOT_CALCULATE_WITHOUT_CURRENT_SKILLS,Employee-level current skill data unavailable,Engagement Improvement + Upskilling Discussion
1562,30,Sales,Sales Executive,9714,0.06486513995983222,LOW,33.47861286320169,LOW,NOT_AVAILABLE_IN_SOURCE_DATA,CANNOT_CALCULATE_WITHOUT_CURRENT_SKILLS,Employee-level current skill data unavailable,Engagement Improvement + Upskilling Discussion
1563,38,Human Resources,Human Resources,6077,0.2518952379532428,LOW,,,NOT_AVAILABLE_IN_SOURCE_DATA,CANNOT_CALCULATE_WITHOUT_CURRENT_SKILLS,Employee-level current skill data unavailable,Continue Development and Monitor Progress
1564,35,Research & Development,Laboratory Technician,2450,0.2536014979148254,LOW,,,NOT_AVAILABLE_IN_SOURCE_DATA,CANNOT_CALCULATE_WITHOUT_CURRENT_SKILLS,Employee-level current skill data unavailable,Continue Development and Monitor Progress
1568,30,Sales,Sales Executive,9250,0.304721806456775,LOW,33.47861286320169,LOW,NOT_AVAILABLE_IN_SOURCE_DATA,CANNOT_CALCULATE_WITHOUT_CURRENT_SKILLS,Employee-level current skill data unavailable,Engagement Improvement + Upskilling Discussion
1569,35,Research & Development,Laboratory Technician,2074,0.5541736510731835,MEDIUM,,,NOT_AVAILABLE_IN_SOURCE_DATA,CANNOT_CALCULATE_WITHOUT_CURRENT_SKILLS,Employee-level current skill data unavailable,Career Development and Skill Assessment
1572,53,Research & Development,Manufacturing Director,10169,0.0006051168117325015,LOW,,,NOT_AVAILABLE_IN_SOURCE_DATA,CANNOT_CALCULATE_WITHOUT_CURRENT_SKILLS,Employee-level current skill data unavailable,Continue Development and Monitor Progress
1573,38,Research & Development,Manufacturing Director,4855,0.023369648925362658,LOW,,,NOT_AVAILABLE_IN_SOURCE_DATA,CANNOT_CALCULATE_WITHOUT_CURRENT_SKILLS,Employee-level current skill data unavailable,Continue Development and Monitor Progress
1574,32,Research & Development,Research Scientist,4087,0.027355142946715448,LOW,,,NOT_AVAILABLE_IN_SOURCE_DATA,CANNOT_CALCULATE_WITHOUT_CURRENT_SKILLS,Employee-level current skill data unavailable,Continue Development and Monitor Progress
1576,48,Research & Development,Research Scientist,2367,0.06789716808136048,LOW,,,NOT_AVAILABLE_IN_SOURCE_DATA,CANNOT_CALCULATE_WITHOUT_CURRENT_SKILLS,Employee-level current skill data unavailable,Continue Development and Monitor Progress
1577,34,Research & Development,Research Scientist,2972,0.15413472107407633,LOW,,,NOT_AVAILABLE_IN_SOURCE_DATA,CANNOT_CALCULATE_WITHOUT_CURRENT_SKILLS,Employee-level current skill data unavailable,Continue Development and Monitor Progress
1578,55,Sales,Manager,19586,0.003837256939810469,LOW,33.47861286320169,LOW,NOT_AVAILABLE_IN_SOURCE_DATA,CANNOT_CALCULATE_WITHOUT_CURRENT_SKILLS,Employee-level current skill data unavailable,Engagement Improvement + Upskilling Discussion
1580,34,Research & Development,Research Scientist,5484,0.10333647850539376,LOW,,,NOT_AVAILABLE_IN_SOURCE_DATA,CANNOT_CALCULATE_WITHOUT_CURRENT_SKILLS,Employee-level current skill data unavailable,Continue Development and Monitor Progress
1581,26,Research & Development,Research Scientist,2061,0.052962168711477846,LOW,,,NOT_AVAILABLE_IN_SOURCE_DATA,CANNOT_CALCULATE_WITHOUT_CURRENT_SKILLS,Employee-level current skill data unavailable,Continue Development and Monitor Progress
1582,38,Sales,Sales Executive,9924,0.02540164922357526,LOW,33.47861286320169,LOW,NOT_AVAILABLE_IN_SOURCE_DATA,CANNOT_CALCULATE_WITHOUT_CURRENT_SKILLS,Employee-level current skill data unavailable,Engagement Improvement + Upskilling Discussion
1583,38,Sales,Sales Executive,4198,0.12997168538555806,LOW,33.47861286320169,LOW,NOT_AVAILABLE_IN_SOURCE_DATA,CANNOT_CALCULATE_WITHOUT_CURRENT_SKILLS,Employee-level current skill data unavailable,Engagement Improvement + Upskilling Discussion
1585,36,Sales,Sales Executive,6815,0.13576475427207285,LOW,33.47861286320169,LOW,NOT_AVAILABLE_IN_SOURCE_DATA,CANNOT_CALCULATE_WITHOUT_CURRENT_SKILLS,Employee-level current skill data unavailable,Engagement Improvement + Upskilling Discussion
1586,29,Research & Development,Laboratory Technician,4723,0.33681300932631547,LOW,,,NOT_AVAILABLE_IN_SOURCE_DATA,CANNOT_CALCULATE_WITHOUT_CURRENT_SKILLS,Employee-level current skill data unavailable,Continue Development and Monitor Progress
1587,35,Research & Development,Healthcare Representative,6142,0.16197350883152392,LOW,,,NOT_AVAILABLE_IN_SOURCE_DATA,CANNOT_CALCULATE_WITHOUT_CURRENT_SKILLS,Employee-level current skill data unavailable,Continue Development and Monitor Progress
1588,39,Sales,Sales Executive,8237,0.01848296179968403,LOW,33.47861286320169,LOW,NOT_AVAILABLE_IN_SOURCE_DATA,CANNOT_CALCULATE_WITHOUT_CURRENT_SKILLS,Employee-level current skill data unavailable,Engagement Improvement + Upskilling Discussion
1590,29,Research & Development,Healthcare Representative,8853,0.01898415689046128,LOW,,,NOT_AVAILABLE_IN_SOURCE_DATA,CANNOT_CALCULATE_WITHOUT_CURRENT_SKILLS,Employee-level current skill data unavailable,Continue Development and Monitor Progress
1591,50,Sales,Manager,19331,0.09257446047014999,LOW,33.47861286320169,LOW,NOT_AVAILABLE_IN_SOURCE_DATA,CANNOT_CALCULATE_WITHOUT_CURRENT_SKILLS,Employee-level current skill data unavailable,Engagement Improvement + Upskilling Discussion
1592,23,Research & Development,Research Scientist,2073,0.023032017275536772,LOW,,,NOT_AVAILABLE_IN_SOURCE_DATA,CANNOT_CALCULATE_WITHOUT_CURRENT_SKILLS,Employee-level current skill data unavailable,Continue Development and Monitor Progress
1594,36,Research & Development,Laboratory Technician,5562,0.6292070289872868,MEDIUM,,,NOT_AVAILABLE_IN_SOURCE_DATA,CANNOT_CALCULATE_WITHOUT_CURRENT_SKILLS,Employee-level current skill data unavailable,Career Development and Skill Assessment
1595,42,Research & Development,Manager,19613,0.018487168057954192,LOW,,,NOT_AVAILABLE_IN_SOURCE_DATA,CANNOT_CALCULATE_WITHOUT_CURRENT_SKILLS,Employee-level current skill data unavailable,Continue Development and Monitor Progress
1596,35,Research & Development,Laboratory Technician,3407,0.05672358914118522,LOW,,,NOT_AVAILABLE_IN_SOURCE_DATA,CANNOT_CALCULATE_WITHOUT_CURRENT_SKILLS,Employee-level current skill data unavailable,Continue Development and Monitor Progress
1597,34,Research & Development,Healthcare Representative,5063,0.1526925694901458,LOW,,,NOT_AVAILABLE_IN_SOURCE_DATA,CANNOT_CALCULATE_WITHOUT_CURRENT_SKILLS,Employee-level current skill data unavailable,Continue Development and Monitor Progress
1598,40,Sales,Sales Executive,4639,0.03683296224603417,LOW,33.47861286320169,LOW,NOT_AVAILABLE_IN_SOURCE_DATA,CANNOT_CALCULATE_WITHOUT_CURRENT_SKILLS,Employee-level current skill data unavailable,Engagement Improvement + Upskilling Discussion
1599,43,Research & Development,Laboratory Technician,4876,0.1270466186902922,LOW,,,NOT_AVAILABLE_IN_SOURCE_DATA,CANNOT_CALCULATE_WITHOUT_CURRENT_SKILLS,Employee-level current skill data unavailable,Continue Development and Monitor Progress
1601,35,Research & Development,Laboratory Technician,2690,0.06074593662615792,LOW,,,NOT_AVAILABLE_IN_SOURCE_DATA,CANNOT_CALCULATE_WITHOUT_CURRENT_SKILLS,Employee-level current skill data unavailable,Continue Development and Monitor Progress
1602,46,Sales,Manager,17567,0.012036425645132536,LOW,33.47861286320169,LOW,NOT_AVAILABLE_IN_SOURCE_DATA,CANNOT_CALCULATE_WITHOUT_CURRENT_SKILLS,Employee-level current skill data unavailable,Engagement Improvement + Upskilling Discussion
1604,28,Research & Development,Laboratory Technician,2408,0.43351691452580593,MEDIUM,,,NOT_AVAILABLE_IN_SOURCE_DATA,CANNOT_CALCULATE_WITHOUT_CURRENT_SKILLS,Employee-level current skill data unavailable,Career Development and Skill Assessment
1605,22,Research & Development,Research Scientist,2814,0.34687163615581396,LOW,,,NOT_AVAILABLE_IN_SOURCE_DATA,CANNOT_CALCULATE_WITHOUT_CURRENT_SKILLS,Employee-level current skill data unavailable,Continue Development and Monitor Progress
1606,50,Research & Development,Healthcare Representative,11245,0.1001850662825575,LOW,,,NOT_AVAILABLE_IN_SOURCE_DATA,CANNOT_CALCULATE_WITHOUT_CURRENT_SKILLS,Employee-level current skill data unavailable,Continue Development and Monitor Progress
1607,32,Research & Development,Research Scientist,3312,0.002216002877778424,LOW,,,NOT_AVAILABLE_IN_SOURCE_DATA,CANNOT_CALCULATE_WITHOUT_CURRENT_SKILLS,Employee-level current skill data unavailable,Continue Development and Monitor Progress
1608,44,Research & Development,Research Director,19049,0.002146340300112368,LOW,,,NOT_AVAILABLE_IN_SOURCE_DATA,CANNOT_CALCULATE_WITHOUT_CURRENT_SKILLS,Employee-level current skill data unavailable,Continue Development and Monitor Progress
1609,30,Research & Development,Research Scientist,2141,0.0974730576700389,LOW,,,NOT_AVAILABLE_IN_SOURCE_DATA,CANNOT_CALCULATE_WITHOUT_CURRENT_SKILLS,Employee-level current skill data unavailable,Continue Development and Monitor Progress
1611,45,Research & Development,Laboratory Technician,5769,0.595708548632224,MEDIUM,,,NOT_AVAILABLE_IN_SOURCE_DATA,CANNOT_CALCULATE_WITHOUT_CURRENT_SKILLS,Employee-level current skill data unavailable,Career Development and Skill Assessment
1612,45,Sales,Sales Executive,4385,0.22886337062761256,LOW,33.47861286320169,LOW,NOT_AVAILABLE_IN_SOURCE_DATA,CANNOT_CALCULATE_WITHOUT_CURRENT_SKILLS,Employee-level current skill data unavailable,Engagement Improvement + Upskilling Discussion
1613,31,Sales,Sales Executive,5332,0.18961112966084645,LOW,33.47861286320169,LOW,NOT_AVAILABLE_IN_SOURCE_DATA,CANNOT_CALCULATE_WITHOUT_CURRENT_SKILLS,Employee-level current skill data unavailable,Engagement Improvement + Upskilling Discussion
1614,36,Research & Development,Manufacturing Director,4663,0.29345395693201193,LOW,,,NOT_AVAILABLE_IN_SOURCE_DATA,CANNOT_CALCULATE_WITHOUT_CURRENT_SKILLS,Employee-level current skill data unavailable,Continue Development and Monitor Progress
1615,34,Research & Development,Manufacturing Director,4724,0.04239032228641433,LOW,,,NOT_AVAILABLE_IN_SOURCE_DATA,CANNOT_CALCULATE_WITHOUT_CURRENT_SKILLS,Employee-level current skill data unavailable,Continue Development and Monitor Progress
1617,49,Research & Development,Laboratory Technician,3211,0.04722213805735361,LOW,,,NOT_AVAILABLE_IN_SOURCE_DATA,CANNOT_CALCULATE_WITHOUT_CURRENT_SKILLS,Employee-level current skill data unavailable,Continue Development and Monitor Progress
1618,39,Research & Development,Manufacturing Director,5377,0.014206371538028935,LOW,,,NOT_AVAILABLE_IN_SOURCE_DATA,CANNOT_CALCULATE_WITHOUT_CURRENT_SKILLS,Employee-level current skill data unavailable,Continue Development and Monitor Progress
1619,27,Research & Development,Laboratory Technician,4066,0.048854810951137174,LOW,,,NOT_AVAILABLE_IN_SOURCE_DATA,CANNOT_CALCULATE_WITHOUT_CURRENT_SKILLS,Employee-level current skill data unavailable,Continue Development and Monitor Progress
1621,35,Research & Development,Research Scientist,5208,0.005326704238646576,LOW,,,NOT_AVAILABLE_IN_SOURCE_DATA,CANNOT_CALCULATE_WITHOUT_CURRENT_SKILLS,Employee-level current skill data unavailable,Continue Development and Monitor Progress
1622,28,Research & Development,Manufacturing Director,4877,0.21495467756235212,LOW,,,NOT_AVAILABLE_IN_SOURCE_DATA,CANNOT_CALCULATE_WITHOUT_CURRENT_SKILLS,Employee-level current skill data unavailable,Continue Development and Monitor Progress
1623,21,Research & Development,Research Scientist,3117,0.05224163310813463,LOW,,,NOT_AVAILABLE_IN_SOURCE_DATA,CANNOT_CALCULATE_WITHOUT_CURRENT_SKILLS,Employee-level current skill data unavailable,Continue Development and Monitor Progress
1624,18,Sales,Sales Representative,1569,0.8333788030111865,HIGH,33.47861286320169,LOW,NOT_AVAILABLE_IN_SOURCE_DATA,CANNOT_CALCULATE_WITHOUT_CURRENT_SKILLS,Employee-level current skill data unavailable,Retention Review + Targeted Development Plan
1625,47,Human Resources,Manager,19658,0.011683282709856661,LOW,,,NOT_AVAILABLE_IN_SOURCE_DATA,CANNOT_CALCULATE_WITHOUT_CURRENT_SKILLS,Employee-level current skill data unavailable,Continue Development and Monitor Progress
1627,39,Research & Development,Laboratory Technician,3069,0.006815549102523604,LOW,,,NOT_AVAILABLE_IN_SOURCE_DATA,CANNOT_CALCULATE_WITHOUT_CURRENT_SKILLS,Employee-level current skill data unavailable,Continue Development and Monitor Progress
1628,40,Research & Development,Manufacturing Director,10435,0.018287278979892976,LOW,,,NOT_AVAILABLE_IN_SOURCE_DATA,CANNOT_CALCULATE_WITHOUT_CURRENT_SKILLS,Employee-level current skill data unavailable,Continue Development and Monitor Progress
1630,35,Research & Development,Healthcare Representative,4148,0.0003079736182016232,LOW,,,NOT_AVAILABLE_IN_SOURCE_DATA,CANNOT_CALCULATE_WITHOUT_CURRENT_SKILLS,Employee-level current skill data unavailable,Continue Development and Monitor Progress
1631,37,Research & Development,Manufacturing Director,5768,0.028241583951669206,LOW,,,NOT_AVAILABLE_IN_SOURCE_DATA,CANNOT_CALCULATE_WITHOUT_CURRENT_SKILLS,Employee-level current skill data unavailable,Continue Development and Monitor Progress
1633,39,Research & Development,Manufacturing Director,5042,0.1024867048115329,LOW,,,NOT_AVAILABLE_IN_SOURCE_DATA,CANNOT_CALCULATE_WITHOUT_CURRENT_SKILLS,Employee-level current skill data unavailable,Continue Development and Monitor Progress
1635,45,Research & Development,Manufacturing Director,5770,0.0007822218085134914,LOW,,,NOT_AVAILABLE_IN_SOURCE_DATA,CANNOT_CALCULATE_WITHOUT_CURRENT_SKILLS,Employee-level current skill data unavailable,Continue Development and Monitor Progress
1638,38,Research & Development,Manufacturing Director,7756,0.010463075286094244,LOW,,,NOT_AVAILABLE_IN_SOURCE_DATA,CANNOT_CALCULATE_WITHOUT_CURRENT_SKILLS,Employee-level current skill data unavailable,Continue Development and Monitor Progress
1639,35,Sales,Sales Executive,10306,0.2495727175495326,LOW,33.47861286320169,LOW,NOT_AVAILABLE_IN_SOURCE_DATA,CANNOT_CALCULATE_WITHOUT_CURRENT_SKILLS,Employee-level current skill data unavailable,Engagement Improvement + Upskilling Discussion
1640,37,Research & Development,Research Scientist,3936,0.10823389221520373,LOW,,,NOT_AVAILABLE_IN_SOURCE_DATA,CANNOT_CALCULATE_WITHOUT_CURRENT_SKILLS,Employee-level current skill data unavailable,Continue Development and Monitor Progress
1641,40,Research & Development,Manufacturing Director,7945,0.2540104679801586,LOW,,,NOT_AVAILABLE_IN_SOURCE_DATA,CANNOT_CALCULATE_WITHOUT_CURRENT_SKILLS,Employee-level current skill data unavailable,Continue Development and Monitor Progress
1642,44,Human Resources,Human Resources,5743,0.4600183855489506,MEDIUM,,,NOT_AVAILABLE_IN_SOURCE_DATA,CANNOT_CALCULATE_WITHOUT_CURRENT_SKILLS,Employee-level current skill data unavailable,Career Development and Skill Assessment
1644,48,Research & Development,Manager,15202,0.010535831602564326,LOW,,,NOT_AVAILABLE_IN_SOURCE_DATA,CANNOT_CALCULATE_WITHOUT_CURRENT_SKILLS,Employee-level current skill data unavailable,Continue Development and Monitor Progress
1645,35,Sales,Sales Executive,5440,0.7256223224569648,HIGH,33.47861286320169,LOW,NOT_AVAILABLE_IN_SOURCE_DATA,CANNOT_CALCULATE_WITHOUT_CURRENT_SKILLS,Employee-level current skill data unavailable,Retention Review + Targeted Development Plan
1646,24,Research & Development,Research Scientist,3760,0.6011249857236786,MEDIUM,,,NOT_AVAILABLE_IN_SOURCE_DATA,CANNOT_CALCULATE_WITHOUT_CURRENT_SKILLS,Employee-level current skill data unavailable,Career Development and Skill Assessment
1647,27,Research & Development,Research Scientist,3517,0.0973705756667769,LOW,,,NOT_AVAILABLE_IN_SOURCE_DATA,CANNOT_CALCULATE_WITHOUT_CURRENT_SKILLS,Employee-level current skill data unavailable,Continue Development and Monitor Progress
1648,27,Research & Development,Research Scientist,2580,0.10205027847117774,LOW,,,NOT_AVAILABLE_IN_SOURCE_DATA,CANNOT_CALCULATE_WITHOUT_CURRENT_SKILLS,Employee-level current skill data unavailable,Continue Development and Monitor Progress
1649,40,Research & Development,Laboratory Technician,2166,0.8980012837129872,HIGH,,,NOT_AVAILABLE_IN_SOURCE_DATA,CANNOT_CALCULATE_WITHOUT_CURRENT_SKILLS,Employee-level current skill data unavailable,Retention Review + Targeted Development Plan
1650,29,Sales,Sales Executive,5869,0.4305878610734794,MEDIUM,33.47861286320169,LOW,NOT_AVAILABLE_IN_SOURCE_DATA,CANNOT_CALCULATE_WITHOUT_CURRENT_SKILLS,Employee-level current skill data unavailable,Engagement Improvement + Upskilling Discussion
1651,36,Research & Development,Healthcare Representative,8008,0.013861793265884754,LOW,,,NOT_AVAILABLE_IN_SOURCE_DATA,CANNOT_CALCULATE_WITHOUT_CURRENT_SKILLS,Employee-level current skill data unavailable,Continue Development and Monitor Progress
1653,25,Research & Development,Manufacturing Director,5206,0.0019232121975379188,LOW,,,NOT_AVAILABLE_IN_SOURCE_DATA,CANNOT_CALCULATE_WITHOUT_CURRENT_SKILLS,Employee-level current skill data unavailable,Continue Development and Monitor Progress
1654,39,Research & Development,Manufacturing Director,5295,0.023983844921238954,LOW,,,NOT_AVAILABLE_IN_SOURCE_DATA,CANNOT_CALCULATE_WITHOUT_CURRENT_SKILLS,Employee-level current skill data unavailable,Continue Development and Monitor Progress
1655,49,Research & Development,Research Director,16413,0.0042793729514244766,LOW,,,NOT_AVAILABLE_IN_SOURCE_DATA,CANNOT_CALCULATE_WITHOUT_CURRENT_SKILLS,Employee-level current skill data unavailable,Continue Development and Monitor Progress
1656,50,Research & Development,Research Director,13269,0.0007495997982119897,LOW,,,NOT_AVAILABLE_IN_SOURCE_DATA,CANNOT_CALCULATE_WITHOUT_CURRENT_SKILLS,Employee-level current skill data unavailable,Continue Development and Monitor Progress
1657,20,Sales,Sales Representative,2783,0.3057526408954219,LOW,33.47861286320169,LOW,NOT_AVAILABLE_IN_SOURCE_DATA,CANNOT_CALCULATE_WITHOUT_CURRENT_SKILLS,Employee-level current skill data unavailable,Engagement Improvement + Upskilling Discussion
1658,34,Research & Development,Research Scientist,5433,0.006519850705821924,LOW,,,NOT_AVAILABLE_IN_SOURCE_DATA,CANNOT_CALCULATE_WITHOUT_CURRENT_SKILLS,Employee-level current skill data unavailable,Continue Development and Monitor Progress
1659,36,Research & Development,Laboratory Technician,2013,0.18442842097455692,LOW,,,NOT_AVAILABLE_IN_SOURCE_DATA,CANNOT_CALCULATE_WITHOUT_CURRENT_SKILLS,Employee-level current skill data unavailable,Continue Development and Monitor Progress
1661,49,Research & Development,Healthcare Representative,13966,0.002923759886591623,LOW,,,NOT_AVAILABLE_IN_SOURCE_DATA,CANNOT_CALCULATE_WITHOUT_CURRENT_SKILLS,Employee-level current skill data unavailable,Continue Development and Monitor Progress
1662,36,Research & Development,Manufacturing Director,4374,0.0022275106842787468,LOW,,,NOT_AVAILABLE_IN_SOURCE_DATA,CANNOT_CALCULATE_WITHOUT_CURRENT_SKILLS,Employee-level current skill data unavailable,Continue Development and Monitor Progress
1664,36,Research & Development,Healthcare Representative,6842,0.008233342381201264,LOW,,,NOT_AVAILABLE_IN_SOURCE_DATA,CANNOT_CALCULATE_WITHOUT_CURRENT_SKILLS,Employee-level current skill data unavailable,Continue Development and Monitor Progress
1665,54,Research & Development,Manager,17426,0.00098846070212718,LOW,,,NOT_AVAILABLE_IN_SOURCE_DATA,CANNOT_CALCULATE_WITHOUT_CURRENT_SKILLS,Employee-level current skill data unavailable,Continue Development and Monitor Progress
1666,43,Research & Development,Research Director,17603,0.005352781937921734,LOW,,,NOT_AVAILABLE_IN_SOURCE_DATA,CANNOT_CALCULATE_WITHOUT_CURRENT_SKILLS,Employee-level current skill data unavailable,Continue Development and Monitor Progress
1667,35,Sales,Sales Executive,4581,0.26935883026120266,LOW,33.47861286320169,LOW,NOT_AVAILABLE_IN_SOURCE_DATA,CANNOT_CALCULATE_WITHOUT_CURRENT_SKILLS,Employee-level current skill data unavailable,Engagement Improvement + Upskilling Discussion
1668,38,Research & Development,Research Scientist,4735,0.0012804423313869484,LOW,,,NOT_AVAILABLE_IN_SOURCE_DATA,CANNOT_CALCULATE_WITHOUT_CURRENT_SKILLS,Employee-level current skill data unavailable,Continue Development and Monitor Progress
1669,29,Sales,Sales Executive,4187,0.48872443607646754,MEDIUM,33.47861286320169,LOW,NOT_AVAILABLE_IN_SOURCE_DATA,CANNOT_CALCULATE_WITHOUT_CURRENT_SKILLS,Employee-level current skill data unavailable,Engagement Improvement + Upskilling Discussion
1670,33,Sales,Sales Executive,5505,0.0034259110982933576,LOW,33.47861286320169,LOW,NOT_AVAILABLE_IN_SOURCE_DATA,CANNOT_CALCULATE_WITHOUT_CURRENT_SKILLS,Employee-level current skill data unavailable,Engagement Improvement + Upskilling Discussion
1671,32,Research & Development,Research Scientist,5470,0.003227857833185154,LOW,,,NOT_AVAILABLE_IN_SOURCE_DATA,CANNOT_CALCULATE_WITHOUT_CURRENT_SKILLS,Employee-level current skill data unavailable,Continue Development and Monitor Progress
1673,31,Sales,Sales Executive,5476,0.05423125987859339,LOW,33.47861286320169,LOW,NOT_AVAILABLE_IN_SOURCE_DATA,CANNOT_CALCULATE_WITHOUT_CURRENT_SKILLS,Employee-level current skill data unavailable,Engagement Improvement + Upskilling Discussion
1674,49,Research & Development,Laboratory Technician,2587,0.2807370368906603,LOW,,,NOT_AVAILABLE_IN_SOURCE_DATA,CANNOT_CALCULATE_WITHOUT_CURRENT_SKILLS,Employee-level current skill data unavailable,Continue Development and Monitor Progress
1675,38,Research & Development,Laboratory Technician,2440,0.24686143813163083,LOW,,,NOT_AVAILABLE_IN_SOURCE_DATA,CANNOT_CALCULATE_WITHOUT_CURRENT_SKILLS,Employee-level current skill data unavailable,Continue Development and Monitor Progress
1676,47,Sales,Manager,15972,0.004697411860860925,LOW,33.47861286320169,LOW,NOT_AVAILABLE_IN_SOURCE_DATA,CANNOT_CALCULATE_WITHOUT_CURRENT_SKILLS,Employee-level current skill data unavailable,Engagement Improvement + Upskilling Discussion
1677,49,Research & Development,Manager,15379,0.01763681926720748,LOW,,,NOT_AVAILABLE_IN_SOURCE_DATA,CANNOT_CALCULATE_WITHOUT_CURRENT_SKILLS,Employee-level current skill data unavailable,Continue Development and Monitor Progress
1678,41,Sales,Sales Executive,7082,0.24053374296722835,LOW,33.47861286320169,LOW,NOT_AVAILABLE_IN_SOURCE_DATA,CANNOT_CALCULATE_WITHOUT_CURRENT_SKILLS,Employee-level current skill data unavailable,Engagement Improvement + Upskilling Discussion
1680,20,Sales,Sales Representative,2728,0.5368646498398001,MEDIUM,33.47861286320169,LOW,NOT_AVAILABLE_IN_SOURCE_DATA,CANNOT_CALCULATE_WITHOUT_CURRENT_SKILLS,Employee-level current skill data unavailable,Engagement Improvement + Upskilling Discussion
1681,33,Sales,Sales Executive,5368,0.04042335424894981,LOW,33.47861286320169,LOW,NOT_AVAILABLE_IN_SOURCE_DATA,CANNOT_CALCULATE_WITHOUT_CURRENT_SKILLS,Employee-level current skill data unavailable,Engagement Improvement + Upskilling Discussion
1682,36,Research & Development,Healthcare Representative,5347,0.13376218920837504,LOW,,,NOT_AVAILABLE_IN_SOURCE_DATA,CANNOT_CALCULATE_WITHOUT_CURRENT_SKILLS,Employee-level current skill data unavailable,Continue Development and Monitor Progress
1683,44,Human Resources,Human Resources,3195,0.06917776032208021,LOW,,,NOT_AVAILABLE_IN_SOURCE_DATA,CANNOT_CALCULATE_WITHOUT_CURRENT_SKILLS,Employee-level current skill data unavailable,Continue Development and Monitor Progress
1684,23,Research & Development,Laboratory Technician,3989,0.7037736762301116,HIGH,,,NOT_AVAILABLE_IN_SOURCE_DATA,CANNOT_CALCULATE_WITHOUT_CURRENT_SKILLS,Employee-level current skill data unavailable,Retention Review + Targeted Development Plan
1687,38,Research & Development,Laboratory Technician,3306,0.034574273020738865,LOW,,,NOT_AVAILABLE_IN_SOURCE_DATA,CANNOT_CALCULATE_WITHOUT_CURRENT_SKILLS,Employee-level current skill data unavailable,Continue Development and Monitor Progress
1689,53,Research & Development,Healthcare Representative,7005,0.009381450928670331,LOW,,,NOT_AVAILABLE_IN_SOURCE_DATA,CANNOT_CALCULATE_WITHOUT_CURRENT_SKILLS,Employee-level current skill data unavailable,Continue Development and Monitor Progress
1691,48,Sales,Sales Representative,2655,0.09433079622728488,LOW,33.47861286320169,LOW,NOT_AVAILABLE_IN_SOURCE_DATA,CANNOT_CALCULATE_WITHOUT_CURRENT_SKILLS,Employee-level current skill data unavailable,Engagement Improvement + Upskilling Discussion
1692,32,Research & Development,Laboratory Technician,1393,0.2894927074255398,LOW,,,NOT_AVAILABLE_IN_SOURCE_DATA,CANNOT_CALCULATE_WITHOUT_CURRENT_SKILLS,Employee-level current skill data unavailable,Continue Development and Monitor Progress
1693,26,Research & Development,Laboratory Technician,2570,0.013456870043320664,LOW,,,NOT_AVAILABLE_IN_SOURCE_DATA,CANNOT_CALCULATE_WITHOUT_CURRENT_SKILLS,Employee-level current skill data unavailable,Continue Development and Monitor Progress
1694,55,Research & Development,Research Scientist,3537,0.16937746082344848,LOW,,,NOT_AVAILABLE_IN_SOURCE_DATA,CANNOT_CALCULATE_WITHOUT_CURRENT_SKILLS,Employee-level current skill data unavailable,Continue Development and Monitor Progress
1696,34,Research & Development,Laboratory Technician,3986,0.008372007651799851,LOW,,,NOT_AVAILABLE_IN_SOURCE_DATA,CANNOT_CALCULATE_WITHOUT_CURRENT_SKILLS,Employee-level current skill data unavailable,Continue Development and Monitor Progress
1697,60,Research & Development,Healthcare Representative,10883,0.001921143987841039,LOW,,,NOT_AVAILABLE_IN_SOURCE_DATA,CANNOT_CALCULATE_WITHOUT_CURRENT_SKILLS,Employee-level current skill data unavailable,Continue Development and Monitor Progress
1698,33,Research & Development,Laboratory Technician,2028,0.0028109068444966286,LOW,,,NOT_AVAILABLE_IN_SOURCE_DATA,CANNOT_CALCULATE_WITHOUT_CURRENT_SKILLS,Employee-level current skill data unavailable,Continue Development and Monitor Progress
1700,37,Sales,Sales Executive,9525,0.06767861994314933,LOW,33.47861286320169,LOW,NOT_AVAILABLE_IN_SOURCE_DATA,CANNOT_CALCULATE_WITHOUT_CURRENT_SKILLS,Employee-level current skill data unavailable,Engagement Improvement + Upskilling Discussion
1701,34,Research & Development,Research Scientist,2929,0.053438138431428354,LOW,,,NOT_AVAILABLE_IN_SOURCE_DATA,CANNOT_CALCULATE_WITHOUT_CURRENT_SKILLS,Employee-level current skill data unavailable,Continue Development and Monitor Progress
1702,23,Sales,Sales Representative,2275,0.39543293841021093,LOW,33.47861286320169,LOW,NOT_AVAILABLE_IN_SOURCE_DATA,CANNOT_CALCULATE_WITHOUT_CURRENT_SKILLS,Employee-level current skill data unavailable,Engagement Improvement + Upskilling Discussion
1703,44,Research & Development,Healthcare Representative,7879,0.012117231742424562,LOW,,,NOT_AVAILABLE_IN_SOURCE_DATA,CANNOT_CALCULATE_WITHOUT_CURRENT_SKILLS,Employee-level current skill data unavailable,Continue Development and Monitor Progress
1704,35,Research & Development,Research Scientist,4930,0.2997778873988492,LOW,,,NOT_AVAILABLE_IN_SOURCE_DATA,CANNOT_CALCULATE_WITHOUT_CURRENT_SKILLS,Employee-level current skill data unavailable,Continue Development and Monitor Progress
1706,43,Sales,Sales Executive,7847,0.0444467188916661,LOW,33.47861286320169,LOW,NOT_AVAILABLE_IN_SOURCE_DATA,CANNOT_CALCULATE_WITHOUT_CURRENT_SKILLS,Employee-level current skill data unavailable,Engagement Improvement + Upskilling Discussion
1707,24,Research & Development,Research Scientist,4401,0.007439501960023776,LOW,,,NOT_AVAILABLE_IN_SOURCE_DATA,CANNOT_CALCULATE_WITHOUT_CURRENT_SKILLS,Employee-level current skill data unavailable,Continue Development and Monitor Progress
1708,41,Sales,Sales Executive,9241,0.07366515759132035,LOW,33.47861286320169,LOW,NOT_AVAILABLE_IN_SOURCE_DATA,CANNOT_CALCULATE_WITHOUT_CURRENT_SKILLS,Employee-level current skill data unavailable,Engagement Improvement + Upskilling Discussion
1709,29,Research & Development,Laboratory Technician,2974,0.08920027968394535,LOW,,,NOT_AVAILABLE_IN_SOURCE_DATA,CANNOT_CALCULATE_WITHOUT_CURRENT_SKILLS,Employee-level current skill data unavailable,Continue Development and Monitor Progress
1710,36,Sales,Sales Representative,4502,0.10436698700542217,LOW,33.47861286320169,LOW,NOT_AVAILABLE_IN_SOURCE_DATA,CANNOT_CALCULATE_WITHOUT_CURRENT_SKILLS,Employee-level current skill data unavailable,Engagement Improvement + Upskilling Discussion
1712,45,Research & Development,Healthcare Representative,10748,0.004685936324611272,LOW,,,NOT_AVAILABLE_IN_SOURCE_DATA,CANNOT_CALCULATE_WITHOUT_CURRENT_SKILLS,Employee-level current skill data unavailable,Continue Development and Monitor Progress
1714,24,Human Resources,Human Resources,1555,0.4648309583183531,MEDIUM,,,NOT_AVAILABLE_IN_SOURCE_DATA,CANNOT_CALCULATE_WITHOUT_CURRENT_SKILLS,Employee-level current skill data unavailable,Career Development and Skill Assessment
1716,47,Sales,Sales Executive,12936,0.7192196924935921,HIGH,33.47861286320169,LOW,NOT_AVAILABLE_IN_SOURCE_DATA,CANNOT_CALCULATE_WITHOUT_CURRENT_SKILLS,Employee-level current skill data unavailable,Retention Review + Targeted Development Plan
1718,26,Research & Development,Laboratory Technician,2305,0.05309622518079279,LOW,,,NOT_AVAILABLE_IN_SOURCE_DATA,CANNOT_CALCULATE_WITHOUT_CURRENT_SKILLS,Employee-level current skill data unavailable,Continue Development and Monitor Progress
1719,45,Research & Development,Research Director,16704,0.06770354309399329,LOW,,,NOT_AVAILABLE_IN_SOURCE_DATA,CANNOT_CALCULATE_WITHOUT_CURRENT_SKILLS,Employee-level current skill data unavailable,Continue Development and Monitor Progress
1720,32,Research & Development,Research Scientist,3433,0.33605677991222616,LOW,,,NOT_AVAILABLE_IN_SOURCE_DATA,CANNOT_CALCULATE_WITHOUT_CURRENT_SKILLS,Employee-level current skill data unavailable,Continue Development and Monitor Progress
1721,31,Research & Development,Laboratory Technician,3477,0.029350794486849664,LOW,,,NOT_AVAILABLE_IN_SOURCE_DATA,CANNOT_CALCULATE_WITHOUT_CURRENT_SKILLS,Employee-level current skill data unavailable,Continue Development and Monitor Progress
1722,41,Human Resources,Human Resources,6430,0.13841880455434086,LOW,,,NOT_AVAILABLE_IN_SOURCE_DATA,CANNOT_CALCULATE_WITHOUT_CURRENT_SKILLS,Employee-level current skill data unavailable,Continue Development and Monitor Progress
1724,40,Research & Development,Manufacturing Director,6516,0.1229950562381434,LOW,,,NOT_AVAILABLE_IN_SOURCE_DATA,CANNOT_CALCULATE_WITHOUT_CURRENT_SKILLS,Employee-level current skill data unavailable,Continue Development and Monitor Progress
1725,24,Research & Development,Laboratory Technician,3907,0.219635488173215,LOW,,,NOT_AVAILABLE_IN_SOURCE_DATA,CANNOT_CALCULATE_WITHOUT_CURRENT_SKILLS,Employee-level current skill data unavailable,Continue Development and Monitor Progress
1727,46,Research & Development,Healthcare Representative,5562,0.007993787868349431,LOW,,,NOT_AVAILABLE_IN_SOURCE_DATA,CANNOT_CALCULATE_WITHOUT_CURRENT_SKILLS,Employee-level current skill data unavailable,Continue Development and Monitor Progress
1728,35,Research & Development,Manufacturing Director,6883,0.005167384313204681,LOW,,,NOT_AVAILABLE_IN_SOURCE_DATA,CANNOT_CALCULATE_WITHOUT_CURRENT_SKILLS,Employee-level current skill data unavailable,Continue Development and Monitor Progress
1729,30,Research & Development,Research Scientist,2862,0.031208029064714427,LOW,,,NOT_AVAILABLE_IN_SOURCE_DATA,CANNOT_CALCULATE_WITHOUT_CURRENT_SKILLS,Employee-level current skill data unavailable,Continue Development and Monitor Progress
1731,47,Sales,Sales Executive,4978,0.07988991423859629,LOW,33.47861286320169,LOW,NOT_AVAILABLE_IN_SOURCE_DATA,CANNOT_CALCULATE_WITHOUT_CURRENT_SKILLS,Employee-level current skill data unavailable,Engagement Improvement + Upskilling Discussion
1732,46,Sales,Sales Executive,10368,0.0591369659628734,LOW,33.47861286320169,LOW,NOT_AVAILABLE_IN_SOURCE_DATA,CANNOT_CALCULATE_WITHOUT_CURRENT_SKILLS,Employee-level current skill data unavailable,Engagement Improvement + Upskilling Discussion
1733,36,Sales,Sales Executive,6134,0.5776320674457066,MEDIUM,33.47861286320169,LOW,NOT_AVAILABLE_IN_SOURCE_DATA,CANNOT_CALCULATE_WITHOUT_CURRENT_SKILLS,Employee-level current skill data unavailable,Engagement Improvement + Upskilling Discussion
1734,32,Sales,Sales Executive,6735,0.7195842451094162,HIGH,33.47861286320169,LOW,NOT_AVAILABLE_IN_SOURCE_DATA,CANNOT_CALCULATE_WITHOUT_CURRENT_SKILLS,Employee-level current skill data unavailable,Retention Review + Targeted Development Plan
1735,23,Research & Development,Laboratory Technician,3295,0.31986270822869045,LOW,,,NOT_AVAILABLE_IN_SOURCE_DATA,CANNOT_CALCULATE_WITHOUT_CURRENT_SKILLS,Employee-level current skill data unavailable,Continue Development and Monitor Progress
1736,31,Research & Development,Manufacturing Director,5238,0.08943646532986128,LOW,,,NOT_AVAILABLE_IN_SOURCE_DATA,CANNOT_CALCULATE_WITHOUT_CURRENT_SKILLS,Employee-level current skill data unavailable,Continue Development and Monitor Progress
1737,39,Research & Development,Laboratory Technician,6472,0.01590136762303605,LOW,,,NOT_AVAILABLE_IN_SOURCE_DATA,CANNOT_CALCULATE_WITHOUT_CURRENT_SKILLS,Employee-level current skill data unavailable,Continue Development and Monitor Progress
1739,32,Sales,Sales Executive,9610,0.22610668247998617,LOW,33.47861286320169,LOW,NOT_AVAILABLE_IN_SOURCE_DATA,CANNOT_CALCULATE_WITHOUT_CURRENT_SKILLS,Employee-level current skill data unavailable,Engagement Improvement + Upskilling Discussion
1740,40,Sales,Manager,19833,0.26521634102865177,LOW,33.47861286320169,LOW,NOT_AVAILABLE_IN_SOURCE_DATA,CANNOT_CALCULATE_WITHOUT_CURRENT_SKILLS,Employee-level current skill data unavailable,Engagement Improvement + Upskilling Discussion
1744,45,Human Resources,Human Resources,9756,0.02886819410819911,LOW,,,NOT_AVAILABLE_IN_SOURCE_DATA,CANNOT_CALCULATE_WITHOUT_CURRENT_SKILLS,Employee-level current skill data unavailable,Continue Development and Monitor Progress
1745,30,Research & Development,Research Scientist,4968,0.043527559833504856,LOW,,,NOT_AVAILABLE_IN_SOURCE_DATA,CANNOT_CALCULATE_WITHOUT_CURRENT_SKILLS,Employee-level current skill data unavailable,Continue Development and Monitor Progress
1746,24,Human Resources,Human Resources,2145,0.18341227692762743,LOW,,,NOT_AVAILABLE_IN_SOURCE_DATA,CANNOT_CALCULATE_WITHOUT_CURRENT_SKILLS,Employee-level current skill data unavailable,Continue Development and Monitor Progress
1747,30,Human Resources,Human Resources,2180,0.5226144957067039,MEDIUM,,,NOT_AVAILABLE_IN_SOURCE_DATA,CANNOT_CALCULATE_WITHOUT_CURRENT_SKILLS,Employee-level current skill data unavailable,Career Development and Skill Assessment
1749,31,Sales,Sales Executive,8346,0.08950726313249571,LOW,33.47861286320169,LOW,NOT_AVAILABLE_IN_SOURCE_DATA,CANNOT_CALCULATE_WITHOUT_CURRENT_SKILLS,Employee-level current skill data unavailable,Engagement Improvement + Upskilling Discussion
1751,27,Research & Development,Research Scientist,3445,0.023518730518630272,LOW,,,NOT_AVAILABLE_IN_SOURCE_DATA,CANNOT_CALCULATE_WITHOUT_CURRENT_SKILLS,Employee-level current skill data unavailable,Continue Development and Monitor Progress
1752,29,Sales,Sales Representative,2760,0.733037205342609,HIGH,33.47861286320169,LOW,NOT_AVAILABLE_IN_SOURCE_DATA,CANNOT_CALCULATE_WITHOUT_CURRENT_SKILLS,Employee-level current skill data unavailable,Retention Review + Targeted Development Plan
1753,29,Research & Development,Healthcare Representative,6294,0.1326878616105811,LOW,,,NOT_AVAILABLE_IN_SOURCE_DATA,CANNOT_CALCULATE_WITHOUT_CURRENT_SKILLS,Employee-level current skill data unavailable,Continue Development and Monitor Progress
1754,30,Sales,Sales Executive,7140,0.15782771639651505,LOW,33.47861286320169,LOW,NOT_AVAILABLE_IN_SOURCE_DATA,CANNOT_CALCULATE_WITHOUT_CURRENT_SKILLS,Employee-level current skill data unavailable,Engagement Improvement + Upskilling Discussion
1755,34,Research & Development,Research Scientist,2932,0.013374080349005932,LOW,,,NOT_AVAILABLE_IN_SOURCE_DATA,CANNOT_CALCULATE_WITHOUT_CURRENT_SKILLS,Employee-level current skill data unavailable,Continue Development and Monitor Progress
1756,33,Sales,Sales Executive,5147,0.035150981448074194,LOW,33.47861286320169,LOW,NOT_AVAILABLE_IN_SOURCE_DATA,CANNOT_CALCULATE_WITHOUT_CURRENT_SKILLS,Employee-level current skill data unavailable,Engagement Improvement + Upskilling Discussion
1757,49,Sales,Sales Executive,4507,0.02277599469274867,LOW,33.47861286320169,LOW,NOT_AVAILABLE_IN_SOURCE_DATA,CANNOT_CALCULATE_WITHOUT_CURRENT_SKILLS,Employee-level current skill data unavailable,Engagement Improvement + Upskilling Discussion
1758,33,Sales,Sales Executive,8564,0.8630830245460495,HIGH,33.47861286320169,LOW,NOT_AVAILABLE_IN_SOURCE_DATA,CANNOT_CALCULATE_WITHOUT_CURRENT_SKILLS,Employee-level current skill data unavailable,Retention Review + Targeted Development Plan
1760,38,Research & Development,Laboratory Technician,2468,0.17189856815193866,LOW,,,NOT_AVAILABLE_IN_SOURCE_DATA,CANNOT_CALCULATE_WITHOUT_CURRENT_SKILLS,Employee-level current skill data unavailable,Continue Development and Monitor Progress
1761,31,Sales,Sales Executive,8161,0.18482999549598295,LOW,33.47861286320169,LOW,NOT_AVAILABLE_IN_SOURCE_DATA,CANNOT_CALCULATE_WITHOUT_CURRENT_SKILLS,Employee-level current skill data unavailable,Engagement Improvement + Upskilling Discussion
1762,29,Research & Development,Research Scientist,2109,0.07589255165868176,LOW,,,NOT_AVAILABLE_IN_SOURCE_DATA,CANNOT_CALCULATE_WITHOUT_CURRENT_SKILLS,Employee-level current skill data unavailable,Continue Development and Monitor Progress
1763,30,Research & Development,Healthcare Representative,5294,0.009810799162932936,LOW,,,NOT_AVAILABLE_IN_SOURCE_DATA,CANNOT_CALCULATE_WITHOUT_CURRENT_SKILLS,Employee-level current skill data unavailable,Continue Development and Monitor Progress
1764,32,Research & Development,Research Scientist,2718,0.020076417417143607,LOW,,,NOT_AVAILABLE_IN_SOURCE_DATA,CANNOT_CALCULATE_WITHOUT_CURRENT_SKILLS,Employee-level current skill data unavailable,Continue Development and Monitor Progress
1766,38,Research & Development,Healthcare Representative,5811,0.22552958543760535,LOW,,,NOT_AVAILABLE_IN_SOURCE_DATA,CANNOT_CALCULATE_WITHOUT_CURRENT_SKILLS,Employee-level current skill data unavailable,Continue Development and Monitor Progress
1767,43,Research & Development,Research Scientist,2437,0.699638744586126,MEDIUM,,,NOT_AVAILABLE_IN_SOURCE_DATA,CANNOT_CALCULATE_WITHOUT_CURRENT_SKILLS,Employee-level current skill data unavailable,Career Development and Skill Assessment
1768,42,Research & Development,Laboratory Technician,2766,0.08326383281541018,LOW,,,NOT_AVAILABLE_IN_SOURCE_DATA,CANNOT_CALCULATE_WITHOUT_CURRENT_SKILLS,Employee-level current skill data unavailable,Continue Development and Monitor Progress
1770,55,Research & Development,Research Director,19038,0.004287355690234484,LOW,,,NOT_AVAILABLE_IN_SOURCE_DATA,CANNOT_CALCULATE_WITHOUT_CURRENT_SKILLS,Employee-level current skill data unavailable,Continue Development and Monitor Progress
1771,33,Research & Development,Research Scientist,3055,0.004622476096274592,LOW,,,NOT_AVAILABLE_IN_SOURCE_DATA,CANNOT_CALCULATE_WITHOUT_CURRENT_SKILLS,Employee-level current skill data unavailable,Continue Development and Monitor Progress
1772,41,Research & Development,Laboratory Technician,2289,0.04870099769591108,LOW,,,NOT_AVAILABLE_IN_SOURCE_DATA,CANNOT_CALCULATE_WITHOUT_CURRENT_SKILLS,Employee-level current skill data unavailable,Continue Development and Monitor Progress
1774,34,Sales,Sales Executive,4001,0.006099758824048633,LOW,33.47861286320169,LOW,NOT_AVAILABLE_IN_SOURCE_DATA,CANNOT_CALCULATE_WITHOUT_CURRENT_SKILLS,Employee-level current skill data unavailable,Engagement Improvement + Upskilling Discussion
1775,53,Research & Development,Manufacturing Director,12965,0.007073553733463759,LOW,,,NOT_AVAILABLE_IN_SOURCE_DATA,CANNOT_CALCULATE_WITHOUT_CURRENT_SKILLS,Employee-level current skill data unavailable,Continue Development and Monitor Progress
1778,43,Human Resources,Human Resources,3539,0.011579575380170888,LOW,,,NOT_AVAILABLE_IN_SOURCE_DATA,CANNOT_CALCULATE_WITHOUT_CURRENT_SKILLS,Employee-level current skill data unavailable,Continue Development and Monitor Progress
1779,34,Sales,Sales Executive,6029,0.23764115736407646,LOW,33.47861286320169,LOW,NOT_AVAILABLE_IN_SOURCE_DATA,CANNOT_CALCULATE_WITHOUT_CURRENT_SKILLS,Employee-level current skill data unavailable,Engagement Improvement + Upskilling Discussion
1780,21,Sales,Sales Representative,2679,0.747208950162405,HIGH,33.47861286320169,LOW,NOT_AVAILABLE_IN_SOURCE_DATA,CANNOT_CALCULATE_WITHOUT_CURRENT_SKILLS,Employee-level current skill data unavailable,Retention Review + Targeted Development Plan
1782,38,Research & Development,Laboratory Technician,3702,0.013929357388154033,LOW,,,NOT_AVAILABLE_IN_SOURCE_DATA,CANNOT_CALCULATE_WITHOUT_CURRENT_SKILLS,Employee-level current skill data unavailable,Continue Development and Monitor Progress
1783,22,Research & Development,Laboratory Technician,2398,0.5028860658784376,MEDIUM,,,NOT_AVAILABLE_IN_SOURCE_DATA,CANNOT_CALCULATE_WITHOUT_CURRENT_SKILLS,Employee-level current skill data unavailable,Career Development and Skill Assessment
1784,31,Sales,Sales Executive,5468,0.1587879714122849,LOW,33.47861286320169,LOW,NOT_AVAILABLE_IN_SOURCE_DATA,CANNOT_CALCULATE_WITHOUT_CURRENT_SKILLS,Employee-level current skill data unavailable,Engagement Improvement + Upskilling Discussion
1786,51,Research & Development,Manager,13116,0.02008717730857915,LOW,,,NOT_AVAILABLE_IN_SOURCE_DATA,CANNOT_CALCULATE_WITHOUT_CURRENT_SKILLS,Employee-level current skill data unavailable,Continue Development and Monitor Progress
1787,37,Sales,Sales Executive,4189,0.16163596983810524,LOW,33.47861286320169,LOW,NOT_AVAILABLE_IN_SOURCE_DATA,CANNOT_CALCULATE_WITHOUT_CURRENT_SKILLS,Employee-level current skill data unavailable,Engagement Improvement + Upskilling Discussion
1789,46,Research & Development,Research Director,19328,0.013963292797161308,LOW,,,NOT_AVAILABLE_IN_SOURCE_DATA,CANNOT_CALCULATE_WITHOUT_CURRENT_SKILLS,Employee-level current skill data unavailable,Continue Development and Monitor Progress
1790,36,Research & Development,Healthcare Representative,8321,0.133760036817931,LOW,,,NOT_AVAILABLE_IN_SOURCE_DATA,CANNOT_CALCULATE_WITHOUT_CURRENT_SKILLS,Employee-level current skill data unavailable,Continue Development and Monitor Progress
1792,44,Research & Development,Research Scientist,2342,0.09681738961850156,LOW,,,NOT_AVAILABLE_IN_SOURCE_DATA,CANNOT_CALCULATE_WITHOUT_CURRENT_SKILLS,Employee-level current skill data unavailable,Continue Development and Monitor Progress
1794,37,Human Resources,Human Resources,4071,0.03512541199525536,LOW,,,NOT_AVAILABLE_IN_SOURCE_DATA,CANNOT_CALCULATE_WITHOUT_CURRENT_SKILLS,Employee-level current skill data unavailable,Continue Development and Monitor Progress
1797,35,Sales,Sales Executive,5813,0.4248023842599213,MEDIUM,33.47861286320169,LOW,NOT_AVAILABLE_IN_SOURCE_DATA,CANNOT_CALCULATE_WITHOUT_CURRENT_SKILLS,Employee-level current skill data unavailable,Engagement Improvement + Upskilling Discussion
1798,33,Research & Development,Research Scientist,3143,0.03556470428281854,LOW,,,NOT_AVAILABLE_IN_SOURCE_DATA,CANNOT_CALCULATE_WITHOUT_CURRENT_SKILLS,Employee-level current skill data unavailable,Continue Development and Monitor Progress
1799,28,Research & Development,Research Scientist,2044,0.0033666057146036444,LOW,,,NOT_AVAILABLE_IN_SOURCE_DATA,CANNOT_CALCULATE_WITHOUT_CURRENT_SKILLS,Employee-level current skill data unavailable,Continue Development and Monitor Progress
1800,39,Research & Development,Research Director,13464,0.03467322004724102,LOW,,,NOT_AVAILABLE_IN_SOURCE_DATA,CANNOT_CALCULATE_WITHOUT_CURRENT_SKILLS,Employee-level current skill data unavailable,Continue Development and Monitor Progress
1801,46,Sales,Sales Executive,7991,0.449161418895078,MEDIUM,33.47861286320169,LOW,NOT_AVAILABLE_IN_SOURCE_DATA,CANNOT_CALCULATE_WITHOUT_CURRENT_SKILLS,Employee-level current skill data unavailable,Engagement Improvement + Upskilling Discussion
1802,40,Research & Development,Laboratory Technician,3377,0.044692888862244935,LOW,,,NOT_AVAILABLE_IN_SOURCE_DATA,CANNOT_CALCULATE_WITHOUT_CURRENT_SKILLS,Employee-level current skill data unavailable,Continue Development and Monitor Progress
1803,42,Research & Development,Healthcare Representative,5538,0.03370158216920788,LOW,,,NOT_AVAILABLE_IN_SOURCE_DATA,CANNOT_CALCULATE_WITHOUT_CURRENT_SKILLS,Employee-level current skill data unavailable,Continue Development and Monitor Progress
1804,35,Research & Development,Manufacturing Director,5762,0.0005512956756986337,LOW,,,NOT_AVAILABLE_IN_SOURCE_DATA,CANNOT_CALCULATE_WITHOUT_CURRENT_SKILLS,Employee-level current skill data unavailable,Continue Development and Monitor Progress
1805,38,Human Resources,Human Resources,2592,0.012022259794379134,LOW,,,NOT_AVAILABLE_IN_SOURCE_DATA,CANNOT_CALCULATE_WITHOUT_CURRENT_SKILLS,Employee-level current skill data unavailable,Continue Development and Monitor Progress
1807,34,Research & Development,Laboratory Technician,5346,0.1803219578576974,LOW,,,NOT_AVAILABLE_IN_SOURCE_DATA,CANNOT_CALCULATE_WITHOUT_CURRENT_SKILLS,Employee-level current skill data unavailable,Continue Development and Monitor Progress
1809,37,Research & Development,Manufacturing Director,4213,0.04272972816482761,LOW,,,NOT_AVAILABLE_IN_SOURCE_DATA,CANNOT_CALCULATE_WITHOUT_CURRENT_SKILLS,Employee-level current skill data unavailable,Continue Development and Monitor Progress
1812,39,Sales,Sales Executive,4127,0.04988641250444032,LOW,33.47861286320169,LOW,NOT_AVAILABLE_IN_SOURCE_DATA,CANNOT_CALCULATE_WITHOUT_CURRENT_SKILLS,Employee-level current skill data unavailable,Engagement Improvement + Upskilling Discussion
1813,43,Research & Development,Research Scientist,2438,0.0776897753374738,LOW,,,NOT_AVAILABLE_IN_SOURCE_DATA,CANNOT_CALCULATE_WITHOUT_CURRENT_SKILLS,Employee-level current skill data unavailable,Continue Development and Monitor Progress
1814,41,Research & Development,Healthcare Representative,6870,0.09835458543962355,LOW,,,NOT_AVAILABLE_IN_SOURCE_DATA,CANNOT_CALCULATE_WITHOUT_CURRENT_SKILLS,Employee-level current skill data unavailable,Continue Development and Monitor Progress
1815,41,Sales,Sales Executive,10447,0.04367495494353379,LOW,33.47861286320169,LOW,NOT_AVAILABLE_IN_SOURCE_DATA,CANNOT_CALCULATE_WITHOUT_CURRENT_SKILLS,Employee-level current skill data unavailable,Engagement Improvement + Upskilling Discussion
1816,30,Research & Development,Manufacturing Director,9667,0.1908763218650612,LOW,,,NOT_AVAILABLE_IN_SOURCE_DATA,CANNOT_CALCULATE_WITHOUT_CURRENT_SKILLS,Employee-level current skill data unavailable,Continue Development and Monitor Progress
1818,26,Human Resources,Human Resources,2148,0.26444473981823396,LOW,,,NOT_AVAILABLE_IN_SOURCE_DATA,CANNOT_CALCULATE_WITHOUT_CURRENT_SKILLS,Employee-level current skill data unavailable,Continue Development and Monitor Progress
1821,46,Research & Development,Healthcare Representative,8926,0.001977355215827983,LOW,,,NOT_AVAILABLE_IN_SOURCE_DATA,CANNOT_CALCULATE_WITHOUT_CURRENT_SKILLS,Employee-level current skill data unavailable,Continue Development and Monitor Progress
1822,40,Research & Development,Healthcare Representative,6513,0.0016620937514164665,LOW,,,NOT_AVAILABLE_IN_SOURCE_DATA,CANNOT_CALCULATE_WITHOUT_CURRENT_SKILLS,Employee-level current skill data unavailable,Continue Development and Monitor Progress
1823,34,Sales,Sales Executive,6799,0.010071882054571941,LOW,33.47861286320169,LOW,NOT_AVAILABLE_IN_SOURCE_DATA,CANNOT_CALCULATE_WITHOUT_CURRENT_SKILLS,Employee-level current skill data unavailable,Engagement Improvement + Upskilling Discussion
1824,58,Sales,Manager,16291,0.004121822878354293,LOW,33.47861286320169,LOW,NOT_AVAILABLE_IN_SOURCE_DATA,CANNOT_CALCULATE_WITHOUT_CURRENT_SKILLS,Employee-level current skill data unavailable,Engagement Improvement + Upskilling Discussion
1826,35,Research & Development,Laboratory Technician,2705,0.15431874431213657,LOW,,,NOT_AVAILABLE_IN_SOURCE_DATA,CANNOT_CALCULATE_WITHOUT_CURRENT_SKILLS,Employee-level current skill data unavailable,Continue Development and Monitor Progress
1827,47,Research & Development,Manufacturing Director,10333,0.13802985904208354,LOW,,,NOT_AVAILABLE_IN_SOURCE_DATA,CANNOT_CALCULATE_WITHOUT_CURRENT_SKILLS,Employee-level current skill data unavailable,Continue Development and Monitor Progress
1829,40,Research & Development,Healthcare Representative,4448,0.031598362189684516,LOW,,,NOT_AVAILABLE_IN_SOURCE_DATA,CANNOT_CALCULATE_WITHOUT_CURRENT_SKILLS,Employee-level current skill data unavailable,Continue Development and Monitor Progress
1830,54,Research & Development,Research Scientist,6854,0.0027675245436142295,LOW,,,NOT_AVAILABLE_IN_SOURCE_DATA,CANNOT_CALCULATE_WITHOUT_CURRENT_SKILLS,Employee-level current skill data unavailable,Continue Development and Monitor Progress
1833,31,Sales,Sales Executive,9637,0.23360775169080314,LOW,33.47861286320169,LOW,NOT_AVAILABLE_IN_SOURCE_DATA,CANNOT_CALCULATE_WITHOUT_CURRENT_SKILLS,Employee-level current skill data unavailable,Engagement Improvement + Upskilling Discussion
1834,28,Research & Development,Research Scientist,3591,0.017117772067641538,LOW,,,NOT_AVAILABLE_IN_SOURCE_DATA,CANNOT_CALCULATE_WITHOUT_CURRENT_SKILLS,Employee-level current skill data unavailable,Continue Development and Monitor Progress
1835,38,Sales,Sales Representative,5405,0.3370284220382721,LOW,33.47861286320169,LOW,NOT_AVAILABLE_IN_SOURCE_DATA,CANNOT_CALCULATE_WITHOUT_CURRENT_SKILLS,Employee-level current skill data unavailable,Engagement Improvement + Upskilling Discussion
1836,26,Sales,Sales Executive,4684,0.1185186230317086,LOW,33.47861286320169,LOW,NOT_AVAILABLE_IN_SOURCE_DATA,CANNOT_CALCULATE_WITHOUT_CURRENT_SKILLS,Employee-level current skill data unavailable,Engagement Improvement + Upskilling Discussion
1837,58,Research & Development,Research Director,15787,0.10556769112738655,LOW,,,NOT_AVAILABLE_IN_SOURCE_DATA,CANNOT_CALCULATE_WITHOUT_CURRENT_SKILLS,Employee-level current skill data unavailable,Continue Development and Monitor Progress
1839,18,Research & Development,Research Scientist,1514,0.1283057210429055,LOW,,,NOT_AVAILABLE_IN_SOURCE_DATA,CANNOT_CALCULATE_WITHOUT_CURRENT_SKILLS,Employee-level current skill data unavailable,Continue Development and Monitor Progress
1842,31,Human Resources,Human Resources,2956,0.1403528732136425,LOW,,,NOT_AVAILABLE_IN_SOURCE_DATA,CANNOT_CALCULATE_WITHOUT_CURRENT_SKILLS,Employee-level current skill data unavailable,Continue Development and Monitor Progress
1844,29,Human Resources,Human Resources,2335,0.8630210165174373,HIGH,,,NOT_AVAILABLE_IN_SOURCE_DATA,CANNOT_CALCULATE_WITHOUT_CURRENT_SKILLS,Employee-level current skill data unavailable,Retention Review + Targeted Development Plan
1845,45,Sales,Sales Executive,5154,0.0026868578025950355,LOW,33.47861286320169,LOW,NOT_AVAILABLE_IN_SOURCE_DATA,CANNOT_CALCULATE_WITHOUT_CURRENT_SKILLS,Employee-level current skill data unavailable,Engagement Improvement + Upskilling Discussion
1847,36,Research & Development,Research Scientist,6962,0.023114665075413644,LOW,,,NOT_AVAILABLE_IN_SOURCE_DATA,CANNOT_CALCULATE_WITHOUT_CURRENT_SKILLS,Employee-level current skill data unavailable,Continue Development and Monitor Progress
1849,43,Sales,Sales Executive,5675,0.04598426956615148,LOW,33.47861286320169,LOW,NOT_AVAILABLE_IN_SOURCE_DATA,CANNOT_CALCULATE_WITHOUT_CURRENT_SKILLS,Employee-level current skill data unavailable,Engagement Improvement + Upskilling Discussion
1850,27,Research & Development,Laboratory Technician,2379,0.43280778890696614,MEDIUM,,,NOT_AVAILABLE_IN_SOURCE_DATA,CANNOT_CALCULATE_WITHOUT_CURRENT_SKILLS,Employee-level current skill data unavailable,Career Development and Skill Assessment
1852,29,Research & Development,Laboratory Technician,3812,0.03238631923577297,LOW,,,NOT_AVAILABLE_IN_SOURCE_DATA,CANNOT_CALCULATE_WITHOUT_CURRENT_SKILLS,Employee-level current skill data unavailable,Continue Development and Monitor Progress
1853,32,Sales,Sales Executive,4648,0.4016845228046557,MEDIUM,33.47861286320169,LOW,NOT_AVAILABLE_IN_SOURCE_DATA,CANNOT_CALCULATE_WITHOUT_CURRENT_SKILLS,Employee-level current skill data unavailable,Engagement Improvement + Upskilling Discussion
1854,42,Research & Development,Research Scientist,2936,0.016495304610240805,LOW,,,NOT_AVAILABLE_IN_SOURCE_DATA,CANNOT_CALCULATE_WITHOUT_CURRENT_SKILLS,Employee-level current skill data unavailable,Continue Development and Monitor Progress
1856,47,Research & Development,Laboratory Technician,2105,0.21988874618738213,LOW,,,NOT_AVAILABLE_IN_SOURCE_DATA,CANNOT_CALCULATE_WITHOUT_CURRENT_SKILLS,Employee-level current skill data unavailable,Continue Development and Monitor Progress
1857,46,Research & Development,Manufacturing Director,8578,0.002380991656920362,LOW,,,NOT_AVAILABLE_IN_SOURCE_DATA,CANNOT_CALCULATE_WITHOUT_CURRENT_SKILLS,Employee-level current skill data unavailable,Continue Development and Monitor Progress
1858,28,Human Resources,Human Resources,2706,0.01691333848054024,LOW,,,NOT_AVAILABLE_IN_SOURCE_DATA,CANNOT_CALCULATE_WITHOUT_CURRENT_SKILLS,Employee-level current skill data unavailable,Continue Development and Monitor Progress
1859,29,Research & Development,Healthcare Representative,6384,0.0707328287057021,LOW,,,NOT_AVAILABLE_IN_SOURCE_DATA,CANNOT_CALCULATE_WITHOUT_CURRENT_SKILLS,Employee-level current skill data unavailable,Continue Development and Monitor Progress
1860,42,Research & Development,Laboratory Technician,3968,0.08159484708011044,LOW,,,NOT_AVAILABLE_IN_SOURCE_DATA,CANNOT_CALCULATE_WITHOUT_CURRENT_SKILLS,Employee-level current skill data unavailable,Continue Development and Monitor Progress
1862,32,Sales,Sales Executive,9907,0.8794714896720502,HIGH,33.47861286320169,LOW,NOT_AVAILABLE_IN_SOURCE_DATA,CANNOT_CALCULATE_WITHOUT_CURRENT_SKILLS,Employee-level current skill data unavailable,Retention Review + Targeted Development Plan
1863,46,Sales,Sales Executive,13225,0.0025544635820734986,LOW,33.47861286320169,LOW,NOT_AVAILABLE_IN_SOURCE_DATA,CANNOT_CALCULATE_WITHOUT_CURRENT_SKILLS,Employee-level current skill data unavailable,Engagement Improvement + Upskilling Discussion
1864,27,Sales,Sales Representative,3540,0.10044905410807059,LOW,33.47861286320169,LOW,NOT_AVAILABLE_IN_SOURCE_DATA,CANNOT_CALCULATE_WITHOUT_CURRENT_SKILLS,Employee-level current skill data unavailable,Engagement Improvement + Upskilling Discussion
1865,29,Human Resources,Human Resources,2804,0.08835616317347382,LOW,,,NOT_AVAILABLE_IN_SOURCE_DATA,CANNOT_CALCULATE_WITHOUT_CURRENT_SKILLS,Employee-level current skill data unavailable,Continue Development and Monitor Progress
1866,43,Research & Development,Manager,19392,0.01624860997111751,LOW,,,NOT_AVAILABLE_IN_SOURCE_DATA,CANNOT_CALCULATE_WITHOUT_CURRENT_SKILLS,Employee-level current skill data unavailable,Continue Development and Monitor Progress
1867,48,Research & Development,Research Director,19665,0.008125549531325865,LOW,,,NOT_AVAILABLE_IN_SOURCE_DATA,CANNOT_CALCULATE_WITHOUT_CURRENT_SKILLS,Employee-level current skill data unavailable,Continue Development and Monitor Progress
1868,29,Research & Development,Research Scientist,2439,0.8139253922119348,HIGH,,,NOT_AVAILABLE_IN_SOURCE_DATA,CANNOT_CALCULATE_WITHOUT_CURRENT_SKILLS,Employee-level current skill data unavailable,Retention Review + Targeted Development Plan
1869,46,Sales,Sales Executive,7314,0.0058866016696766795,LOW,33.47861286320169,LOW,NOT_AVAILABLE_IN_SOURCE_DATA,CANNOT_CALCULATE_WITHOUT_CURRENT_SKILLS,Employee-level current skill data unavailable,Engagement Improvement + Upskilling Discussion
1870,27,Research & Development,Research Scientist,4774,0.15760671471728496,LOW,,,NOT_AVAILABLE_IN_SOURCE_DATA,CANNOT_CALCULATE_WITHOUT_CURRENT_SKILLS,Employee-level current skill data unavailable,Continue Development and Monitor Progress
1871,39,Research & Development,Research Scientist,3902,0.016571173063287637,LOW,,,NOT_AVAILABLE_IN_SOURCE_DATA,CANNOT_CALCULATE_WITHOUT_CURRENT_SKILLS,Employee-level current skill data unavailable,Continue Development and Monitor Progress
1873,55,Research & Development,Research Scientist,2662,0.013065777799921541,LOW,,,NOT_AVAILABLE_IN_SOURCE_DATA,CANNOT_CALCULATE_WITHOUT_CURRENT_SKILLS,Employee-level current skill data unavailable,Continue Development and Monitor Progress
1875,28,Sales,Sales Representative,2856,0.11287481656698287,LOW,33.47861286320169,LOW,NOT_AVAILABLE_IN_SOURCE_DATA,CANNOT_CALCULATE_WITHOUT_CURRENT_SKILLS,Employee-level current skill data unavailable,Engagement Improvement + Upskilling Discussion
1876,30,Sales,Sales Representative,1081,0.3960756232856571,LOW,33.47861286320169,LOW,NOT_AVAILABLE_IN_SOURCE_DATA,CANNOT_CALCULATE_WITHOUT_CURRENT_SKILLS,Employee-level current skill data unavailable,Engagement Improvement + Upskilling Discussion
1878,22,Research & Development,Research Scientist,2472,0.5406902625921717,MEDIUM,,,NOT_AVAILABLE_IN_SOURCE_DATA,CANNOT_CALCULATE_WITHOUT_CURRENT_SKILLS,Employee-level current skill data unavailable,Career Development and Skill Assessment
1880,36,Sales,Sales Executive,5673,0.21057273729568166,LOW,33.47861286320169,LOW,NOT_AVAILABLE_IN_SOURCE_DATA,CANNOT_CALCULATE_WITHOUT_CURRENT_SKILLS,Employee-level current skill data unavailable,Engagement Improvement + Upskilling Discussion
1881,31,Research & Development,Laboratory Technician,4197,0.12858030780717783,LOW,,,NOT_AVAILABLE_IN_SOURCE_DATA,CANNOT_CALCULATE_WITHOUT_CURRENT_SKILLS,Employee-level current skill data unavailable,Continue Development and Monitor Progress
1882,34,Sales,Sales Executive,9713,0.05554200836743826,LOW,33.47861286320169,LOW,NOT_AVAILABLE_IN_SOURCE_DATA,CANNOT_CALCULATE_WITHOUT_CURRENT_SKILLS,Employee-level current skill data unavailable,Engagement Improvement + Upskilling Discussion
1883,29,Research & Development,Laboratory Technician,2062,0.2772187695163318,LOW,,,NOT_AVAILABLE_IN_SOURCE_DATA,CANNOT_CALCULATE_WITHOUT_CURRENT_SKILLS,Employee-level current skill data unavailable,Continue Development and Monitor Progress
1885,37,Research & Development,Research Scientist,4284,0.06704872708476413,LOW,,,NOT_AVAILABLE_IN_SOURCE_DATA,CANNOT_CALCULATE_WITHOUT_CURRENT_SKILLS,Employee-level current skill data unavailable,Continue Development and Monitor Progress
1886,35,Research & Development,Manufacturing Director,4788,0.0835433279191658,LOW,,,NOT_AVAILABLE_IN_SOURCE_DATA,CANNOT_CALCULATE_WITHOUT_CURRENT_SKILLS,Employee-level current skill data unavailable,Continue Development and Monitor Progress
1888,45,Research & Development,Manufacturing Director,5906,0.007628626505909692,LOW,,,NOT_AVAILABLE_IN_SOURCE_DATA,CANNOT_CALCULATE_WITHOUT_CURRENT_SKILLS,Employee-level current skill data unavailable,Continue Development and Monitor Progress
1890,36,Human Resources,Human Resources,3886,0.2784043508991034,LOW,,,NOT_AVAILABLE_IN_SOURCE_DATA,CANNOT_CALCULATE_WITHOUT_CURRENT_SKILLS,Employee-level current skill data unavailable,Continue Development and Monitor Progress
1892,40,Research & Development,Manager,16823,0.04447411136167325,LOW,,,NOT_AVAILABLE_IN_SOURCE_DATA,CANNOT_CALCULATE_WITHOUT_CURRENT_SKILLS,Employee-level current skill data unavailable,Continue Development and Monitor Progress
1893,26,Research & Development,Research Scientist,2933,0.3608090105127955,LOW,,,NOT_AVAILABLE_IN_SOURCE_DATA,CANNOT_CALCULATE_WITHOUT_CURRENT_SKILLS,Employee-level current skill data unavailable,Continue Development and Monitor Progress
1898,27,Sales,Sales Executive,6500,0.026662925413767222,LOW,33.47861286320169,LOW,NOT_AVAILABLE_IN_SOURCE_DATA,CANNOT_CALCULATE_WITHOUT_CURRENT_SKILLS,Employee-level current skill data unavailable,Engagement Improvement + Upskilling Discussion
1900,48,Research & Development,Manager,17174,0.0026224149827871928,LOW,,,NOT_AVAILABLE_IN_SOURCE_DATA,CANNOT_CALCULATE_WITHOUT_CURRENT_SKILLS,Employee-level current skill data unavailable,Continue Development and Monitor Progress
1903,44,Research & Development,Healthcare Representative,5033,0.007472885718076246,LOW,,,NOT_AVAILABLE_IN_SOURCE_DATA,CANNOT_CALCULATE_WITHOUT_CURRENT_SKILLS,Employee-level current skill data unavailable,Continue Development and Monitor Progress
1905,34,Research & Development,Research Scientist,2307,0.4756479180588427,MEDIUM,,,NOT_AVAILABLE_IN_SOURCE_DATA,CANNOT_CALCULATE_WITHOUT_CURRENT_SKILLS,Employee-level current skill data unavailable,Career Development and Skill Assessment
1907,56,Research & Development,Laboratory Technician,2587,0.16072396351070903,LOW,,,NOT_AVAILABLE_IN_SOURCE_DATA,CANNOT_CALCULATE_WITHOUT_CURRENT_SKILLS,Employee-level current skill data unavailable,Continue Development and Monitor Progress
1908,36,Sales,Sales Executive,5507,0.19151543240182375,LOW,33.47861286320169,LOW,NOT_AVAILABLE_IN_SOURCE_DATA,CANNOT_CALCULATE_WITHOUT_CURRENT_SKILLS,Employee-level current skill data unavailable,Engagement Improvement + Upskilling Discussion
1909,41,Sales,Sales Executive,4393,0.026749793091954858,LOW,33.47861286320169,LOW,NOT_AVAILABLE_IN_SOURCE_DATA,CANNOT_CALCULATE_WITHOUT_CURRENT_SKILLS,Employee-level current skill data unavailable,Engagement Improvement + Upskilling Discussion
1911,42,Research & Development,Research Director,13348,0.0128251713976264,LOW,,,NOT_AVAILABLE_IN_SOURCE_DATA,CANNOT_CALCULATE_WITHOUT_CURRENT_SKILLS,Employee-level current skill data unavailable,Continue Development and Monitor Progress
1912,31,Sales,Sales Executive,6583,0.07527149511161954,LOW,33.47861286320169,LOW,NOT_AVAILABLE_IN_SOURCE_DATA,CANNOT_CALCULATE_WITHOUT_CURRENT_SKILLS,Employee-level current skill data unavailable,Engagement Improvement + Upskilling Discussion
1915,34,Sales,Sales Executive,8103,0.14801265515487474,LOW,33.47861286320169,LOW,NOT_AVAILABLE_IN_SOURCE_DATA,CANNOT_CALCULATE_WITHOUT_CURRENT_SKILLS,Employee-level current skill data unavailable,Engagement Improvement + Upskilling Discussion
1916,31,Research & Development,Laboratory Technician,3978,0.36077973217930126,LOW,,,NOT_AVAILABLE_IN_SOURCE_DATA,CANNOT_CALCULATE_WITHOUT_CURRENT_SKILLS,Employee-level current skill data unavailable,Continue Development and Monitor Progress
1918,26,Research & Development,Laboratory Technician,2544,0.044108446428804245,LOW,,,NOT_AVAILABLE_IN_SOURCE_DATA,CANNOT_CALCULATE_WITHOUT_CURRENT_SKILLS,Employee-level current skill data unavailable,Continue Development and Monitor Progress
1922,45,Research & Development,Healthcare Representative,5399,0.03918641774038905,LOW,,,NOT_AVAILABLE_IN_SOURCE_DATA,CANNOT_CALCULATE_WITHOUT_CURRENT_SKILLS,Employee-level current skill data unavailable,Continue Development and Monitor Progress
1924,33,Sales,Sales Executive,5487,0.1310217788908569,LOW,33.47861286320169,LOW,NOT_AVAILABLE_IN_SOURCE_DATA,CANNOT_CALCULATE_WITHOUT_CURRENT_SKILLS,Employee-level current skill data unavailable,Engagement Improvement + Upskilling Discussion
1927,28,Sales,Sales Executive,6834,0.16417140040054093,LOW,33.47861286320169,LOW,NOT_AVAILABLE_IN_SOURCE_DATA,CANNOT_CALCULATE_WITHOUT_CURRENT_SKILLS,Employee-level current skill data unavailable,Engagement Improvement + Upskilling Discussion
1928,29,Sales,Sales Representative,1091,0.7973643216343229,HIGH,33.47861286320169,LOW,NOT_AVAILABLE_IN_SOURCE_DATA,CANNOT_CALCULATE_WITHOUT_CURRENT_SKILLS,Employee-level current skill data unavailable,Retention Review + Targeted Development Plan
1929,39,Sales,Sales Executive,5736,0.19566389153541855,LOW,33.47861286320169,LOW,NOT_AVAILABLE_IN_SOURCE_DATA,CANNOT_CALCULATE_WITHOUT_CURRENT_SKILLS,Employee-level current skill data unavailable,Engagement Improvement + Upskilling Discussion
1931,27,Research & Development,Research Scientist,2226,0.08075490048892563,LOW,,,NOT_AVAILABLE_IN_SOURCE_DATA,CANNOT_CALCULATE_WITHOUT_CURRENT_SKILLS,Employee-level current skill data unavailable,Continue Development and Monitor Progress
1932,34,Research & Development,Research Scientist,5747,0.13867176421913688,LOW,,,NOT_AVAILABLE_IN_SOURCE_DATA,CANNOT_CALCULATE_WITHOUT_CURRENT_SKILLS,Employee-level current skill data unavailable,Continue Development and Monitor Progress
1933,28,Sales,Sales Executive,9854,0.5815539767275463,MEDIUM,33.47861286320169,LOW,NOT_AVAILABLE_IN_SOURCE_DATA,CANNOT_CALCULATE_WITHOUT_CURRENT_SKILLS,Employee-level current skill data unavailable,Engagement Improvement + Upskilling Discussion
1934,47,Research & Development,Research Scientist,5467,0.004883909482602387,LOW,,,NOT_AVAILABLE_IN_SOURCE_DATA,CANNOT_CALCULATE_WITHOUT_CURRENT_SKILLS,Employee-level current skill data unavailable,Continue Development and Monitor Progress
1935,56,Sales,Sales Executive,5380,0.06266956781645538,LOW,33.47861286320169,LOW,NOT_AVAILABLE_IN_SOURCE_DATA,CANNOT_CALCULATE_WITHOUT_CURRENT_SKILLS,Employee-level current skill data unavailable,Engagement Improvement + Upskilling Discussion
1936,39,Research & Development,Manufacturing Director,5151,0.04843332379265824,LOW,,,NOT_AVAILABLE_IN_SOURCE_DATA,CANNOT_CALCULATE_WITHOUT_CURRENT_SKILLS,Employee-level current skill data unavailable,Continue Development and Monitor Progress
1937,38,Research & Development,Research Scientist,2133,0.02335680358508132,LOW,,,NOT_AVAILABLE_IN_SOURCE_DATA,CANNOT_CALCULATE_WITHOUT_CURRENT_SKILLS,Employee-level current skill data unavailable,Continue Development and Monitor Progress
1938,58,Sales,Manager,17875,0.036601523277505876,LOW,33.47861286320169,LOW,NOT_AVAILABLE_IN_SOURCE_DATA,CANNOT_CALCULATE_WITHOUT_CURRENT_SKILLS,Employee-level current skill data unavailable,Engagement Improvement + Upskilling Discussion
1939,32,Research & Development,Research Scientist,2432,0.5855373372924484,MEDIUM,,,NOT_AVAILABLE_IN_SOURCE_DATA,CANNOT_CALCULATE_WITHOUT_CURRENT_SKILLS,Employee-level current skill data unavailable,Career Development and Skill Assessment
1940,38,Research & Development,Research Scientist,4771,0.00441032162544369,LOW,,,NOT_AVAILABLE_IN_SOURCE_DATA,CANNOT_CALCULATE_WITHOUT_CURRENT_SKILLS,Employee-level current skill data unavailable,Continue Development and Monitor Progress
1941,49,Research & Development,Research Director,19161,0.004099221291188741,LOW,,,NOT_AVAILABLE_IN_SOURCE_DATA,CANNOT_CALCULATE_WITHOUT_CURRENT_SKILLS,Employee-level current skill data unavailable,Continue Development and Monitor Progress
1943,42,Sales,Sales Executive,5087,0.12838789999679007,LOW,33.47861286320169,LOW,NOT_AVAILABLE_IN_SOURCE_DATA,CANNOT_CALCULATE_WITHOUT_CURRENT_SKILLS,Employee-level current skill data unavailable,Engagement Improvement + Upskilling Discussion
1944,27,Human Resources,Human Resources,2863,0.909294213156942,HIGH,,,NOT_AVAILABLE_IN_SOURCE_DATA,CANNOT_CALCULATE_WITHOUT_CURRENT_SKILLS,Employee-level current skill data unavailable,Retention Review + Targeted Development Plan
1945,35,Sales,Sales Executive,5561,0.12747861694396928,LOW,33.47861286320169,LOW,NOT_AVAILABLE_IN_SOURCE_DATA,CANNOT_CALCULATE_WITHOUT_CURRENT_SKILLS,Employee-level current skill data unavailable,Engagement Improvement + Upskilling Discussion
1947,28,Research & Development,Research Scientist,2144,0.03186012921861075,LOW,,,NOT_AVAILABLE_IN_SOURCE_DATA,CANNOT_CALCULATE_WITHOUT_CURRENT_SKILLS,Employee-level current skill data unavailable,Continue Development and Monitor Progress
1948,31,Research & Development,Research Scientist,3065,0.03277014653659597,LOW,,,NOT_AVAILABLE_IN_SOURCE_DATA,CANNOT_CALCULATE_WITHOUT_CURRENT_SKILLS,Employee-level current skill data unavailable,Continue Development and Monitor Progress
1949,36,Research & Development,Laboratory Technician,2810,0.046156637000028485,LOW,,,NOT_AVAILABLE_IN_SOURCE_DATA,CANNOT_CALCULATE_WITHOUT_CURRENT_SKILLS,Employee-level current skill data unavailable,Continue Development and Monitor Progress
1950,34,Sales,Sales Executive,9888,0.16603354999133088,LOW,33.47861286320169,LOW,NOT_AVAILABLE_IN_SOURCE_DATA,CANNOT_CALCULATE_WITHOUT_CURRENT_SKILLS,Employee-level current skill data unavailable,Engagement Improvement + Upskilling Discussion
1951,34,Sales,Sales Executive,8628,0.0229066746806565,LOW,33.47861286320169,LOW,NOT_AVAILABLE_IN_SOURCE_DATA,CANNOT_CALCULATE_WITHOUT_CURRENT_SKILLS,Employee-level current skill data unavailable,Engagement Improvement + Upskilling Discussion
1952,26,Research & Development,Laboratory Technician,2867,0.14743336382984318,LOW,,,NOT_AVAILABLE_IN_SOURCE_DATA,CANNOT_CALCULATE_WITHOUT_CURRENT_SKILLS,Employee-level current skill data unavailable,Continue Development and Monitor Progress
1954,29,Research & Development,Healthcare Representative,5373,0.06321344245133703,LOW,,,NOT_AVAILABLE_IN_SOURCE_DATA,CANNOT_CALCULATE_WITHOUT_CURRENT_SKILLS,Employee-level current skill data unavailable,Continue Development and Monitor Progress
1955,32,Research & Development,Healthcare Representative,6667,0.0038558876578537963,LOW,,,NOT_AVAILABLE_IN_SOURCE_DATA,CANNOT_CALCULATE_WITHOUT_CURRENT_SKILLS,Employee-level current skill data unavailable,Continue Development and Monitor Progress
1956,31,Research & Development,Research Scientist,5003,0.12383470960979083,LOW,,,NOT_AVAILABLE_IN_SOURCE_DATA,CANNOT_CALCULATE_WITHOUT_CURRENT_SKILLS,Employee-level current skill data unavailable,Continue Development and Monitor Progress
1960,28,Research & Development,Laboratory Technician,2367,0.5031287033857326,MEDIUM,,,NOT_AVAILABLE_IN_SOURCE_DATA,CANNOT_CALCULATE_WITHOUT_CURRENT_SKILLS,Employee-level current skill data unavailable,Career Development and Skill Assessment
1961,38,Sales,Sales Representative,2858,0.7136567662047145,HIGH,33.47861286320169,LOW,NOT_AVAILABLE_IN_SOURCE_DATA,CANNOT_CALCULATE_WITHOUT_CURRENT_SKILLS,Employee-level current skill data unavailable,Retention Review + Targeted Development Plan
1962,35,Sales,Sales Executive,5204,0.02477540584590809,LOW,33.47861286320169,LOW,NOT_AVAILABLE_IN_SOURCE_DATA,CANNOT_CALCULATE_WITHOUT_CURRENT_SKILLS,Employee-level current skill data unavailable,Engagement Improvement + Upskilling Discussion
1965,27,Sales,Sales Executive,4105,0.031385117904175086,LOW,33.47861286320169,LOW,NOT_AVAILABLE_IN_SOURCE_DATA,CANNOT_CALCULATE_WITHOUT_CURRENT_SKILLS,Employee-level current skill data unavailable,Engagement Improvement + Upskilling Discussion
1966,32,Research & Development,Manufacturing Director,9679,0.13390198349602178,LOW,,,NOT_AVAILABLE_IN_SOURCE_DATA,CANNOT_CALCULATE_WITHOUT_CURRENT_SKILLS,Employee-level current skill data unavailable,Continue Development and Monitor Progress
1967,31,Sales,Sales Executive,5617,0.4774029655158063,MEDIUM,33.47861286320169,LOW,NOT_AVAILABLE_IN_SOURCE_DATA,CANNOT_CALCULATE_WITHOUT_CURRENT_SKILLS,Employee-level current skill data unavailable,Engagement Improvement + Upskilling Discussion
1968,53,Sales,Sales Executive,10448,0.9205678916809567,HIGH,33.47861286320169,LOW,NOT_AVAILABLE_IN_SOURCE_DATA,CANNOT_CALCULATE_WITHOUT_CURRENT_SKILLS,Employee-level current skill data unavailable,Retention Review + Targeted Development Plan
1969,54,Research & Development,Research Scientist,2897,0.011962707054571519,LOW,,,NOT_AVAILABLE_IN_SOURCE_DATA,CANNOT_CALCULATE_WITHOUT_CURRENT_SKILLS,Employee-level current skill data unavailable,Continue Development and Monitor Progress
1970,33,Research & Development,Healthcare Representative,5968,0.002936406860669704,LOW,,,NOT_AVAILABLE_IN_SOURCE_DATA,CANNOT_CALCULATE_WITHOUT_CURRENT_SKILLS,Employee-level current skill data unavailable,Continue Development and Monitor Progress
1971,43,Research & Development,Healthcare Representative,7510,0.006887786443661101,LOW,,,NOT_AVAILABLE_IN_SOURCE_DATA,CANNOT_CALCULATE_WITHOUT_CURRENT_SKILLS,Employee-level current skill data unavailable,Continue Development and Monitor Progress
1972,38,Human Resources,Human Resources,2991,0.1781573272523945,LOW,,,NOT_AVAILABLE_IN_SOURCE_DATA,CANNOT_CALCULATE_WITHOUT_CURRENT_SKILLS,Employee-level current skill data unavailable,Continue Development and Monitor Progress
1973,55,Human Resources,Manager,19636,0.09238919079586982,LOW,,,NOT_AVAILABLE_IN_SOURCE_DATA,CANNOT_CALCULATE_WITHOUT_CURRENT_SKILLS,Employee-level current skill data unavailable,Continue Development and Monitor Progress
1974,31,Research & Development,Laboratory Technician,1129,0.13256788899509042,LOW,,,NOT_AVAILABLE_IN_SOURCE_DATA,CANNOT_CALCULATE_WITHOUT_CURRENT_SKILLS,Employee-level current skill data unavailable,Continue Development and Monitor Progress
1975,39,Sales,Sales Executive,13341,0.3778968816334547,LOW,33.47861286320169,LOW,NOT_AVAILABLE_IN_SOURCE_DATA,CANNOT_CALCULATE_WITHOUT_CURRENT_SKILLS,Employee-level current skill data unavailable,Engagement Improvement + Upskilling Discussion
1976,42,Research & Development,Research Scientist,4332,0.006871690720455226,LOW,,,NOT_AVAILABLE_IN_SOURCE_DATA,CANNOT_CALCULATE_WITHOUT_CURRENT_SKILLS,Employee-level current skill data unavailable,Continue Development and Monitor Progress
1979,31,Research & Development,Research Director,11031,0.0011275028814547484,LOW,,,NOT_AVAILABLE_IN_SOURCE_DATA,CANNOT_CALCULATE_WITHOUT_CURRENT_SKILLS,Employee-level current skill data unavailable,Continue Development and Monitor Progress
1980,54,Research & Development,Manufacturing Director,4440,0.167838094797184,LOW,,,NOT_AVAILABLE_IN_SOURCE_DATA,CANNOT_CALCULATE_WITHOUT_CURRENT_SKILLS,Employee-level current skill data unavailable,Continue Development and Monitor Progress
1981,24,Research & Development,Healthcare Representative,4617,0.1928113749559777,LOW,,,NOT_AVAILABLE_IN_SOURCE_DATA,CANNOT_CALCULATE_WITHOUT_CURRENT_SKILLS,Employee-level current skill data unavailable,Continue Development and Monitor Progress
1982,23,Research & Development,Laboratory Technician,2647,0.02675762941009232,LOW,,,NOT_AVAILABLE_IN_SOURCE_DATA,CANNOT_CALCULATE_WITHOUT_CURRENT_SKILLS,Employee-level current skill data unavailable,Continue Development and Monitor Progress
1985,40,Research & Development,Laboratory Technician,6323,0.16042630376527484,LOW,,,NOT_AVAILABLE_IN_SOURCE_DATA,CANNOT_CALCULATE_WITHOUT_CURRENT_SKILLS,Employee-level current skill data unavailable,Continue Development and Monitor Progress
1986,40,Sales,Sales Executive,5677,0.016234077007171128,LOW,33.47861286320169,LOW,NOT_AVAILABLE_IN_SOURCE_DATA,CANNOT_CALCULATE_WITHOUT_CURRENT_SKILLS,Employee-level current skill data unavailable,Engagement Improvement + Upskilling Discussion
1987,25,Human Resources,Human Resources,2187,0.20907052628708067,LOW,,,NOT_AVAILABLE_IN_SOURCE_DATA,CANNOT_CALCULATE_WITHOUT_CURRENT_SKILLS,Employee-level current skill data unavailable,Continue Development and Monitor Progress
1989,30,Research & Development,Laboratory Technician,3748,0.011723424178481955,LOW,,,NOT_AVAILABLE_IN_SOURCE_DATA,CANNOT_CALCULATE_WITHOUT_CURRENT_SKILLS,Employee-level current skill data unavailable,Continue Development and Monitor Progress
1992,25,Research & Development,Laboratory Technician,3977,0.2578720893603193,LOW,,,NOT_AVAILABLE_IN_SOURCE_DATA,CANNOT_CALCULATE_WITHOUT_CURRENT_SKILLS,Employee-level current skill data unavailable,Continue Development and Monitor Progress
1993,47,Research & Development,Healthcare Representative,8633,0.03463733159209793,LOW,,,NOT_AVAILABLE_IN_SOURCE_DATA,CANNOT_CALCULATE_WITHOUT_CURRENT_SKILLS,Employee-level current skill data unavailable,Continue Development and Monitor Progress
1994,33,Research & Development,Laboratory Technician,2008,0.03966679083815442,LOW,,,NOT_AVAILABLE_IN_SOURCE_DATA,CANNOT_CALCULATE_WITHOUT_CURRENT_SKILLS,Employee-level current skill data unavailable,Continue Development and Monitor Progress
1995,38,Sales,Sales Executive,4440,0.004721412543613903,LOW,33.47861286320169,LOW,NOT_AVAILABLE_IN_SOURCE_DATA,CANNOT_CALCULATE_WITHOUT_CURRENT_SKILLS,Employee-level current skill data unavailable,Engagement Improvement + Upskilling Discussion
1996,31,Sales,Sales Representative,3067,0.15955214485913816,LOW,33.47861286320169,LOW,NOT_AVAILABLE_IN_SOURCE_DATA,CANNOT_CALCULATE_WITHOUT_CURRENT_SKILLS,Employee-level current skill data unavailable,Engagement Improvement + Upskilling Discussion
1997,38,Research & Development,Manufacturing Director,5321,0.1642008349313683,LOW,,,NOT_AVAILABLE_IN_SOURCE_DATA,CANNOT_CALCULATE_WITHOUT_CURRENT_SKILLS,Employee-level current skill data unavailable,Continue Development and Monitor Progress
1998,42,Research & Development,Research Scientist,5410,0.2969236650399211,LOW,,,NOT_AVAILABLE_IN_SOURCE_DATA,CANNOT_CALCULATE_WITHOUT_CURRENT_SKILLS,Employee-level current skill data unavailable,Continue Development and Monitor Progress
1999,41,Research & Development,Research Scientist,2782,0.005867364477324218,LOW,,,NOT_AVAILABLE_IN_SOURCE_DATA,CANNOT_CALCULATE_WITHOUT_CURRENT_SKILLS,Employee-level current skill data unavailable,Continue Development and Monitor Progress
2000,47,Research & Development,Research Director,11957,0.0006185450996574973,LOW,,,NOT_AVAILABLE_IN_SOURCE_DATA,CANNOT_CALCULATE_WITHOUT_CURRENT_SKILLS,Employee-level current skill data unavailable,Continue Development and Monitor Progress
2003,35,Research & Development,Laboratory Technician,2660,0.4268424942798397,MEDIUM,,,NOT_AVAILABLE_IN_SOURCE_DATA,CANNOT_CALCULATE_WITHOUT_CURRENT_SKILLS,Employee-level current skill data unavailable,Career Development and Skill Assessment
2007,22,Research & Development,Research Scientist,3375,0.018560435013143424,LOW,,,NOT_AVAILABLE_IN_SOURCE_DATA,CANNOT_CALCULATE_WITHOUT_CURRENT_SKILLS,Employee-level current skill data unavailable,Continue Development and Monitor Progress
2008,35,Research & Development,Research Scientist,5098,0.013063493313716885,LOW,,,NOT_AVAILABLE_IN_SOURCE_DATA,CANNOT_CALCULATE_WITHOUT_CURRENT_SKILLS,Employee-level current skill data unavailable,Continue Development and Monitor Progress
2009,33,Research & Development,Healthcare Representative,4878,0.11004733292251577,LOW,,,NOT_AVAILABLE_IN_SOURCE_DATA,CANNOT_CALCULATE_WITHOUT_CURRENT_SKILLS,Employee-level current skill data unavailable,Continue Development and Monitor Progress
2010,32,Research & Development,Laboratory Technician,2837,0.6171778620975791,MEDIUM,,,NOT_AVAILABLE_IN_SOURCE_DATA,CANNOT_CALCULATE_WITHOUT_CURRENT_SKILLS,Employee-level current skill data unavailable,Career Development and Skill Assessment
2012,40,Research & Development,Laboratory Technician,2406,0.15156308964021253,LOW,,,NOT_AVAILABLE_IN_SOURCE_DATA,CANNOT_CALCULATE_WITHOUT_CURRENT_SKILLS,Employee-level current skill data unavailable,Continue Development and Monitor Progress
2013,32,Sales,Sales Representative,2269,0.25443436177532824,LOW,33.47861286320169,LOW,NOT_AVAILABLE_IN_SOURCE_DATA,CANNOT_CALCULATE_WITHOUT_CURRENT_SKILLS,Employee-level current skill data unavailable,Engagement Improvement + Upskilling Discussion
2014,39,Research & Development,Research Scientist,4108,0.13396006201081836,LOW,,,NOT_AVAILABLE_IN_SOURCE_DATA,CANNOT_CALCULATE_WITHOUT_CURRENT_SKILLS,Employee-level current skill data unavailable,Continue Development and Monitor Progress
2015,38,Research & Development,Research Director,13206,0.0023263005698411577,LOW,,,NOT_AVAILABLE_IN_SOURCE_DATA,CANNOT_CALCULATE_WITHOUT_CURRENT_SKILLS,Employee-level current skill data unavailable,Continue Development and Monitor Progress
2016,32,Sales,Sales Executive,10422,0.004710607462848658,LOW,33.47861286320169,LOW,NOT_AVAILABLE_IN_SOURCE_DATA,CANNOT_CALCULATE_WITHOUT_CURRENT_SKILLS,Employee-level current skill data unavailable,Engagement Improvement + Upskilling Discussion
2017,37,Research & Development,Research Director,13744,0.007216063724204037,LOW,,,NOT_AVAILABLE_IN_SOURCE_DATA,CANNOT_CALCULATE_WITHOUT_CURRENT_SKILLS,Employee-level current skill data unavailable,Continue Development and Monitor Progress
2018,25,Sales,Sales Executive,4907,0.2092168734388643,LOW,33.47861286320169,LOW,NOT_AVAILABLE_IN_SOURCE_DATA,CANNOT_CALCULATE_WITHOUT_CURRENT_SKILLS,Employee-level current skill data unavailable,Engagement Improvement + Upskilling Discussion
2019,52,Sales,Sales Representative,3482,0.02963426432206721,LOW,33.47861286320169,LOW,NOT_AVAILABLE_IN_SOURCE_DATA,CANNOT_CALCULATE_WITHOUT_CURRENT_SKILLS,Employee-level current skill data unavailable,Engagement Improvement + Upskilling Discussion
2020,44,Research & Development,Research Scientist,2436,0.23319671306134312,LOW,,,NOT_AVAILABLE_IN_SOURCE_DATA,CANNOT_CALCULATE_WITHOUT_CURRENT_SKILLS,Employee-level current skill data unavailable,Continue Development and Monitor Progress
2021,21,Sales,Sales Representative,2380,0.713450449410998,HIGH,33.47861286320169,LOW,NOT_AVAILABLE_IN_SOURCE_DATA,CANNOT_CALCULATE_WITHOUT_CURRENT_SKILLS,Employee-level current skill data unavailable,Retention Review + Targeted Development Plan
2022,39,Research & Development,Manager,19431,0.007799150016307026,LOW,,,NOT_AVAILABLE_IN_SOURCE_DATA,CANNOT_CALCULATE_WITHOUT_CURRENT_SKILLS,Employee-level current skill data unavailable,Continue Development and Monitor Progress
2023,23,Sales,Sales Representative,1790,0.7396780546617379,HIGH,33.47861286320169,LOW,NOT_AVAILABLE_IN_SOURCE_DATA,CANNOT_CALCULATE_WITHOUT_CURRENT_SKILLS,Employee-level current skill data unavailable,Retention Review + Targeted Development Plan
2024,36,Sales,Sales Executive,7644,0.017507540625920325,LOW,33.47861286320169,LOW,NOT_AVAILABLE_IN_SOURCE_DATA,CANNOT_CALCULATE_WITHOUT_CURRENT_SKILLS,Employee-level current skill data unavailable,Engagement Improvement + Upskilling Discussion
2025,36,Research & Development,Manufacturing Director,5131,0.014326287682056054,LOW,,,NOT_AVAILABLE_IN_SOURCE_DATA,CANNOT_CALCULATE_WITHOUT_CURRENT_SKILLS,Employee-level current skill data unavailable,Continue Development and Monitor Progress
2026,56,Research & Development,Healthcare Representative,6306,0.00037951164576644424,LOW,,,NOT_AVAILABLE_IN_SOURCE_DATA,CANNOT_CALCULATE_WITHOUT_CURRENT_SKILLS,Employee-level current skill data unavailable,Continue Development and Monitor Progress
2027,29,Research & Development,Research Scientist,4787,0.21454587011862508,LOW,,,NOT_AVAILABLE_IN_SOURCE_DATA,CANNOT_CALCULATE_WITHOUT_CURRENT_SKILLS,Employee-level current skill data unavailable,Continue Development and Monitor Progress
2031,42,Research & Development,Manager,18880,0.04116840190983841,LOW,,,NOT_AVAILABLE_IN_SOURCE_DATA,CANNOT_CALCULATE_WITHOUT_CURRENT_SKILLS,Employee-level current skill data unavailable,Continue Development and Monitor Progress
2032,56,Research & Development,Laboratory Technician,2339,0.07876313693855155,LOW,,,NOT_AVAILABLE_IN_SOURCE_DATA,CANNOT_CALCULATE_WITHOUT_CURRENT_SKILLS,Employee-level current skill data unavailable,Continue Development and Monitor Progress
2034,41,Research & Development,Manufacturing Director,13570,0.012115634090612141,LOW,,,NOT_AVAILABLE_IN_SOURCE_DATA,CANNOT_CALCULATE_WITHOUT_CURRENT_SKILLS,Employee-level current skill data unavailable,Continue Development and Monitor Progress
2035,34,Sales,Sales Executive,6712,0.016598910245024998,LOW,33.47861286320169,LOW,NOT_AVAILABLE_IN_SOURCE_DATA,CANNOT_CALCULATE_WITHOUT_CURRENT_SKILLS,Employee-level current skill data unavailable,Engagement Improvement + Upskilling Discussion
2036,36,Sales,Sales Executive,5406,0.027581183839146706,LOW,33.47861286320169,LOW,NOT_AVAILABLE_IN_SOURCE_DATA,CANNOT_CALCULATE_WITHOUT_CURRENT_SKILLS,Employee-level current skill data unavailable,Engagement Improvement + Upskilling Discussion
2037,41,Sales,Sales Executive,8938,0.01284535959571853,LOW,33.47861286320169,LOW,NOT_AVAILABLE_IN_SOURCE_DATA,CANNOT_CALCULATE_WITHOUT_CURRENT_SKILLS,Employee-level current skill data unavailable,Engagement Improvement + Upskilling Discussion
2038,32,Research & Development,Research Scientist,2439,0.05892325465149039,LOW,,,NOT_AVAILABLE_IN_SOURCE_DATA,CANNOT_CALCULATE_WITHOUT_CURRENT_SKILLS,Employee-level current skill data unavailable,Continue Development and Monitor Progress
2040,35,Human Resources,Human Resources,8837,0.39657805087444625,LOW,,,NOT_AVAILABLE_IN_SOURCE_DATA,CANNOT_CALCULATE_WITHOUT_CURRENT_SKILLS,Employee-level current skill data unavailable,Continue Development and Monitor Progress
2041,38,Sales,Sales Executive,5343,0.013757704724503226,LOW,33.47861286320169,LOW,NOT_AVAILABLE_IN_SOURCE_DATA,CANNOT_CALCULATE_WITHOUT_CURRENT_SKILLS,Employee-level current skill data unavailable,Engagement Improvement + Upskilling Discussion
2044,50,Sales,Sales Executive,6728,0.041392444945880284,LOW,33.47861286320169,LOW,NOT_AVAILABLE_IN_SOURCE_DATA,CANNOT_CALCULATE_WITHOUT_CURRENT_SKILLS,Employee-level current skill data unavailable,Engagement Improvement + Upskilling Discussion
2045,36,Sales,Sales Executive,6652,0.2190568623409702,LOW,33.47861286320169,LOW,NOT_AVAILABLE_IN_SOURCE_DATA,CANNOT_CALCULATE_WITHOUT_CURRENT_SKILLS,Employee-level current skill data unavailable,Engagement Improvement + Upskilling Discussion
2046,45,Sales,Sales Executive,4850,0.12995256968402885,LOW,33.47861286320169,LOW,NOT_AVAILABLE_IN_SOURCE_DATA,CANNOT_CALCULATE_WITHOUT_CURRENT_SKILLS,Employee-level current skill data unavailable,Engagement Improvement + Upskilling Discussion
2048,40,Research & Development,Research Scientist,2809,0.043075013779790575,LOW,,,NOT_AVAILABLE_IN_SOURCE_DATA,CANNOT_CALCULATE_WITHOUT_CURRENT_SKILLS,Employee-level current skill data unavailable,Continue Development and Monitor Progress
2049,35,Research & Development,Healthcare Representative,5689,0.0761332535321305,LOW,,,NOT_AVAILABLE_IN_SOURCE_DATA,CANNOT_CALCULATE_WITHOUT_CURRENT_SKILLS,Employee-level current skill data unavailable,Continue Development and Monitor Progress
2051,40,Research & Development,Research Scientist,2001,0.0015059517725398979,LOW,,,NOT_AVAILABLE_IN_SOURCE_DATA,CANNOT_CALCULATE_WITHOUT_CURRENT_SKILLS,Employee-level current skill data unavailable,Continue Development and Monitor Progress
2052,35,Research & Development,Research Scientist,2977,0.010074775215375321,LOW,,,NOT_AVAILABLE_IN_SOURCE_DATA,CANNOT_CALCULATE_WITHOUT_CURRENT_SKILLS,Employee-level current skill data unavailable,Continue Development and Monitor Progress
2053,29,Research & Development,Laboratory Technician,4025,0.49665510952495073,MEDIUM,,,NOT_AVAILABLE_IN_SOURCE_DATA,CANNOT_CALCULATE_WITHOUT_CURRENT_SKILLS,Employee-level current skill data unavailable,Career Development and Skill Assessment
2054,29,Research & Development,Research Scientist,3785,0.2562193123572095,LOW,,,NOT_AVAILABLE_IN_SOURCE_DATA,CANNOT_CALCULATE_WITHOUT_CURRENT_SKILLS,Employee-level current skill data unavailable,Continue Development and Monitor Progress
2055,50,Sales,Sales Executive,10854,0.5145441586372144,MEDIUM,33.47861286320169,LOW,NOT_AVAILABLE_IN_SOURCE_DATA,CANNOT_CALCULATE_WITHOUT_CURRENT_SKILLS,Employee-level current skill data unavailable,Engagement Improvement + Upskilling Discussion
2056,39,Sales,Sales Executive,12031,0.18944427847915402,LOW,33.47861286320169,LOW,NOT_AVAILABLE_IN_SOURCE_DATA,CANNOT_CALCULATE_WITHOUT_CURRENT_SKILLS,Employee-level current skill data unavailable,Engagement Improvement + Upskilling Discussion
2057,31,Research & Development,Manufacturing Director,9936,0.018572220338901595,LOW,,,NOT_AVAILABLE_IN_SOURCE_DATA,CANNOT_CALCULATE_WITHOUT_CURRENT_SKILLS,Employee-level current skill data unavailable,Continue Development and Monitor Progress
2060,26,Sales,Sales Representative,2966,0.08563553523162547,LOW,33.47861286320169,LOW,NOT_AVAILABLE_IN_SOURCE_DATA,CANNOT_CALCULATE_WITHOUT_CURRENT_SKILLS,Employee-level current skill data unavailable,Engagement Improvement + Upskilling Discussion
2061,36,Research & Development,Laboratory Technician,2571,0.056172302345502724,LOW,,,NOT_AVAILABLE_IN_SOURCE_DATA,CANNOT_CALCULATE_WITHOUT_CURRENT_SKILLS,Employee-level current skill data unavailable,Continue Development and Monitor Progress
2062,39,Research & Development,Healthcare Representative,9991,0.011364877696500065,LOW,,,NOT_AVAILABLE_IN_SOURCE_DATA,CANNOT_CALCULATE_WITHOUT_CURRENT_SKILLS,Employee-level current skill data unavailable,Continue Development and Monitor Progress
2064,27,Research & Development,Manufacturing Director,6142,0.1697677546326657,LOW,,,NOT_AVAILABLE_IN_SOURCE_DATA,CANNOT_CALCULATE_WITHOUT_CURRENT_SKILLS,Employee-level current skill data unavailable,Continue Development and Monitor Progress
2065,49,Sales,Sales Executive,5390,0.01333256408604867,LOW,33.47861286320169,LOW,NOT_AVAILABLE_IN_SOURCE_DATA,CANNOT_CALCULATE_WITHOUT_CURRENT_SKILLS,Employee-level current skill data unavailable,Engagement Improvement + Upskilling Discussion
2068,34,Research & Development,Laboratory Technician,4404,0.07520599495193529,LOW,,,NOT_AVAILABLE_IN_SOURCE_DATA,CANNOT_CALCULATE_WITHOUT_CURRENT_SKILLS,Employee-level current skill data unavailable,Continue Development and Monitor Progress
